w,,,,,,,,,,,,
,Roster,,,,,,,,,Returning Rankers,,
,,,,,,,,,,,,
,,S,,,,,,,,,,
,Rank,Company,Position,Name,Discord ID,Roblox Profile Link,Points,Missing?,,Username,Disc ID,
,,,,,,,,,,,,
,D1. General de Brigade,"Grenadiers de Amiens ""Leipzig""",CO de Compagnie,dullqd,<@509535779471491092>,https://www.roblox.com/users/125151244/profile,107,FALSE,,LaDeuxiemeIsTheBest,<@913379175094714371>,    WHEN ADDING RANKERS BACK
,C6. Colonel,"1er Voltigeurs ""Austerlitz""",CO de Bataillon,Vurellis,<@483170600710307862>,https://www.roblox.com/users/117333946/profile,143,FALSE,,Playe172957,<@961232571256164383>,    CHECK DISCORD FOR THEIR RANK
,C5. Major,"4eme Fusiliers ""Borodino""",CO de Bataillon,JustintheGreat2006,<@488282646179217409>,https://www.roblox.com/users/367498484/profile,73,FALSE,,FootImage,<@973230991193825280>,
,C4. Chef de Bataillon,"1er Fusiliers ""Les Terribles""",CO de Bataillon,kjvif,<@443259152375218177>,https://www.roblox.com/users/149805509/profile,203,FALSE,,altMrnice_guy,<@1470680468570640415>,
,C3. Capitaine,"3eme Fusiliers ""Rivoli""",CO de Bataillon,neenanz,<@869546095758438400>,https://www.roblox.com/users/1792994757/profile,199,FALSE,,furryAC130,<@1477565795255976086>,
,C2. Lieutenant,Depot de Montbéliard,Veteran,powerwizardy,<@992789193212317726>,https://www.roblox.com/users/394140236/profile,311,FALSE,     BEFORE YOU CLICK AUTOSORT,grandmaster_02,<@924914148419203092>,
,C2. Lieutenant,Mercs,Merc,VIC20091222,<@713082076139749509>,https://www.roblox.com/users/299935714/profile,0,FALSE,     CHECK:,mentallyinclined,<@1267126244915544125>,
,C1. Sous-Lieutenant ,"Grenadiers de Amiens ""Leipzig""",XO de Compagnie,hauntedbydwell,<@984246988990210170>,https://www.roblox.com/users/4093904321/profile,52,FALSE,"      - DOES ROW 4 HAVE ""Rank | Company | Name | Disc ID | Points""",ELITEFLAGSELLER,<@1464856882350133433>,
,C1. Sous-Lieutenant ,"1er Voltigeurs ""Austerlitz""",Etat Major,Nevu106,<@774863375825502271>,https://www.roblox.com/users/1177670670/profile,375,FALSE,,suummertag3,<@870761258914316328>,
,C1. Sous-Lieutenant ,"3eme Fusiliers ""Rivoli""",CO de Compagnie,Puppywad2,<@989054717629976658>,https://www.roblox.com/users/2337225314/profile,451,FALSE,     IF NOT:,75_mes,<@885356367173545985>,
,B4. Adjutant-Sous Officer,"Grenadiers de Amiens ""Leipzig""",Etat Major,SHADOW_FAX,<@522714733342752779>,https://www.roblox.com/users/119575853/profile,120,FALSE,     - CONTACT ADMIN SUPERVISOR,Edward_Ashmore,<@1043385227919245323>,
,B4. Adjutant-Sous Officer,,Veteran,LaDeuxiemeIsTheBest,<@913379175094714371>,https://www.roblox.com/users/4435375104/profile,140,TRUE,,wowzers23000,<@963684035522093076>,
,B4. Adjutant-Sous Officer,"1er Voltigeurs ""Austerlitz""",Merc,Lord_Xibe,<@746422802344575087>,https://www.roblox.com/users/8195044888/profile,32,FALSE,,Han_Krick,<@413883065107218432>,
,C1. Sous-Lieutenant ,"2eme Voltigeurs ""Arcole""",XO de Compagnie,xQcLuxi,<@668417341331079179>,https://www.roblox.com/users/2958536651/profile,267,FALSE,,OokFireworks,<@1291983550119415850>,
,B1. Sergent,"3eme Fusiliers ""Rivoli""",Etat Major,PolishKosmos,<@1380194841765347399>,https://www.roblox.com/users/3934176443/profile,48,FALSE,,ProtectionUnit_427,<@1343123371608637510>,
,C1. Sous-Lieutenant ,"4eme Fusiliers ""Borodino""",CO de Compagnie,fadedstoriess,<@723381586128535593>,https://www.roblox.com/users/362640757/profile,98,FALSE,,indofaiz2097,<@742320637527457832>,
,B4. Adjutant-Sous Officer,"4eme Fusiliers ""Borodino""",Full Ranker,UnfinishedGalaxies,<@442742088896086016>,https://www.roblox.com/users/97144571/profile,17,FALSE,,Brad_bruhh,<@1238850540125814877>,
,B3. Adjutant,"Grenadiers de Amiens ""Leipzig""",Pendantif d'Elite,Alynum,<@478475197708632065>,https://www.roblox.com/users/277639335/profile,345,FALSE,,,,
,B3. Adjutant,"Grenadiers de Amiens ""Leipzig""",Pendantif d'Elite,Aspectsious,<@815437646527594527>,https://www.roblox.com/users/1192052175/profile,287,FALSE,,,,
,B3. Adjutant,"1er Voltigeurs ""Austerlitz""",XO de Compagnie,VannBoyo,<@651782235157954582>,https://www.roblox.com/users/1636041872/profile,156,FALSE,,,,
,B3. Adjutant,"1er Voltigeurs ""Austerlitz""",Merc,krysteq_25,<@1472702940790915228>,https://www.roblox.com/users/1177892275/profile,3,FALSE,,,,
,B4. Adjutant-Sous Officer,"2eme Voltigeurs ""Arcole""",Etat Major,1Tanyaaaaa,<@720559732175142932>,https://www.roblox.com/users/983271524/profile,326,FALSE,,,,
,B3. Adjutant,"2eme Voltigeurs ""Arcole""",Etat Major,Xxice_armyxX,<@1398296085453340693>,https://www.roblox.com/users/1498054336/profile,202,FALSE,,,,
,B4. Adjutant-Sous Officer,"2eme Voltigeurs ""Arcole""",CO de Compagnie,cuhrabs,<@709198698470703135>,https://www.roblox.com/users/486972442/profile,102,FALSE,,,,
,B3. Adjutant,"1er Fusiliers ""Les Terribles""",CO de Compagnie,Axzlat,<@1219897530985480243>,https://www.roblox.com/users/1470846766/profile,186,FALSE,,,,
,B3. Adjutant,"1er Fusiliers ""Les Terribles""",XO de Compagnie,ahkdedn,<@1110137798612230164>,https://www.roblox.com/users/3486711327/profile,474,FALSE,,,,
,B3. Adjutant,"3eme Fusiliers ""Rivoli""",XO de Compagnie,Hydrabailen,<@844940705033355294>,https://www.roblox.com/users/8353818590/profile,247,FALSE,,,,
,B3. Adjutant,not found,Full Ranker,MigoBoyo,<@1265984703987716157>,https://www.roblox.com/users/4129177342/profile,49,TRUE,,,,
,B3. Adjutant,"4eme Fusiliers ""Borodino""",XO de Compagnie,S_Cormac,<@1115537442603274273>,https://www.roblox.com/users/9747812199/profile,145,FALSE,,,,
,B3. Adjutant,Mercs,Merc,Solnicus,<@1003740434402656257>,https://www.roblox.com/users/1802535909/profile,5,FALSE,,,,
,B2. Sergent Major,"Grenadiers de Amiens ""Leipzig""",Pendantif d'Elite,johnnybarrett,<@691923335633960992>,https://www.roblox.com/users/1128557001/profile,314,FALSE,,,,
,B3. Adjutant,"1er Voltigeurs ""Austerlitz""",CO de Compagnie,pakurg,<@242936251332820992>,https://www.roblox.com/users/225872954/profile,47,FALSE,,,,
,B2. Sergent Major,"1er Fusiliers ""Les Terribles""",FD,MarshalBoyo,<@316102254878785538>,https://www.roblox.com/users/4153688432/profile,352,FALSE,,,,
,B3. Adjutant,"4eme Fusiliers ""Borodino""",Etat Major,Pop_SamBlade,<@882933170025156618>,https://www.roblox.com/users/3889066636/profile,209,FALSE,,,,
,B3. Adjutant,"Grenadiers de Amiens ""Leipzig""",Tambour Caporal,nexxustheirinco,<@1251862462349967372>,https://www.roblox.com/users/5851125930/profile,368,FALSE,,,,
,B3. Adjutant,"2eme Fusiliers ""La Martinique""",CO de Compagnie,ash4561g,<@750990926922645556>,https://www.roblox.com/users/1457208013/profile,79,FALSE,,,,
,B3. Adjutant,"2eme Fusiliers ""La Martinique""",XO de Compagnie,XywBoyo,<@1017322330403389451>,https://www.roblox.com/users/1705850510/profile,87,FALSE,,,,
,B2. Sergent Major,Mercs,Full Ranker,nickmatt321,<@632125024823803905>,https://www.roblox.com/users/183533554/profile,22,FALSE,,,,
,B1. Sergent,"Grenadiers de Amiens ""Leipzig""",Full Ranker,CHICKEN777CN,<@1318099475373359104>,https://www.roblox.com/users/4878023869/profile,297,FALSE,,,,
,B2. Sergent Major,"Grenadiers de Amiens ""Leipzig""",Pendantif d'Elite,AwesomeRights,<@480523976104345603>,https://www.roblox.com/users/118410962/profile,248,FALSE,,,,
,B1. Sergent,"Grenadiers de Amiens ""Leipzig""",Pendantif d'Elite,KSK207777,<@708539169722335283>,https://www.roblox.com/users/2557186741/profile,250,FALSE,,,,
,B1. Sergent,"Grenadiers de Amiens ""Leipzig""",Pendantif d'Elite,creedenceff,<@913827437123612734>,https://www.roblox.com/users/1589939258/profile,206,FALSE,,,,
,B1. Sergent,"Grenadiers de Amiens ""Leipzig""",Pendantif d'Elite,auellqd,<@932177626188087357>,https://www.roblox.com/users/3234255964/profile,63,FALSE,,,,
,B1. Sergent,"1er Fusiliers ""Les Terribles""",Veteran,PamiatMerkuria,<@560062672222289930>,https://www.roblox.com/users/1482362417/profile,32,FALSE,,,,
,B2. Sergent Major,"1er Fusiliers ""Les Terribles""",Etat Major,Iplazroblox291,<@705665886975033404>,https://www.roblox.com/users/1458625380/profile,152,FALSE,,,,
,B2. Sergent Major,"3eme Fusiliers ""Rivoli""",Etat Major,MnoanBoyo,<@1457903108301520910>,https://www.roblox.com/users/4434451591/profile,146,FALSE,,,,
,B2. Sergent Major,"2eme Fusiliers ""La Martinique""",Etat Major,ArcoBoyo,<@1068740271786963055>,https://www.roblox.com/users/2606949284/profile,160,FALSE,,,,
,B1. Sergent,Mercs,Merc,VamJyxl,<@800549512732213279>,https://www.roblox.com/users/765723308/profile,67,FALSE,,,,
,B1. Sergent,Mercs,Merc,Xcla_ze,<@1187416443076218976>,https://www.roblox.com/users/4027876264/profile,45,FALSE,,,,
,B1. Sergent,Mercs,Merc,Kleronical,<@1025425492570030183>,https://www.roblox.com/users/3917774334/profile,144,FALSE,,,,
,B1. Sergent,Mercs,Merc,OwenVonLuneburg,<@1520031827455377418>,https://www.roblox.com/users/3375475369/profile,2,FALSE,,,,
,B1. Sergent,Mercs,Full Ranker,cra1x1,<@708879164899328261>,https://www.roblox.com/users/1338106742/profile,41,FALSE,,,,
,A6. Honorary Sergent,not found,Full Ranker,ShaneGwapa435,<@935868945188134942>,https://www.roblox.com/users/1744465804/profile,148,TRUE,,,,
,A6. Honorary Sergent,"Grenadiers de Amiens ""Leipzig""",Pendantif d'Elite,phyrrius,<@713606681954615349>,https://www.roblox.com/users/193804500/profile,57,FALSE,,,,
,A6. Honorary Sergent,"Grenadiers de Amiens ""Leipzig""",Pendantif d'Elite,Partholonn,<@681489011281362974>,https://www.roblox.com/users/1852762341/profile,293,FALSE,,,,
,A6. Honorary Sergent,"Grenadiers de Amiens ""Leipzig""",Pendantif d'Elite,TheColonelMajesty,<@830996190601543721>,https://www.roblox.com/users/2943378674/profile,278,FALSE,,,,
,A6. Honorary Sergent,"Grenadiers de Amiens ""Leipzig""",Pendantif d'Elite,hauntedbyscar,<@899969512684785664>,https://www.roblox.com/users/1781661486/profile,197,FALSE,,,,
,A6. Honorary Sergent,"Grenadiers de Amiens ""Leipzig""",Full Ranker,DREAMHOLY1it,<@1365734831635304548>,https://www.roblox.com/users/1035088635/profile,287,FALSE,,,,
,A6. Honorary Sergent,"Grenadiers de Amiens ""Leipzig""",Full Ranker,Jolly57ePorteur,<@895206802407452683>,https://www.roblox.com/users/3122828606/profile,111,FALSE,,,,
,A6. Honorary Sergent,"Grenadiers de Amiens ""Leipzig""",Pendantif d'Elite,GAB2Z2,<@975342020564496454>,https://www.roblox.com/users/1282607174/profile,86,FALSE,,,,
,A6. Honorary Sergent,"Grenadiers de Amiens ""Leipzig""",Pendantif d'Elite,Arvethis,<@890576940946325544>,https://www.roblox.com/users/1594346922/profile,269,FALSE,,,,
,A6. Honorary Sergent,"1er Voltigeurs ""Austerlitz""",Full Ranker,Imabadplayer_123,<@934722739216977980>,https://www.roblox.com/users/3758072291/profile,229,FALSE,,,,
,A6. Honorary Sergent,"1er Voltigeurs ""Austerlitz""",Veteran,poopoopooninja,<@532144986985070593>,https://www.roblox.com/users/520625929/profile,258,FALSE,,,,
,A6. Honorary Sergent,"1er Voltigeurs ""Austerlitz""",FD,specopsgamin2,<@1256218216250871818>,https://www.roblox.com/users/2471822716/profile,247,FALSE,,,,
,A6. Honorary Sergent,"2eme Voltigeurs ""Arcole""",Full Ranker,PresentMentor,<@1490930405325541496>,https://www.roblox.com/users/7012301138/profile,101,FALSE,,,,
,A6. Honorary Sergent,"2eme Voltigeurs ""Arcole""",Full Ranker,Yurilici0us,<@886232463888777216>,https://www.roblox.com/users/490742758/profile,168,FALSE,,,,
,A6. Honorary Sergent,"1er Fusiliers ""Les Terribles""",Full Ranker,demondrewplay,<@800329613846773771>,https://www.roblox.com/users/1978598644/profile,166,FALSE,,,,
,A6. Honorary Sergent,"1er Fusiliers ""Les Terribles""",Full Ranker,2Sajeedur,<@1178996125794041876>,https://www.roblox.com/users/3001821576/profile,200,FALSE,,,,
,A6. Honorary Sergent,"3eme Fusiliers ""Rivoli""",Full Ranker,Cosmos9115,<@1028980614973624411>,https://www.roblox.com/users/7214679375/profile,130,FALSE,,,,
,A6. Honorary Sergent,Mercs,Merc,AvanCraft7,<@1434642966898675735>,https://www.roblox.com/users/839218840/profile,0,FALSE,,,,
,A5. Caporal Fourrier,"Grenadiers de Amiens ""Leipzig""",Full Ranker,geestadt,<@674252848858398750>,https://www.roblox.com/users/196027207/profile,155,FALSE,,,,
,A5. Caporal Fourrier,"4eme Fusiliers ""Borodino""",Full Ranker,ApoKung55,<@1264094912027299964>,https://www.roblox.com/users/1002827112/profile,164,FALSE,,,,
,A5. Caporal Fourrier,"Grenadiers de Amiens ""Leipzig""",Pendantif d'Elite,shizhi_teto,<@1371429297059004428>,https://www.roblox.com/users/7907751955/profile,103,FALSE,,,,
,A5. Caporal Fourrier,"Grenadiers de Amiens ""Leipzig""",Full Ranker,marcosantos213,<@912226351539433503>,https://www.roblox.com/users/444347600/profile,154,FALSE,,,,
,A5. Caporal Fourrier,"Grenadiers de Amiens ""Leipzig""",Full Ranker,Ilikepotatoes067,<@1059419623285600336>,https://www.roblox.com/users/2965264238/profile,212,FALSE,,,,
,A5. Caporal Fourrier,"Grenadiers de Amiens ""Leipzig""",Pendantif d'Elite,IChengFengI,<@1360964825559339038>,https://www.roblox.com/users/7109074373/profile,137,FALSE,,,,
,A5. Caporal Fourrier,"Grenadiers de Amiens ""Leipzig""",Full Ranker,Lovelyrules12,<@1129718162468905021>,https://www.roblox.com/users/165234375/profile,165,FALSE,,,,
,A5. Caporal Fourrier,not found,Full Ranker,xZenStarlight,<@1343360547327971330>,https://www.roblox.com/users/2540459374/profile,39,TRUE,,,,
,A5. Caporal Fourrier,"Grenadiers de Amiens ""Leipzig""",Pendantif d'Elite,ikun666303,<@1444531035382743203>,https://www.roblox.com/users/5080223278/profile,135,FALSE,,,,
,A5. Caporal Fourrier,"Grenadiers de Amiens ""Leipzig""",Pendantif d'Elite,haituoFBI,<@1132490475287347200>,https://www.roblox.com/users/2581000582/profile,156,FALSE,,,,
,A5. Caporal Fourrier,"Grenadiers de Amiens ""Leipzig""",Trial Ranker,InvisibleScott,<@803298065397186561>,https://www.roblox.com/users/536159164/profile,204,FALSE,,,,
,A5. Caporal Fourrier,"Grenadiers de Amiens ""Leipzig""",Sapeur Caporal,bigmankuya,<@866934930344640532>,https://www.roblox.com/users/1259249266/profile,113,FALSE,,,,
,A5. Caporal Fourrier,"Grenadiers de Amiens ""Leipzig""",Trial Ranker,Sarckic,<@1152719861752012832>,https://www.roblox.com/users/10391977210/profile,99,FALSE,,,,
,A5. Caporal Fourrier,"1er Voltigeurs ""Austerlitz""",Full Ranker,tugugffjg,<@1164442644697579521>,https://www.roblox.com/users/2723320084/profile,210,FALSE,,,,
,A5. Caporal Fourrier,"3eme Fusiliers ""Rivoli""",Full Ranker,akingsfriend,<@673371129053839423>,https://www.roblox.com/users/439109009/profile,170,FALSE,,,,
,A5. Caporal Fourrier,"1er Voltigeurs ""Austerlitz""",Full Ranker,madox1392,<@700239340361613393>,https://www.roblox.com/users/345426794/profile,99,FALSE,,,,
,A5. Caporal Fourrier,"1er Voltigeurs ""Austerlitz""",Full Ranker,mcdready123,<@810717694713790465>,https://www.roblox.com/users/2001368700/profile,121,FALSE,,,,
,A5. Caporal Fourrier,"1er Voltigeurs ""Austerlitz""",Full Ranker,Ryo09suke21,<@1383337565263888395>,https://www.roblox.com/users/2780874156/profile,218,FALSE,,,,
,A5. Caporal Fourrier,"1er Voltigeurs ""Austerlitz""",Full Ranker,lance101game,<@901405987381051422>,https://www.roblox.com/users/543221242/profile,143,FALSE,,,,
,A5. Caporal Fourrier,"1er Voltigeurs ""Austerlitz""",Full Ranker,WakimAvlor,<@474920919509499905>,https://www.roblox.com/users/116346976/profile,129,FALSE,,,,
,A5. Caporal Fourrier,"1er Voltigeurs ""Austerlitz""",Full Ranker,MARTYMcFLY2321,<@1273971510125662352>,https://www.roblox.com/users/1733513104/profile,169,FALSE,,,,
,A5. Caporal Fourrier,"1er Voltigeurs ""Austerlitz""",Full Ranker,MasterMarco17,<@526357049991495728>,https://www.roblox.com/users/388215933/profile,154,FALSE,,,,
,A5. Caporal Fourrier,"1er Voltigeurs ""Austerlitz""",Full Ranker,UseStarCodeFireball,<@857176081307009024>,https://www.roblox.com/users/2544272642/profile,44,FALSE,,,,
,A5. Caporal Fourrier,"3eme Fusiliers ""Rivoli""",Full Ranker,JakeG9k,<@862220660772175882>,https://www.roblox.com/users/2835782822/profile,54,FALSE,,,,
,A5. Caporal Fourrier,"1er Voltigeurs ""Austerlitz""",Full Ranker,imalexwhatsup,<@682136345371738296>,https://www.roblox.com/users/1298563299/profile,231,FALSE,,,,
,A5. Caporal Fourrier,"1er Voltigeurs ""Austerlitz""",Full Ranker,driessens1980,<@1395344867647029308>,https://www.roblox.com/users/1781449915/profile,106,FALSE,,,,
,A5. Caporal Fourrier,not found,Full Ranker,ZyneBoyo,<@698005783010345030>,https://www.roblox.com/users/809836486/profile,49,TRUE,,,,
,A5. Caporal Fourrier,"1er Voltigeurs ""Austerlitz""",Full Ranker,LuckyPundhappy,<@1106985229941489806>,https://www.roblox.com/users/190187782/profile,76,FALSE,,,,
,A5. Caporal Fourrier,"1er Voltigeurs ""Austerlitz""",Full Ranker,Abu3e_0,<@1034438797993181265>,https://www.roblox.com/users/2643369615/profile,118,FALSE,,,,
,A5. Caporal Fourrier,"1er Voltigeurs ""Austerlitz""",Full Ranker,K3NZ130,<@786765450234691585>,https://www.roblox.com/users/1229832393/profile,55,FALSE,,,,
,A5. Caporal Fourrier,"4eme Fusiliers ""Borodino""",Full Ranker,LePetitikazu,<@1341181369170001980>,https://www.roblox.com/users/6177991508/profile,3,FALSE,,,,
,A5. Caporal Fourrier,"1er Voltigeurs ""Austerlitz""",Full Ranker,doctor_RUSSIAMAN312,<@1324927571699171498>,https://www.roblox.com/users/3509771519/profile,73,FALSE,,,,
,A5. Caporal Fourrier,"1er Voltigeurs ""Austerlitz""",Full Ranker,NeriffZhyrene,<@1477672780987236403>,https://www.roblox.com/users/3112377690/profile,104,FALSE,,,,
,A5. Caporal Fourrier,"3eme Fusiliers ""Rivoli""",Full Ranker,vinsky112583,<@964520423532404736>,https://www.roblox.com/users/2876389000/profile,102,FALSE,,,,
,A5. Caporal Fourrier,"1er Voltigeurs ""Austerlitz""",Full Ranker,plsjustburninit,<@1076781794294239303>,https://www.roblox.com/users/4184896402/profile,25,FALSE,,,,
,A5. Caporal Fourrier,"1er Voltigeurs ""Austerlitz""",Full Ranker,JazTom_0i,<@1354888034599829604>,https://www.roblox.com/users/5272317818/profile,260,FALSE,,,,
,A5. Caporal Fourrier,"1er Voltigeurs ""Austerlitz""",Full Ranker,DabberDabDDab,<@914440529809379359>,https://www.roblox.com/users/2850667541/profile,54,FALSE,,,,
,A5. Caporal Fourrier,"1er Voltigeurs ""Austerlitz""",Full Ranker,AQEEP_vbn,<@1142347783488143400>,https://www.roblox.com/users/7319409396/profile,95,FALSE,,,,
,A5. Caporal Fourrier,"1er Voltigeurs ""Austerlitz""",Full Ranker,Ashlieee_67,<@1497162315596828707>,https://www.roblox.com/users/10635293761/profile,57,FALSE,,,,
,A5. Caporal Fourrier,"1er Voltigeurs ""Austerlitz""",FD,Theelectron_0917,<@998821820029481011>,https://www.roblox.com/users/4184514849/profile,171,FALSE,,,,
,A5. Caporal Fourrier,"1er Voltigeurs ""Austerlitz""",Full Ranker,Neospearton2,<@588920071649230858>,https://www.roblox.com/users/482767828/profile,67,FALSE,,,,
,A5. Caporal Fourrier,"1er Voltigeurs ""Austerlitz""",Full Ranker,muyanderozario23,<@838754624558596148>,https://www.roblox.com/users/1584163769/profile,69,FALSE,,,,
,A5. Caporal Fourrier,"2eme Voltigeurs ""Arcole""",Full Ranker,Strikersblade,<@864785685898461224>,https://www.roblox.com/users/1372900051/profile,177,FALSE,,,,
,A5. Caporal Fourrier,"2eme Voltigeurs ""Arcole""",Full Ranker,ultrahax2000,<@826162682691846154>,https://www.roblox.com/users/1260596919/profile,60,FALSE,,,,
,A5. Caporal Fourrier,"2eme Voltigeurs ""Arcole""",Full Ranker,Heeko_20,<@824971800995823647>,https://www.roblox.com/users/2061935711/profile,88,FALSE,,,,
,A5. Caporal Fourrier,"2eme Voltigeurs ""Arcole""",FD,GunthertheAwsome1,<@1274329867932143806>,https://www.roblox.com/users/11267794870/profile,200,FALSE,,,,
,A5. Caporal Fourrier,"2eme Voltigeurs ""Arcole""",Full Ranker,themanwith57,<@888244973051445269>,https://www.roblox.com/users/513716088/profile,5,FALSE,,,,
,A5. Caporal Fourrier,"2eme Voltigeurs ""Arcole""",Full Ranker,Soccer_lover986,<@955361919756300290>,https://www.roblox.com/users/1289062844/profile,222,FALSE,,,,
,A5. Caporal Fourrier,"2eme Voltigeurs ""Arcole""",Tambour,Deegman4,<@1316405502233542656>,https://www.roblox.com/users/1310050190/profile,90,FALSE,,,,
,A5. Caporal Fourrier,"2eme Voltigeurs ""Arcole""",Full Ranker,wkjfstd,<@1418588873906458624>,https://www.roblox.com/users/7424426028/profile,131,FALSE,,,,
,A5. Caporal Fourrier,"2eme Voltigeurs ""Arcole""",Full Ranker,Refqyh,<@1115956488058458213>,https://www.roblox.com/users/3980408728/profile,124,FALSE,,,,
,A5. Caporal Fourrier,"2eme Voltigeurs ""Arcole""",FD,jaydensayen,<@942969887297511424>,https://www.roblox.com/users/760879973/profile,176,FALSE,,,,
,A5. Caporal Fourrier,"2eme Voltigeurs ""Arcole""",FD,EndTr4p,<@1128990025946779719>,https://www.roblox.com/users/3289182587/profile,235,FALSE,,,,
,A5. Caporal Fourrier,"2eme Voltigeurs ""Arcole""",Full Ranker,PogPug2,<@787549796219093054>,https://www.roblox.com/users/5379475538/profile,119,FALSE,,,,
,A5. Caporal Fourrier,"2eme Voltigeurs ""Arcole""",Full Ranker,keaksjwj,<@1287759709088120885>,https://www.roblox.com/users/4387665138/profile,158,FALSE,,,,
,A5. Caporal Fourrier,"2eme Voltigeurs ""Arcole""",Full Ranker,Iam_Silvio220,<@1299593952915226654>,https://www.roblox.com/users/7363225945/profile,157,FALSE,,,,
,,,,,,,0,TRUE,,,,
,A5. Caporal Fourrier,"2eme Voltigeurs ""Arcole""",Full Ranker,Wrool123,<@1441399456972144820>,https://www.roblox.com/users/4007821436/profile,132,FALSE,,,,
,A5. Caporal Fourrier,"2eme Voltigeurs ""Arcole""",Full Ranker,GhostKillerSide47,<@1485920823679254600>,https://www.roblox.com/users/10377169351/profile,131,FALSE,,,,
,A5. Caporal Fourrier,"2eme Voltigeurs ""Arcole""",Full Ranker,Your_InternetBoy,<@1357706941266395178>,https://www.roblox.com/users/2612590176/profile,145,FALSE,,,,
,A5. Caporal Fourrier,"2eme Voltigeurs ""Arcole""",Full Ranker,garenrbx,<@896000500242190376>,https://www.roblox.com/users/3169319344/profile,103,FALSE,,,,
,A5. Caporal Fourrier,"2eme Voltigeurs ""Arcole""",Full Ranker,Meme_gamer360,<@786499363152199690>,https://www.roblox.com/users/1348718647/profile,104,FALSE,,,,
,A5. Caporal Fourrier,"2eme Voltigeurs ""Arcole""",Full Ranker,cocacolajae,<@1280464634301648899>,https://www.roblox.com/users/1697091677/profile,92,FALSE,,,,
,A5. Caporal Fourrier,"4eme Fusiliers ""Borodino""",Full Ranker,RAP75GOD,<@1236145727172771922>,https://www.roblox.com/users/3936477853/profile,65,FALSE,,,,
,A5. Caporal Fourrier,"2eme Voltigeurs ""Arcole""",Full Ranker,Secret_Agent890555,<@1280200896566923274>,https://www.roblox.com/users/10022417074/profile,25,FALSE,,,,
,A5. Caporal Fourrier,"2eme Voltigeurs ""Arcole""",Full Ranker,SergeantHumble,<@1449417777298411521>,https://www.roblox.com/users/10793588854/profile,84,FALSE,,,,
,A5. Caporal Fourrier,"Grenadiers de Amiens ""Leipzig""",Full Ranker,Silveregg01,<@130162427483521025>,https://www.roblox.com/users/10447994792/profile,69,FALSE,,,,
,A5. Caporal Fourrier,"Grenadiers de Amiens ""Leipzig""",Full Ranker,Westphalian_Trommler,<@1498912402291560528>,https://www.roblox.com/users/10883019344/profile,28,FALSE,,,,
,A5. Caporal Fourrier,"2eme Voltigeurs ""Arcole""",Full Ranker,kaidoisangry0,<@1527910454821650556>,https://www.roblox.com/users/3133969139/profile,7,FALSE,,,,
,A5. Caporal Fourrier,"1er Fusiliers ""Les Terribles""",Full Ranker,RF_RRFDgabriel,<@1007226924516528192>,https://www.roblox.com/users/4992949584/profile,210,FALSE,,,,
,A5. Caporal Fourrier,"1er Fusiliers ""Les Terribles""",Full Ranker,ice61111,<@875881708937936966>,https://www.roblox.com/users/834896070/profile,124,FALSE,,,,
,A5. Caporal Fourrier,"1er Fusiliers ""Les Terribles""",Full Ranker,FeelgoodKoshimizu,<@1087337584851689549>,https://www.roblox.com/users/8309575308/profile,121,FALSE,,,,
,A5. Caporal Fourrier,"1er Fusiliers ""Les Terribles""",FD,KaptynaCrows,<@672759188916535296>,https://www.roblox.com/users/301352787/profile,214,FALSE,,,,
,A5. Caporal Fourrier,"1er Fusiliers ""Les Terribles""",Full Ranker,dylan773215,<@754543186717966336>,https://www.roblox.com/users/1768418674/profile,167,FALSE,,,,
,A5. Caporal Fourrier,"1er Fusiliers ""Les Terribles""",Full Ranker,gigityqqm,<@1406927827508396054>,https://www.roblox.com/users/8174236395/profile,54,FALSE,,,,
,A6. Honorary Sergent,"1er Fusiliers ""Les Terribles""",Full Ranker,General_LanceOC7,<@930762343581880381>,https://www.roblox.com/users/1774508931/profile,165,FALSE,,,,
,A5. Caporal Fourrier,"1er Fusiliers ""Les Terribles""",Full Ranker,WorldConquestRPER,<@1288387629145915477>,https://www.roblox.com/users/2786239234/profile,10,FALSE,,,,
,A5. Caporal Fourrier,"1er Fusiliers ""Les Terribles""",Full Ranker,XDEXEPERT,<@851759795160481822>,https://www.roblox.com/users/169465620/profile,90,FALSE,,,,
,A5. Caporal Fourrier,"1er Fusiliers ""Les Terribles""",Full Ranker,Vantreux,<@998549603546824714>,https://www.roblox.com/users/4886306549/profile,15,FALSE,,,,
,A5. Caporal Fourrier,"1er Fusiliers ""Les Terribles""",Full Ranker,sumnu903455,<@1303031264437075988>,https://www.roblox.com/users/4997167328/profile,61,FALSE,,,,
,A5. Caporal Fourrier,"1er Fusiliers ""Les Terribles""",Full Ranker,pizzaisnice1233,<@742656275145424946>,https://www.roblox.com/users/7534924096/profile,151,FALSE,,,,
,A5. Caporal Fourrier,not found,Full Ranker,Playe172957,<@961232571256164383>,https://www.roblox.com/users/4091586435/profile,41,TRUE,,,,
,A5. Caporal Fourrier,"1er Fusiliers ""Les Terribles""",Full Ranker,danishmirza42,<@810414911619727370>,https://www.roblox.com/users/365209666/profile,17,FALSE,,,,
,A5. Caporal Fourrier,"1er Fusiliers ""Les Terribles""",Full Ranker,X3RN0N,<@1137924575246692392>,https://www.roblox.com/users/3632264242/profile,55,FALSE,,,,
,A5. Caporal Fourrier,"2eme Voltigeurs ""Arcole""",Full Ranker,bluearchive175,<@1428820296768426099>,https://www.roblox.com/users/7643123118/profile,54,FALSE,,,,
,A5. Caporal Fourrier,"1er Fusiliers ""Les Terribles""",Full Ranker,Francis_T11,<@770912564376240128>,https://www.roblox.com/users/1897250770/profile,56,FALSE,,,,
,A5. Caporal Fourrier,"1er Voltigeurs ""Austerlitz""",Full Ranker,wghiu3,<@1521839098535346406>,https://www.roblox.com/users/1116883028/profile,42,FALSE,,,,
,A5. Caporal Fourrier,"1er Fusiliers ""Les Terribles""",Full Ranker,Justanormalman2984,<@882930438023294977>,https://www.roblox.com/users/4832722480/profile,37,FALSE,,,,
,A5. Caporal Fourrier,"1er Fusiliers ""Les Terribles""",Full Ranker,SamFleurye,<@1049748028363378718>,https://www.roblox.com/users/2569448349/profile,36,FALSE,,,,
,A5. Caporal Fourrier,Mercs,Full Ranker,xXMASTER123456123,<@1259890052226351115>,https://www.roblox.com/users/2640699065/profile,28,FALSE,,,,
,A5. Caporal Fourrier,"3eme Fusiliers ""Rivoli""",Full Ranker,cattrixx1105,<@865042750705106985>,https://www.roblox.com/users/1076168264/profile,149,FALSE,,,,
,A5. Caporal Fourrier,"3eme Fusiliers ""Rivoli""",Full Ranker,BlackReaperJohn,<@689058817207435565>,https://www.roblox.com/users/2971608200/profile,98,FALSE,,,,
,A5. Caporal Fourrier,"3eme Fusiliers ""Rivoli""",FD,AlexMercerPYT,<@601252752114450433>,https://www.roblox.com/users/2343950891/profile,142,FALSE,,,,
,A5. Caporal Fourrier,not found,FD,kehgjy,<@705728455303495691>,https://www.roblox.com/users/945855223/profile,85,TRUE,,,,
,A5. Caporal Fourrier,"3eme Fusiliers ""Rivoli""",Full Ranker,nypdmario2,<@1208687542262702103>,https://www.roblox.com/users/5451280925/profile,27,FALSE,,,,
,A5. Caporal Fourrier,not found,Full Ranker,FootImage,<@973230991193825280>,https://www.roblox.com/users/968881462/profile,14,TRUE,,,,
,A5. Caporal Fourrier,"2eme Voltigeurs ""Arcole""",FD,FugdeDaGreat,<@861563537666998302>,https://www.roblox.com/users/3160285474/profile,81,FALSE,,,,
,A5. Caporal Fourrier,not found,Full Ranker,Liamyong8,<@1076836123835383853>,https://www.roblox.com/users/2842569083/profile,56,TRUE,,,,
,A5. Caporal Fourrier,"3eme Fusiliers ""Rivoli""",Full Ranker,fu38z9ucspofisjdo,<@1294613005375377532>,https://www.roblox.com/users/3057195254/profile,54,FALSE,,,,
,A5. Caporal Fourrier,"3eme Fusiliers ""Rivoli""",Full Ranker,NIZAM2928INDO,<@1375816845306892368>,https://www.roblox.com/users/2961739169/profile,67,FALSE,,,,
,A5. Caporal Fourrier,"2eme Fusiliers ""La Martinique""",Full Ranker,jikil2002,<@1203973871125143594>,https://www.roblox.com/users/4629533067/profile,107,FALSE,,,,
,A5. Caporal Fourrier,"4eme Fusiliers ""Borodino""",Full Ranker,frncslrnz,<@922054239004528670>,https://www.roblox.com/users/1535505261/profile,73,FALSE,,,,
,A5. Caporal Fourrier,"1er Voltigeurs ""Austerlitz""",Full Ranker,QE95N,<@1434711602099257354>,https://www.roblox.com/users/327735035/profile,52,FALSE,,,,
,A5. Caporal Fourrier,"4eme Fusiliers ""Borodino""",Full Ranker,MasterDodoy3,<@1369986725723504650>,https://www.roblox.com/users/7632541194/profile,69,FALSE,,,,
,A5. Caporal Fourrier,"4eme Fusiliers ""Borodino""",Full Ranker,Derkrix47889,<@1478710954077454472>,https://www.roblox.com/users/7789971701/profile,77,FALSE,,,,
,A5. Caporal Fourrier,"4eme Fusiliers ""Borodino""",Full Ranker,aarushuns,<@753594036111278140>,https://www.roblox.com/users/2412408370/profile,57,FALSE,,,,
,A5. Caporal Fourrier,"1er Voltigeurs ""Austerlitz""",Full Ranker,argu_Official,<@1235679974237667479>,https://www.roblox.com/users/2276149952/profile,27,FALSE,,,,
,A5. Caporal Fourrier,"4eme Fusiliers ""Borodino""",Full Ranker,ADWANZZ1,<@949245490044751923>,https://www.roblox.com/users/4755571326/profile,85,FALSE,,,,
,A5. Caporal Fourrier,Mercs,Full Ranker,Dev1lukePop,<@426974342602031115>,https://www.roblox.com/users/4089914901/profile,113,FALSE,,,,
,A5. Caporal Fourrier,"2eme Fusiliers ""La Martinique""",Full Ranker,imkingofth0,<@1136187096097357844>,https://www.roblox.com/users/1909273129/profile,154,FALSE,,,,
,A5. Caporal Fourrier,"3eme Fusiliers ""Rivoli""",Full Ranker,Sinjank64,<@1191406388556075028>,https://www.roblox.com/users/2850667541/profile,52,FALSE,,,,
,A5. Caporal Fourrier,"2eme Fusiliers ""La Martinique""",Full Ranker,PanzerMXVI,<@903121415719489586>,https://www.roblox.com/users/2990808049/profile,88,FALSE,,,,
,A5. Caporal Fourrier,"2eme Fusiliers ""La Martinique""",Full Ranker,MonkeyName_9,<@1179045145044320401>,https://www.roblox.com/users/5157609382/profile,119,FALSE,,,,
,A5. Caporal Fourrier,"2eme Fusiliers ""La Martinique""",Full Ranker,Whipcream_Fox,<@838752927559581737>,https://www.roblox.com/users/1650225318/profile,52,FALSE,,,,
,A5. Caporal Fourrier,"2eme Fusiliers ""La Martinique""",Full Ranker,paphawin9084,<@1410081768576651274>,https://www.roblox.com/users/1040333578/profile,46,FALSE,,,,
,A5. Caporal Fourrier,"2eme Fusiliers ""La Martinique""",Full Ranker,Utxz1361ads,<@863673369547243560>,https://www.roblox.com/users/2417302468/profile,38,FALSE,,,,
,A5. Caporal Fourrier,"2eme Fusiliers ""La Martinique""",Etat Major,exante802,<@763051102219927584>,https://www.roblox.com/users/312370047/profile,58,FALSE,,,,
,A5. Caporal Fourrier,"2eme Fusiliers ""La Martinique""",Full Ranker,LordDicey,<@1099614518453211187>,https://www.roblox.com/users/731405237/profile,45,FALSE,,,,
,A5. Caporal Fourrier,"2eme Fusiliers ""La Martinique""",Full Ranker,abhi_onfire7,<@1113409336484569199>,https://www.roblox.com/users/10241180101/profile,57,FALSE,,,,
,A5. Caporal Fourrier,"2eme Fusiliers ""La Martinique""",Full Ranker,KOOU114,<@1345251909702909976>,https://www.roblox.com/users/7600964285/profile,31,FALSE,,,,
,A5. Caporal Fourrier,"2eme Fusiliers ""La Martinique""",Full Ranker,NZBB76,<@1500912971742838795>,https://www.roblox.com/users/7934314852/profile,30,FALSE,,,,
,Missing,not found,Missing,,,https://www.roblox.com/users/43680077/profile,0,TRUE,,,,
,A5. Caporal Fourrier,"2eme Fusiliers ""La Martinique""",Full Ranker,AL_T85,<@1480061527565275227>,https://www.roblox.com/users/3239782330/profile,132,FALSE,,,,
,A5. Caporal Fourrier,Mercs,Full Ranker,QDDSGRC,<@1102745041560158389>,https://www.roblox.com/users/2888772266/profile,23,FALSE,,,,
,A5. Caporal Fourrier,Mercs,Merc,tefimac,<@1005649229940793377>,https://www.roblox.com/users/1064363340/profile,89,FALSE,,,,
,A5. Caporal Fourrier,Mercs,Merc,majormos,<@1108697829758734387>,https://www.roblox.com/users/1038777470/profile,102,FALSE,,,,
,A5. Caporal Fourrier,"2eme Fusiliers ""La Martinique""",Full Ranker,Baconiqol,<@1294309748400717864>,https://www.roblox.com/users/5744381446/profile,39,FALSE,,,,
,A5. Caporal Fourrier,"4eme Fusiliers ""Borodino""",Full Ranker,PaoloBancheroIsKing,<@1386508144511025182>,https://www.roblox.com/users/10436604713/profile,24,FALSE,,,,
,A5. Caporal Fourrier,"2eme Voltigeurs ""Arcole""",Full Ranker,MoneyOrBan,<@323359894659006466>,https://www.roblox.com/users/531581965/profile,42,FALSE,,,,
,A5. Caporal Fourrier,"2eme Voltigeurs ""Arcole""",Full Ranker,SenseiShijoo,<@588068563970162698>,https://www.roblox.com/users/561899180/profile,42,FALSE,,,,
,A5. Caporal Fourrier,"2eme Fusiliers ""La Martinique""",Full Ranker,zubairFlavia,<@1163036545792626738>,https://www.roblox.com/users/2526261432/profile,49,FALSE,,,,
,A5. Caporal Fourrier,Mercs,Merc,ILOVEROBLOX10061,<@1526602273093058561>,https://www.roblox.com/users/3203778739/profile,4,FALSE,,,,
,A5. Caporal Fourrier,Mercs,Merc,tkagg263,<@1419946541699043401>,https://www.roblox.com/users/3718569526/profile,0,FALSE,,,,
,A4. Caporal de Premier,not found,Full Ranker,pookiebogan,<@890101506248945765>,https://www.roblox.com/users/1848859713/profile,49,TRUE,,,,
,A5. Caporal Fourrier,not found,Trial Ranker,ProFuryDark,<@1339515094840643601>,https://www.roblox.com/users/9405116636/profile,3,TRUE,,,,
,A4. Caporal de Premier,"4eme Fusiliers ""Borodino""",Full Ranker,WRECKDEE,<@883302165802803231>,https://www.roblox.com/users/1595826884/profile,18,FALSE,,,,
,A4. Caporal de Premier,not found,Full Ranker,Husky_5X,<@501426683656798248>,https://www.roblox.com/users/2250438691/profile,16,TRUE,,,,
,A4. Caporal de Premier,"2eme Fusiliers ""La Martinique""",Full Ranker,fifafootbail,<@1368131057098031215>,https://www.roblox.com/users/5123997753/profile,14,FALSE,,,,
,A4. Caporal de Premier,not found,Full Ranker,eyheooos,<@1242091845140349008>,https://www.roblox.com/users/5231204107/profile,39,TRUE,,,,
,A4. Caporal de Premier,"3eme Fusiliers ""Rivoli""",Full Ranker,superherojoker1,<@365938299371651083>,https://www.roblox.com/users/151541430/profile,25,FALSE,,,,
,A5. Caporal Fourrier,"Grenadiers de Amiens ""Leipzig""",Full Ranker,AWAssss06,<@1211622370905952270>,https://www.roblox.com/users/7848357836/profile,27,FALSE,,,,
,A4. Caporal de Premier,"2eme Voltigeurs ""Arcole""",Full Ranker,finconspicuous,<@874827089952538704>,https://www.roblox.com/users/11240288971/profile,4,FALSE,,,,
,A4. Caporal de Premier,"2eme Voltigeurs ""Arcole""",Full Ranker,mini_OVERLORD,<@651753690960494592>,https://www.roblox.com/users/3298735138/profile,24,FALSE,,,,
,A4. Caporal de Premier,"4eme Fusiliers ""Borodino""",Full Ranker,Kunvu31102005,<@721932176681074769>,https://www.roblox.com/users/887063756/profile,30,FALSE,,,,
,A5. Caporal Fourrier,"2eme Voltigeurs ""Arcole""",Full Ranker,Jonafs_1212,<@1001696473618075668>,https://www.roblox.com/users/2444007169/profile,39,FALSE,,,,
,A4. Caporal de Premier,"2eme Voltigeurs ""Arcole""",Full Ranker,Jaritz_least,<@1236897656232738829>,https://www.roblox.com/users/8290148849/profile,32,FALSE,,,,
,A4. Caporal de Premier,"1er Fusiliers ""Les Terribles""",Full Ranker,Kawin2485,<@711753973836677123>,https://www.roblox.com/users/2952012522/profile,36,FALSE,,,,
,A4. Caporal de Premier,"1er Fusiliers ""Les Terribles""",Full Ranker,tukangnonotongame,<@1352491429078892564>,https://www.roblox.com/users/1824075352/profile,44,FALSE,,,,
,A4. Caporal de Premier,"1er Fusiliers ""Les Terribles""",Full Ranker,Memorial_Day1,<@931311769039831061>,https://www.roblox.com/users/768441603/profile,31,FALSE,,,,
,A4. Caporal de Premier,"Grenadiers de Amiens ""Leipzig""",Full Ranker,DmannKosmos,<@304044182937403393>,https://www.roblox.com/users/115959052/profile,31,FALSE,,,,
,A4. Caporal de Premier,not found,Full Ranker,altMrnice_guy,<@1470680468570640415>,https://www.roblox.com/users/5402872101/profile?,40,TRUE,,,,
,A4. Caporal de Premier,not found,Missing,thelazysong200,<@488268167399997450>,https://www.roblox.com/users/3215036087/profile,33,TRUE,,,,
,A4. Caporal de Premier,"3eme Fusiliers ""Rivoli""",Full Ranker,EIectric_man,<@1516486367444734023>,https://www.roblox.com/users/1954400619/profile,45,FALSE,,,,
,A4. Caporal de Premier,"3eme Fusiliers ""Rivoli""",Full Ranker,Blackmatter619,<@1474662800331767831>,https://www.roblox.com/users/9014526903/profile,34,FALSE,,,,
,A4. Caporal de Premier,"3eme Fusiliers ""Rivoli""",Full Ranker,iamrobloxian0218,<@1312819747997487148>,https://www.roblox.com/users/8198293176/profile,32,FALSE,,,,
,A4. Caporal de Premier,"3eme Fusiliers ""Rivoli""",Full Ranker,ballerop561logedoput,<@1337124740141285396>,https://www.roblox.com/users/6007983948/profile,42,FALSE,,,,
,A4. Caporal de Premier,"4eme Fusiliers ""Borodino""",Full Ranker,MJack_100,<@1384007721564770445>,https://www.roblox.com/users/2804892490/profile,39,FALSE,,,,
,A4. Caporal de Premier,"4eme Fusiliers ""Borodino""",Full Ranker,zyn_jcob,<@1364456109636583424>,https://www.roblox.com/users/1988264303/profile,47,FALSE,,,,
,A4. Caporal de Premier,"4eme Fusiliers ""Borodino""",Full Ranker,BlackIronTarkus1,<@255225632173195268>,https://www.roblox.com/users/4993821152/profile,35,FALSE,,,,
,A4. Caporal de Premier,"4eme Fusiliers ""Borodino""",Full Ranker,aiaidans,<@767574679875485736>,https://www.roblox.com/users/4681052623/profile,38,FALSE,,,,
,A4. Caporal de Premier,"2eme Fusiliers ""La Martinique""",Full Ranker,DiamondCraft023,<@977090333303259146>,https://www.roblox.com/users/2442230643/profile,42,FALSE,,,,
,A4. Caporal de Premier,"4eme Fusiliers ""Borodino""",Full Ranker,cj71980,<@1437780060596736071>,https://www.roblox.com/users/3535440657/profile,41,FALSE,,,,
,A5. Caporal Fourrier,"2eme Fusiliers ""La Martinique""",Full Ranker,ChanHei2047secondacc,<@867707468305661982>,https://www.roblox.com/users/2396992991/profile,54,FALSE,,,,
,A4. Caporal de Premier,"2eme Fusiliers ""La Martinique""",Full Ranker,Muhizkarimi,<@1086499236465619016>,https://www.roblox.com/users/531280286/profile,52,FALSE,,,,
,A4. Caporal de Premier,"2eme Fusiliers ""La Martinique""",Full Ranker,chichiwen001,<@962381061403336774>,https://www.roblox.com/users/727806200/profile,38,FALSE,,,,
,A5. Caporal Fourrier,"2eme Voltigeurs ""Arcole""",Full Ranker,SirSammyyBoy,<@1438360041844375703>,https://www.roblox.com/users/7812589444/profile,25,FALSE,,,,
,A4. Caporal de Premier,"3eme Fusiliers ""Rivoli""",Full Ranker,CHANGHONG728,<@749923415493705787>,https://www.roblox.com/users/1875858328/profile,35,FALSE,,,,
,A5. Caporal Fourrier,"2eme Fusiliers ""La Martinique""",Full Ranker,XxromphphhxX,<@1228149919282368546>,https://www.roblox.com/users/3400132097/profile,20,FALSE,,,,
,A4. Caporal de Premier,"2eme Fusiliers ""La Martinique""",Full Ranker,Rtk_34214,<@1436724966430347405>,https://www.roblox.com/users/9720475493/profile,36,FALSE,,,,
,Missing,not found,Missing,adhiyat000178,<@652842458291372042>,https://www.roblox.com/users/1156288190/profile,15,TRUE,,,,
,A3. Caporal,"1er Fusiliers ""Les Terribles""",Full Ranker,TheMysteriousInArms,<@882259785976795136>,https://www.roblox.com/users/2223967318/profile,24,FALSE,,,,
,A3. Caporal,not found,Full Ranker,KoslowIsmyName,<@466223630662107137>,https://www.roblox.com/users/457494472/profile,28,TRUE,,,,
,A3. Caporal,not found,Full Ranker,JJ113333444,<@1101059788256837672>,https://www.roblox.com/users/2451689357/profile,11,TRUE,,,,
,A3. Caporal,not found,Missing,RIP_kylexo,<@1292354138016841782>,https://www.roblox.com/users/7437271084/profile,20,TRUE,,,,
,A3. Caporal,"3eme Fusiliers ""Rivoli""",Full Ranker,miqael0701,<@1444848612981997588>,https://www.roblox.com/users/2284164119/profile,30,FALSE,,,,
,A3. Caporal,not found,Missing,GeorgeDroidDiddle,<@1507642900635320364>,https://www.roblox.com/users/9202423459/profile,21,TRUE,,,,
,A4. Caporal de Premier,"1er Fusiliers ""Les Terribles""",Full Ranker,shi_ai1,<@1466760988564127746>,https://www.roblox.com/users/7201045937/profile,24,FALSE,,,,
,A3. Caporal,"2eme Fusiliers ""La Martinique""",Full Ranker,Yunxia_001,<@1526191398347604010>,https://www.roblox.com/users/10124415523/profile,27,FALSE,,,,
,A4. Caporal de Premier,"1er Voltigeurs ""Austerlitz""",Full Ranker,pro_aliymer,<@1142456697953194035>,https://www.roblox.com/users/7400895360/profile,22,FALSE,,,,
,A3. Caporal,"3eme Fusiliers ""Rivoli""",Full Ranker,Mister_TiagoX,<@391781961972187137>,https://www.roblox.com/users/1620954243/profile,1,FALSE,,,,
,A3. Caporal,"3eme Fusiliers ""Rivoli""",Full Ranker,eanthean5632,<@436488982659072000>,https://www.roblox.com/users/122456079/profile,34,FALSE,,,,
,A3. Caporal,"3eme Fusiliers ""Rivoli""",Full Ranker,kurt1094678,<@1393565704547991553>,https://www.roblox.com/users/1983318230/profile,26,FALSE,,,,
,A3. Caporal,"3eme Fusiliers ""Rivoli""",Full Ranker,bosslkn,<@736613971036995665>,https://www.roblox.com/users/1494734304/profile,19,FALSE,,,,
,A3. Caporal,"4eme Fusiliers ""Borodino""",Full Ranker,Amber322244,<@1356135219610259558>,https://www.roblox.com/users/8208954758/profile,27,FALSE,,,,
,A3. Caporal,"4eme Fusiliers ""Borodino""",Full Ranker,bonl09201,<@813383659083137024>,https://www.roblox.com/users/450872279/profile,17,FALSE,,,,
,A3. Caporal,"4eme Fusiliers ""Borodino""",Full Ranker,alakbar281,<@1360161877061275691>,https://www.roblox.com/users/7162354540/profile,25,FALSE,,,,
,A4. Caporal de Premier,"4eme Fusiliers ""Borodino""",Full Ranker,Squad_Gammings,<@756120214013476975>,https://www.roblox.com/users/2218201639/profile,37,FALSE,,,,
,A3. Caporal,"4eme Fusiliers ""Borodino""",Full Ranker,Envixtyhasbeentaken,<@908625440275566612>,https://www.roblox.com/users/1643871123/profile,15,FALSE,,,,
,A3. Caporal,"4eme Fusiliers ""Borodino""",Full Ranker,Mao_office1,<@1296416450264961085>,https://www.roblox.com/users/7797817206/profile,18,FALSE,,,,
,A4. Caporal de Premier,"4eme Fusiliers ""Borodino""",Full Ranker,Val_eureux,<@1375465870855376946>,https://www.roblox.com/users/3376936577/profile,40,FALSE,,,,
,A3. Caporal,"2eme Fusiliers ""La Martinique""",Full Ranker,san09587,<@1202134058637729792>,https://www.roblox.com/users/2904007003/profile,20,FALSE,,,,
,A3. Caporal,"4eme Fusiliers ""Borodino""",Full Ranker,nato5367,<@715911088054468608>,https://www.roblox.com/users/3503091706/profile,2,FALSE,,,,
,A3. Caporal,"2eme Fusiliers ""La Martinique""",Full Ranker,bearlinee81,<@1364488560584949793>,https://www.roblox.com/users/10619229837/profile,1,FALSE,,,,
,A3. Caporal,"3eme Fusiliers ""Rivoli""",Full Ranker,lmanwrights3241st,<@1512787146334011460>,https://www.roblox.com/users/10762193947/profile,18,FALSE,,,,
,A3. Caporal,"2eme Fusiliers ""La Martinique""",Full Ranker,GamerKaat,<@1431947687346835618>,https://www.roblox.com/users/2322515124/profile,29,FALSE,,,,
,A3. Caporal,"2eme Fusiliers ""La Martinique""",Full Ranker,iiwarriorcoldz,<@716586925531856907>,https://www.roblox.com/users/85089558/profile,20,FALSE,,,,
,A3. Caporal,Mercs,Full Ranker,10bddd,<@1141565918040821851>,https://www.roblox.com/users/1610197092/profile,27,FALSE,,,,
,A3. Caporal,Mercs,Full Ranker,pickup123pro,<@1509195088033484801>,https://www.roblox.com/users/453664099/profile,29,FALSE,,,,
,A3. Caporal,Mercs,Merc,mayceepa,<@859722426429472828>,https://www.roblox.com/users/558448490/profile,1,FALSE,,,,
,A3. Caporal,Mercs,Merc,6x4kt,<@1091901273168691252>,https://www.roblox.com/users/4088813133/profile,0,FALSE,,,,
,A4. Caporal de Premier,"4eme Fusiliers ""Borodino""",Full Ranker,jakepaul2006055,<@1134914746798321784>,https://www.roblox.com/users/2509985980/profile,14,FALSE,,,,
,A4. Caporal de Premier,"2eme Fusiliers ""La Martinique""",Full Ranker,Shady_Unkn0wn,<@951017515427979334>,https://www.roblox.com/users/1605997117/profile,19,FALSE,,,,
,A4. Caporal de Premier,"2eme Fusiliers ""La Martinique""",Full Ranker,dog860212,<@1520413211776651368>,https://www.roblox.com/users/6200033250/profile,22,FALSE,,,,
,A3. Caporal,Mercs,Merc,COMBAT111115,<@1470061192562085973>,https://www.roblox.com/users/8389530719/profile,0,FALSE,,,,
,Missing,not found,Missing,,,,0,TRUE,,,,
,A3. Caporal,"1er Fusiliers ""Les Terribles""",Full Ranker,Har0ldx,<@1086261745150070794>,https://www.roblox.com/users/2739806224/profile,133,FALSE,,,,
,A2. Soldat de Premier,"1er Fusiliers ""Les Terribles""",Full Ranker,rahanll,<@933484468788920350>,https://www.roblox.com/users/5304684813/profile,6,FALSE,,,,
,A2. Soldat de Premier,not found,Full Ranker,JMT261,<@1513419657321910403>,https://www.roblox.com/users/1637570250/profile,11,TRUE,,,,
,A2. Soldat de Premier,not found,Missing,Ghaith5481,<@1230972458912321641>,https://www.roblox.com/users/4941777484/profile,5,TRUE,,,,
,A2. Soldat de Premier,"3eme Fusiliers ""Rivoli""",Full Ranker,DaidemDoesArtz,<@1156503632502603796>,https://www.roblox.com/users/6026994178/profile,12,FALSE,,,,
,A3. Caporal,"1er Fusiliers ""Les Terribles""",Full Ranker,Verylitleah90,<@956841997413539891>,https://www.roblox.com/users/2474603380/profile,10,FALSE,,,,
,A2. Soldat de Premier,"3eme Fusiliers ""Rivoli""",Full Ranker,Toyol6685,<@1315670490697830421>,https://www.roblox.com/users/10195718231/profile,8,FALSE,,,,
,A2. Soldat de Premier,"3eme Fusiliers ""Rivoli""",Full Ranker,Ethan_OfficialGaming,<@1226229185329238058>,https://www.roblox.com/users/1437140050/profile,5,FALSE,,,,
,A2. Soldat de Premier,"3eme Fusiliers ""Rivoli""",Full Ranker,CrimsonAkamaru,<@1401601008395878400>,https://www.roblox.com/users/5301695254/profile,4,FALSE,,,,
,A2. Soldat de Premier,"3eme Fusiliers ""Rivoli""",Full Ranker,zerriinnioz,<@1490916078904410172>,https://www.roblox.com/users/10673439992/profile,14,FALSE,,,,
,A2. Soldat de Premier,"3eme Fusiliers ""Rivoli""",Full Ranker,VBWLONY,<@1530785336710660276>,https://www.roblox.com/users/10708554231/profile,5,FALSE,,,,
,A3. Caporal,not found,Full Ranker,xCrazyy_DaLazy,<@771380977192140832>,https://www.roblox.com/users/396301104/profile,15,TRUE,,,,
,A2. Soldat de Premier,"4eme Fusiliers ""Borodino""",Full Ranker,fireBastiii,<@989110834426945567>,https://www.roblox.com/users/1369159724/profile,17,FALSE,,,,
,A2. Soldat de Premier,"4eme Fusiliers ""Borodino""",Full Ranker,robertsonhunter12,<@1185390381538476136>,https://www.roblox.com/users/4642354234/profile,13,FALSE,,,,
,A2. Soldat de Premier,"4eme Fusiliers ""Borodino""",Full Ranker,rainjanMobilemaster6,<@796213655678746635>,https://www.roblox.com/users/1740448264/profile,8,FALSE,,,,
,A3. Caporal,"2eme Fusiliers ""La Martinique""",Full Ranker,34567G3,<@1284054718393352204>,https://www.roblox.com/users/3190627177/profile,18,FALSE,,,,
,A2. Soldat de Premier,"4eme Fusiliers ""Borodino""",Full Ranker,Tomcottor,<@1123523101280444538>,https://www.roblox.com/users/4686295914/profile,11,FALSE,,,,
,A2. Soldat de Premier,"4eme Fusiliers ""Borodino""",Full Ranker,eddxdddddq,<@1418541820857684119>,https://www.roblox.com/users/9001908685/profile,7,FALSE,,,,
,A2. Soldat de Premier,"4eme Fusiliers ""Borodino""",Full Ranker,wp_leo404,<@1391234440105295932>,https://www.roblox.com/users/10956029603/profile,11,FALSE,,,,
,A2. Soldat de Premier,"4eme Fusiliers ""Borodino""",Full Ranker,killerxyz098,<@1382660798379462687>,https://www.roblox.com/users/517493990/profile,7,FALSE,,,,
,A2. Soldat de Premier,"4eme Fusiliers ""Borodino""",Full Ranker,Psychotron_Imperium,<@460083468307791872>,https://www.roblox.com/users/16993584/profile,15,FALSE,,,,
,A3. Caporal,"2eme Fusiliers ""La Martinique""",Full Ranker,TheAceLadMayhem,<@881716327486726164>,https://www.roblox.com/users/11221982439/profile,12,FALSE,,,,
,A2. Soldat de Premier,"3eme Fusiliers ""Rivoli""",Full Ranker,PLA200805,<@1436323305018753087>,https://www.roblox.com/users/4870959439/profile,13,FALSE,,,,
,A2. Soldat de Premier,"2eme Fusiliers ""La Martinique""",Full Ranker,spajocnrkd,<@1464581899459629076>,https://www.roblox.com/users/7923495886/profile,14,FALSE,,,,
,A3. Caporal,"2eme Fusiliers ""La Martinique""",Full Ranker,k7_bx,<@784051973972033536>,https://www.roblox.com/users/3588468469/profile,16,FALSE,,,,
,A2. Soldat de Premier,Mercs,Full Ranker,not_noduty,<@454591154462392332>,https://www.roblox.com/users/1621150468/profile,5,FALSE,,,,
,A2. Soldat de Premier,Mercs,Merc,killsV5,<@1476057384341471324>,https://www.roblox.com/users/5087284702/profile,8,FALSE,,,,
,A3. Caporal,"2eme Fusiliers ""La Martinique""",Full Ranker,Keogou,<@1174284182004965379>,https://www.roblox.com/users/876271689/profile,7,FALSE,,,,
,Missing,not found,Missing,Zilkious137,<@657427286336733194>,,1,TRUE,,,,
,Missing,not found,Missing,TopGameWeapon,<@1481627359252582522>,https://www.roblox.com/users/3781500184/profile,2,TRUE,,,,
,A2. Soldat de Premier,"1er Fusiliers ""Les Terribles""",Full Ranker,spuggehugge,<@800736521938010113>,https://www.roblox.com/users/612389228/profile,11,FALSE,,,,
,A1. Soldat,not found,Missing,ImperialistBlue,<@1258374081590329478>,https://www.roblox.com/users/1377893261/profile,0,TRUE,,,,
,A1. Soldat,not found,Missing,PZShadow_Cookie,<@851000032906969128>,https://www.roblox.com/users/2597050648/profile,0,TRUE,,,,
,A1. Soldat,"3eme Fusiliers ""Rivoli""",Full Ranker,Sisig1980,<@1524960059376009346>,https://www.roblox.com/users/4303938129/profile,3,FALSE,,,,
,Missing,not found,Missing,NekoYJSP,<@978906613660397618>,https://www.roblox.com/users/1798585760/profile,2,TRUE,,,,
,A1. Soldat,not found,Full Ranker,bajikun96,<@1427632463038906369>,https://www.roblox.com/users/3098369671/profile,0,TRUE,,,,
,A2. Soldat de Premier,"3eme Fusiliers ""Rivoli""",Full Ranker,HaiDuongVN3_2,<@1527121862012698704>,https://www.roblox.com/users/11210572223/profile,6,FALSE,,,,
,A1. Soldat,not found,Missing,KeanuDragon75,<@1520770493320400948>,https://www.roblox.com/users/10778540952/profile,1,TRUE,,,,
,A1. Soldat,"3eme Fusiliers ""Rivoli""",Full Ranker,verui_26,<@1117428195738779741>,https://www.roblox.com/users/5291655906/profile,4,FALSE,,,,
,A1. Soldat,not found,Full Ranker,6julz9,<@843675191594450976>,https://www.roblox.com/users/7859356299/profile,3,TRUE,,,,
,A1. Soldat,not found,Full Ranker,FaZe_Adel16,<@1478026022262669462>,https://www.roblox.com/users/752294909/profile,1,TRUE,,,,
,A1. Soldat,not found,Full Ranker,heykidhowisitgoing,<@687568700240297996>,https://www.roblox.com/users/1334958754/profile,1,TRUE,,,,
,A1. Soldat,"3eme Fusiliers ""Rivoli""",Full Ranker,CosmicCheesyPoof,<@1053866762719989780>,https://www.roblox.com/users/1102362655/profile,3,FALSE,,,,
,A1. Soldat,not found,Full Ranker,FREELGEMINGPR3,<@1055085366463430656>,https://www.roblox.com/users/1852696730/profile,2,TRUE,,,,
,A1. Soldat,"3eme Fusiliers ""Rivoli""",Full Ranker,fctvgb2,<@1401398795039805440>,https://www.roblox.com/users/9160978519/profile,2,FALSE,,,,
,A1. Soldat,not found,Full Ranker,KoRvo_BLOX,<@833017063874363457>,https://www.roblox.com/users/1958962915/profile,2,TRUE,,,,
,A1. Soldat,"3eme Fusiliers ""Rivoli""",Full Ranker,f0kana,<@1332338734883930122>,https://www.roblox.com/users/7441819714/profile,3,FALSE,,,,
,A1. Soldat,not found,Full Ranker,ws201321,<@1517507970584416306>,https://www.roblox.com/users/9643975147/profile,1,TRUE,,,,
,A1. Soldat,not found,Full Ranker,shark1374Q,<@1272193076604964978>,https://www.roblox.com/users/8026102465/profile,1,TRUE,,,,
,A1. Soldat,not found,Full Ranker,drauge271,<@865199387377926206>,https://www.roblox.com/users/1399936854/profile,1,TRUE,,,,
,A1. Soldat,"3eme Fusiliers ""Rivoli""",Full Ranker,Battleage63,<@755695899459584031>,https://www.roblox.com/users/1410955513/profile,3,FALSE,,,,
,A2. Soldat de Premier,"3eme Fusiliers ""Rivoli""",Full Ranker,TrollOperator2,<@1409942997914620037>,https://www.roblox.com/users/10643302573/profile,9,FALSE,,,,
,A1. Soldat,not found,Full Ranker,Sampro1182,<@1530891646642819107>,https://www.roblox.com/users/10128753451/profile,0,TRUE,,,,
,A2. Soldat de Premier,"2eme Voltigeurs ""Arcole""",Full Ranker,iropogidador28,<@1453237099330535618>,https://www.roblox.com/users/6000722870/profile,19,FALSE,,,,
,A1. Soldat,"3eme Fusiliers ""Rivoli""",Full Ranker,yeththe,<@766926782569644042>,,5,FALSE,,,,
,A1. Soldat,"3eme Fusiliers ""Rivoli""",Full Ranker,IvanPetroteva112,<@1534194268342583447>,https://www.roblox.com/users/4241241228/profile,2,FALSE,,,,
,A1. Soldat,"3eme Fusiliers ""Rivoli""",Full Ranker,NapoleonBonaparte_Is,<@775021169966448670>,https://www.roblox.com/users/1074144485/profile,1,FALSE,,,,
,A2. Soldat de Premier,"3eme Fusiliers ""Rivoli""",Full Ranker,KiyosReput,<@1496210380249239815>,https://www.roblox.com/users/7927340595/profile,4,FALSE,,,,
,A1. Soldat,"3eme Fusiliers ""Rivoli""",Full Ranker,STX0102,<@1482314405273145375>,https://www.roblox.com/users/1369227666/profile,4,FALSE,,,,
,A1. Soldat,"3eme Fusiliers ""Rivoli""",Full Ranker,PROGAMER1234LOLQAQ,<@731401153006534656>,https://www.roblox.com/users/1762487655/profile,2,FALSE,,,,
,A1. Soldat,"3eme Fusiliers ""Rivoli""",Full Ranker,AgentAdne,<@1221867800507842701>,https://www.roblox.com/users/2864650818/profile,6,FALSE,,,,
,A1. Soldat,"2eme Fusiliers ""La Martinique""",Full Ranker,NyxCrxscent,<@748878328622088274>,https://www.roblox.com/users/7516007391/profile,9,FALSE,,,,
,A1. Soldat,"3eme Fusiliers ""Rivoli""",Full Ranker,drogon541658,<@952198928739233823>,https://www.roblox.com/users/4347016138/profile,3,FALSE,,,,
,A1. Soldat,"4eme Fusiliers ""Borodino""",Full Ranker,gyjvgb,<@1251133552649568323>,https://www.roblox.com/users/731045259/profile,1,FALSE,,,,
,A1. Soldat,not found,Full Ranker,Maxim678914,<@929302812519710790>,https://www.roblox.com/users/3929295278/profile,2,TRUE,,,,
,A3. Caporal,"4eme Fusiliers ""Borodino""",Full Ranker,Theshadydig,<@1193016122186940531>,https://www.roblox.com/users/3076478279/profile,11,FALSE,,,,
,A1. Soldat,"4eme Fusiliers ""Borodino""",Full Ranker,Marshal_seoult,<@1513170621872472245>,https://www.roblox.com/users/8696096226/profile,1,FALSE,,,,
,A1. Soldat,"4eme Fusiliers ""Borodino""",Full Ranker,guimn546,<@1479640003893268713>,https://www.roblox.com/users/7992259220/profile,2,FALSE,,,,
,A1. Soldat,"4eme Fusiliers ""Borodino""",Full Ranker,NasimiMatlock,<@426995774597890050>,https://www.roblox.com/users/306662066/profile,1,FALSE,,,,
,A1. Soldat,not found,Full Ranker,furryAC130,<@1477565795255976086>,https://www.roblox.com/users/9028959219/profile,3,TRUE,,,,
,A2. Soldat de Premier,"4eme Fusiliers ""Borodino""",Full Ranker,Timurka8383,<@1097428726041546804>,https://www.roblox.com/users/1048493646/profile,12,FALSE,,,,
,A1. Soldat,not found,Full Ranker,ewencoolcute,<@1465775222073594080>,https://www.roblox.com/users/7451481218/profile,5,TRUE,,,,
,A2. Soldat de Premier,"4eme Fusiliers ""Borodino""",Full Ranker,pookiewasheree,<@1063308711034097794>,https://www.roblox.com/users/5077445002/profile,6,FALSE,,,,
,A2. Soldat de Premier,"4eme Fusiliers ""Borodino""",Full Ranker,MidnightGlow_o,<@1507583670565736478>,https://www.roblox.com/users/10860674350/profile,2,FALSE,,,,
,A1. Soldat,"4eme Fusiliers ""Borodino""",Full Ranker,ahlparet1234,<@1024891969639550976>,https://www.roblox.com/users/3137830283/profile,2,FALSE,,,,
,A1. Soldat,not found,Full Ranker,mieliscool524,<@818720162986983424>,https://www.roblox.com/users/2481929285/profile,1,TRUE,,,,
,A2. Soldat de Premier,Mercs,Merc,qzinzz,<@1492537340495659030>,https://www.roblox.com/users/3988606831/profile,3,FALSE,,,,
,A1. Soldat,not found,Full Ranker,higuus24,<@1454112574772613230>,https://www.roblox.com/users/7710648240/profile,1,TRUE,,,,
,A1. Soldat,"4eme Fusiliers ""Borodino""",Full Ranker,MikiDraje,<@1160193774530596874>,https://www.roblox.com/users/429339521/profile,3,FALSE,,,,
,A1. Soldat,"4eme Fusiliers ""Borodino""",Full Ranker,MurakamiToshikazu,<@221638824143355904>,https://www.roblox.com/users/1032839733/profile,1,FALSE,,,,
,A1. Soldat,not found,Full Ranker,zack277Q,<@1082205703340576778>,https://www.roblox.com/users/1533398311/profile,1,TRUE,,,,
,A1. Soldat,not found,Full Ranker,114_iS,<@1471944988446429258>,https://www.roblox.com/users/8113605737/profile,0,TRUE,,,,
,A1. Soldat,"4eme Fusiliers ""Borodino""",Full Ranker,whoknows5641,<@1412014694469861497>,https://www.roblox.com/users/5759126689/profile,1,FALSE,,,,
,A1. Soldat,"3eme Fusiliers ""Rivoli""",Full Ranker,the_guys149,<@1393213307791610007>,https://www.roblox.com/users/5525838452/profile,2,FALSE,,,,
,A1. Soldat,Mercs,Full Ranker,YotsubaUesugi,<@1465123341948948656>,https://www.roblox.com/users/7235189001/profile,7,FALSE,,,,
,A1. Soldat,Mercs,Merc,gjy6gr7utiyo89,<@1071419108698116119>,https://www.roblox.com/users/4275429713/profile,1,FALSE,,,,
,A1. Soldat,Mercs,Merc,GOS_MORI,<@1516783706881130568>,https://www.roblox.com/users/7171230123/profile,1,FALSE,,,,
,A1. Soldat,Mercs,Merc,iamninjasim,<@1434689531340259509>,https://www.roblox.com/users/2012960765/profile,0,FALSE,,,,
,A1. Soldat,Mercs,Merc,ExtraordinaryVeil,<@811521760494485515>,https://www.roblox.com/users/199857259/profile,2,FALSE,,,,
,A1. Soldat,Mercs,Merc,lLox2777,<@937495477102973040>,https://www.roblox.com/users/3647198803/profile,78,FALSE,,,,
,A0. Conscrit,"3eme Fusiliers ""Rivoli""",Trial Ranker,playertrollgeralt,<@1395097377387319389>,https://www.roblox.com/users/10629253179/profile,0,FALSE,,,,
,A0. Conscrit,"3eme Fusiliers ""Rivoli""",Trial Ranker,natuay007,<@1414954435091759216>,https://www.roblox.com/users/5211356175/profile,0,FALSE,,,,
,A1. Soldat,"3eme Fusiliers ""Rivoli""",Full Ranker,faithnaphat,<@1501109928293830811>,https://www.roblox.com/users/1865444998/profile,1,FALSE,,,,
,A0. Conscrit,"3eme Fusiliers ""Rivoli""",Trial Ranker,Khoiminh26032011,<@1526617860057862295>,https://www.roblox.com/users/7671062530/profile,0,FALSE,,,,
,A0. Conscrit,"3eme Fusiliers ""Rivoli""",Trial Ranker,Juanpiswasauski,<@1332058021433704593>,https://www.roblox.com/users/5373163905/profile,0,FALSE,,,,
,A0. Conscrit,"3eme Fusiliers ""Rivoli""",Trial Ranker,xZenAoori,<@1060786719961665556>,https://www.roblox.com/users/4323043741/profile,0,FALSE,,,,
,A0. Conscrit,"3eme Fusiliers ""Rivoli""",Trial Ranker,Rhys12396,<@965749797426450463>,https://www.roblox.com/users/221288149/profile,0,FALSE,,,,
,A0. Conscrit,"3eme Fusiliers ""Rivoli""",Trial Ranker,dsnvsdvndsivns,<@894780913798496307>,https://www.roblox.com/users/4572050548/profile,0,FALSE,,,,
,A0. Conscrit,"3eme Fusiliers ""Rivoli""",Trial Ranker,elmosquito4,<@1040596961855807498>,https://www.roblox.com/users/1877174065/profile,0,FALSE,,,,
,A0. Conscrit,"3eme Fusiliers ""Rivoli""",Trial Ranker,Gray7342,<@1429644507619528725>,https://www.roblox.com/users/1177440631/profile,0,FALSE,,,,
,A0. Conscrit,"3eme Fusiliers ""Rivoli""",Trial Ranker,theosgiftmacatumpag,<@1198849466921406505>,https://www.roblox.com/users/2832878294/profile,0,FALSE,,,,
,A0. Conscrit,"3eme Fusiliers ""Rivoli""",Trial Ranker,Trcvel,<@902195985860689961>,https://www.roblox.com/users/944289977/profile,0,FALSE,,,,
,A0. Conscrit,"3eme Fusiliers ""Rivoli""",Trial Ranker,STAY_DOWN2432456,<@943746197842169887>,https://www.roblox.com/users/8699271456/profile,0,FALSE,,,,
,A0. Conscrit,"3eme Fusiliers ""Rivoli""",Trial Ranker,Kairhoss,<@892290187382620170>,https://www.roblox.com/users/2826485538/profile,0,FALSE,,,,
,A0. Conscrit,"3eme Fusiliers ""Rivoli""",Trial Ranker,Infurnominion_59,<@1519705624588452004>,https://www.roblox.com/users/5626514492/profile,0,FALSE,,,,
,A0. Conscrit,"3eme Fusiliers ""Rivoli""",Trial Ranker,Mangalindan05123,<@1276333273357750294>,https://www.roblox.com/users/1956184336/profile,0,FALSE,,,,
,A0. Conscrit,"3eme Fusiliers ""Rivoli""",Trial Ranker,Potato_Panda04,<@1195363443767783495>,https://www.roblox.com/users/3502981910/profile,0,FALSE,,,,
,A0. Conscrit,"3eme Fusiliers ""Rivoli""",Full Ranker,Kelly_Allyie2,<@1000367817541034105>,https://www.roblox.com/users/3697439537/profile,0,FALSE,,,,
,A0. Conscrit,"3eme Fusiliers ""Rivoli""",Full Ranker,toutpourri,<@885441369122959380>,https://www.roblox.com/users/662951536/profile,0,FALSE,,,,
,A0. Conscrit,"4eme Fusiliers ""Borodino""",Trial Ranker,monkeeater212,<@1199985726998192198>,https://www.roblox.com/users/5116416743/profile,0,FALSE,,,,
,A0. Conscrit,"4eme Fusiliers ""Borodino""",Trial Ranker,Roskovino,<@960099251399065630>,,0,FALSE,,,,
,A1. Soldat,"4eme Fusiliers ""Borodino""",Full Ranker,paksoinaja927,<@1242668695810084884>,https://www.roblox.com/users/4380768106/profile,1,FALSE,,,,
,A0. Conscrit,"4eme Fusiliers ""Borodino""",Trial Ranker,123456rtlgq4,<@1391229405547724910>,https://www.roblox.com/users/7810683095/profile,0,FALSE,,,,
,A0. Conscrit,"4eme Fusiliers ""Borodino""",Trial Ranker,dirgabiasa7,<@1516937793211858990>,https://www.roblox.com/users/5346672673/profile,0,FALSE,,,,
,A1. Soldat,"2eme Fusiliers ""La Martinique""",Full Ranker,lerenard0123,<@943573581860831263>,https://www.roblox.com/users/2646243420/profile,6,FALSE,,,,
,A0. Conscrit,Depot de Montbéliard,Trial Ranker,rockyrop2,<@1492967650094092309>,https://www.roblox.com/users/3128491163/profile,0,FALSE,,,,
,A0. Conscrit,Depot de Montbéliard,Trial Ranker,coolfudre,<@921348119436853258>,https://www.roblox.com/users/1820979764/profile,0,FALSE,,,,
,A0. Conscrit,Depot de Montbéliard,Trial Ranker,nuuru48,<@1521408623660499064>,https://www.roblox.com/users/7499133776/profile,0,FALSE,,,,
,A0. Conscrit,Depot de Montbéliard,Trial Ranker,Earticus,<@1514176609635008614>,https://www.roblox.com/users/988605632/profile,0,FALSE,,,,
,A0. Conscrit,Depot de Montbéliard,Trial Ranker,CV_Reinhold,<@1332600727473750082>,https://www.roblox.com/users/4910255314/profile,0,FALSE,,,,
,A0. Conscrit,Depot de Montbéliard,Trial Ranker,vinhvcl13,<@1519776275617681659>,https://www.roblox.com/users/2695536928/profile,0,FALSE,,,,
,A0. Conscrit,Depot de Montbéliard,Trial Ranker,Just_One002,<@1319297187850485821>,https://www.roblox.com/users/7723672815/profile,0,FALSE,,,,
,A0. Conscrit,Depot de Montbéliard,Trial Ranker,Axshkilling,<@1391478517526429696>,https://www.roblox.com/users/2898258335/profile,0,FALSE,,,,
,A0. Conscrit,Depot de Montbéliard,Trial Ranker,WotDrews2023,<@1516711618208206860>,,0,FALSE,,,,
,A0. Conscrit,Depot de Montbéliard,Trial Ranker,kevi_roger,<@673153062017433638>,https://www.roblox.com/users/8324238847/profile,0,FALSE,,,,
,Missing,not found,Missing,yetr_etr,<@1059617270940303420>,https://www.roblox.com/users/1886010772/profile,1,TRUE,,,,
,A0. Conscrit,Depot de Montbéliard,Trial Ranker,samitare13245,<@1330428598880043101>,https://www.roblox.com/users/4335863283/profile,0,FALSE,,,,
,A0. Conscrit,Depot de Montbéliard,Trial Ranker,Elmx5,<@919255519733104713>,https://www.roblox.com/users/2528084061/profile,0,FALSE,,,,
,A0. Conscrit,Depot de Montbéliard,Trial Ranker,Calinwes,<@1063043104405459005>,https://www.roblox.com/users/3908175627/profile,0,FALSE,,,,
,A0. Conscrit,Depot de Montbéliard,Trial Ranker,TIMYTIMYBOI,<@1314943003843891304>,https://www.roblox.com/users/1110196344/profile,0,FALSE,,,,
,A0. Conscrit,Depot de Montbéliard,Trial Ranker,Zafranbaim,<@1155389752023977994>,https://www.roblox.com/users/2327443211/profile,0,FALSE,,,,
,A0. Conscrit,Depot de Montbéliard,Trial Ranker,Zion232013,<@1177131505202495520>,https://www.roblox.com/users/1344389927/profile,0,FALSE,,,,
,A0. Conscrit,Depot de Montbéliard,Trial Ranker,chino_sans,<@1508310228607827970>,https://www.roblox.com/users/1688665211/profile,0,FALSE,,,,
,A0. Conscrit,Depot de Montbéliard,Trial Ranker,yfyufb6,<@1399044477364211816>,https://www.roblox.com/users/7974766927/profile,0,FALSE,,,,
,A0. Conscrit,Depot de Montbéliard,Trial Ranker,MohummedSandwich2,<@1249779087333920816>,https://www.roblox.com/users/11050118173/profile,0,FALSE,,,,
,A0. Conscrit,Depot de Montbéliard,Trial Ranker,awdthesecond,<@921021594430754856>,https://www.roblox.com/users/3241810332/profile,0,FALSE,,,,
,A0. Conscrit,Depot de Montbéliard,Trial Ranker,Jordan_Romen789,<@1187332169241198653>,https://www.roblox.com/users/9594209397/profile,0,FALSE,,,,
,A0. Conscrit,Depot de Montbéliard,Trial Ranker,kid23ninehack,<@1026731545576362024>,https://www.roblox.com/users/4033912034/profile,0,FALSE,,,,
,A0. Conscrit,Depot de Montbéliard,Trial Ranker,MManlak_715,<@1522535206324539533>,https://www.roblox.com/users/6130310508/profile,0,FALSE,,,,
,A0. Conscrit,Depot de Montbéliard,Full Ranker,Mbappe_alt1245678,<@700656655603335179>,,0,FALSE,,,,
,A0. Conscrit,Depot de Montbéliard,Trial Ranker,MiTomKayVN,<@1142830433965445302>,https://www.roblox.com/users/9563977828/profile,0,FALSE,,,,
,A0. Conscrit,Depot de Montbéliard,Trial Ranker,ouzaqi,<@1063073024598880298>,https://www.roblox.com/users/39707865/profile,0,FALSE,,,,
,A0. Conscrit,Depot de Montbéliard,Trial Ranker,LordFarquad126789,<@1510808484717793370>,https://www.roblox.com/users/3722338856/profile,0,FALSE,,,,
,A0. Conscrit,Depot de Montbéliard,Trial Ranker,bubblepro706,<@1003645679236816926>,https://www.roblox.com/users/1135610972/profile,0,FALSE,,,,
,A0. Conscrit,Depot de Montbéliard,Trial Ranker,fewit4C929,<@1531440636362883183>,https://www.roblox.com/users/10514815417/profile,0,FALSE,,,,
,A0. Conscrit,Depot de Montbéliard,Trial Ranker,noobs_altaccs,<@1203944385700560900>,https://www.roblox.com/users/3651766224/profile,0,FALSE,,,,
,A5. Caporal Fourrier,Mercs,Merc,GodOf_Knight,<@1376143121368223814>,https://www.roblox.com/users/3535491342/profile,1,FALSE,,,,
,A1. Soldat,"4eme Fusiliers ""Borodino""",Full Ranker,pangpudlom48,<@1497469665293635584>,https://www.roblox.com/users/3814725998/profile,4,FALSE,,,,
,A0. Conscrit,Depot de Montbéliard,Trial Ranker,Shikuzuki,<@819864427507089408>,https://www.roblox.com/users/1385861975/profile,0,FALSE,,,,
,A0. Conscrit,Depot de Montbéliard,Trial Ranker,xKamoku,<@816189010451497031>,https://www.roblox.com/users/293193528/profile,0,FALSE,,,,
,A1. Soldat,"4eme Fusiliers ""Borodino""",Full Ranker,UGLYGAMEBLUELOCK,<@1440002178080313374>,https://www.roblox.com/users/8225421929/profile,3,FALSE,,,,
,A0. Conscrit,Depot de Montbéliard,Trial Ranker,Loltzem,<@846429220384931891>,https://www.roblox.com/users/3427009563/profile,0,FALSE,,,,
,A0. Conscrit,Depot de Montbéliard,Trial Ranker,StiffanoVBolognese,<@391982574500839427>,https://www.roblox.com/users/2247720307/profile,0,FALSE,,,,
,A0. Conscrit,Depot de Montbéliard,Trial Ranker,Jake_games12403,<@1054780905446707210>,https://www.roblox.com/users/2975646381/profile,0,FALSE,,,,
,A0. Conscrit,Depot de Montbéliard,Trial Ranker,averageofdandy,<@1530217757306785842>,https://www.roblox.com/users/7878562905/profile,0,FALSE,,,,
,A0. Conscrit,Depot de Montbéliard,Trial Ranker,juegofree2,<@862370483038847047>,https://www.roblox.com/users/286128018/profile,0,FALSE,,,,
,A0. Conscrit,Depot de Montbéliard,Trial Ranker,Chrisfr0mYoutube,<@931075370856353822>,https://www.roblox.com/users/2048307849/profile,0,FALSE,,,,
,A0. Conscrit,Depot de Montbéliard,Trial Ranker,Thomes917,<@1436935443215290420>,https://www.roblox.com/users/5801247556/profile,0,FALSE,,,,
,A0. Conscrit,Depot de Montbéliard,Trial Ranker,NapoleonBonparte_Is,<@775021169966448670>,https://www.roblox.com/users/1074144485/profile,0,FALSE,,,,
,A0. Conscrit,Mercs,Merc,wazeFER,<@959451440617762926>,https://www.roblox.com/users/622067418/profile,1,FALSE,,,,
,A0. Conscrit,Mercs,Merc,sickanss,<@800332823907139604>,https://www.roblox.com/users/601846593/profile,4,FALSE,,,,
,A0. Conscrit,Mercs,Merc,MarshyAviz,<@1497684035265233007>,https://www.roblox.com/users/5129700996/profile,13,FALSE,,,,
,A0. Conscrit,Mercs,Full Ranker,crutshy,<@1047640724755185695>,https://www.roblox.com/users/3088408/profile,6,FALSE,,,,
,A0. Conscrit,Mercs,Full Ranker,TheOneGoodSoul,<@1040379675677032529>,https://www.roblox.com/users/879202637/profile,0,FALSE,,,,
,A0. Conscrit,Mercs,Merc,olly998877,<@699323736037261312>,https://www.roblox.com/users/80641474/profile,1,FALSE,,,,
,A0. Conscrit,Mercs,Full Ranker,MagivRiver,<@805045008620716056>,https://www.roblox.com/users/4001044794/profile,163,FALSE,,,,
,A0. Conscrit,Mercs,Full Ranker,TheLegendaryalucard,<@715833188060102666>,https://www.roblox.com/users/684911985/profile,63,FALSE,,,,
,A0. Conscrit,Mercs,Merc,dksop523,<@1295306510372442114>,https://www.roblox.com/users/1838487714/profile,5,FALSE,,,,
,A0. Conscrit,Mercs,Merc,viktor5341,<@729927137745698820>,https://www.roblox.com/users/1512631006/profile,1,FALSE,,,,
,A0. Conscrit,Mercs,Merc,LeCommandant_FR,<@942404164737187850>,https://www.roblox.com/users/1680387760/profile,0,FALSE,,,,
,A0. Conscrit,Mercs,Merc,RealmzBailen,<@709873913500270632>,,0,FALSE,,,,
,A0. Conscrit,Mercs,Merc,kaydenrussman1,<@1394877444028239872>,https://www.roblox.com/users/2046787306/profile,0,FALSE,,,,
,A0. Conscrit,Mercs,Merc,eirbitimmak,<@1329836530679677000>,https://www.roblox.com/users/5083746949/profile,18,FALSE,,,,
,A0. Conscrit,Mercs,Merc,finny3454,<@1252798111235969136>,https://www.roblox.com/users/1104942326/profile,0,FALSE,,,,
,A0. Conscrit,Mercs,Merc,RoyzenVarheim,<@979360927377915905>,https://www.roblox.com/users/1578680397/profile,0,FALSE,,,,
,A0. Conscrit,Mercs,Merc,hussaricus,<@1124774512727171233>,https://www.roblox.com/users/1190798160/profile,8,FALSE,,,,
,A0. Conscrit,Mercs,Merc,Ohciae,<@661267964158279721>,https://www.roblox.com/users/1015110173/profile,2,FALSE,,,,
,A0. Conscrit,Mercs,Merc,LEGPR0,<@757434084833230928>,https://www.roblox.com/users/1442168517/profile,3,FALSE,,,,
,A0. Conscrit,Mercs,Merc,Foxman2483,<@762030349416661062>,https://www.roblox.com/users/2022042834/profile,2,FALSE,,,,
,A0. Conscrit,Mercs,Merc,Charlie_Creedx,<@483102145596620823>,https://www.roblox.com/users/1699078587/profile,2,FALSE,,,,
,A0. Conscrit,Mercs,Merc,AntsGlory,<@582653897349267477>,https://www.roblox.com/users/310288079/profile,2,FALSE,,,,
,A0. Conscrit,Mercs,Merc,migz3131,<@784719616337248256>,https://www.roblox.com/users/1010115958/profile,5,FALSE,,,,
,A0. Conscrit,Mercs,Merc,WsGudSuanner,<@758186385843814471>,https://www.roblox.com/users/329328850/profile,5,FALSE,,,,
,A0. Conscrit,Mercs,Merc,Botorx9,<@413300142838382592>,https://www.roblox.com/users/146480275/profile,81,FALSE,,,,
,A0. Conscrit,Mercs,Merc,gitobano,<@487953273999982592>,https://www.roblox.com/users/494674890/profile,45,FALSE,,,,
,A0. Conscrit,Mercs,Merc,Inverse_Daybreak,<@1472058722426556689>,https://www.roblox.com/users/74448898/profile,10,FALSE,,,,
,A0. Conscrit,Mercs,Merc,heisveid1234,<@1476752601704829039>,https://www.roblox.com/users/3279384621/profile,0,FALSE,,,,
,A0. Conscrit,Mercs,Merc,Lone_Warrior17,<@943456847313141800>,https://www.roblox.com/users/2380360754/profile,3,FALSE,,,,
,A0. Conscrit,Mercs,Merc,cem000010,<@750355573299740722>,https://www.roblox.com/users/826790636/profile,3,FALSE,,,,
,A0. Conscrit,Mercs,Merc,jfk_locks,<@977674700350189598>,https://www.roblox.com/users/1883979402/profile,1,FALSE,,,,
,A0. Conscrit,Mercs,Merc,CikaMareZ,,https://www.roblox.com/users/405997239/profile,1,FALSE,,,,
,A0. Conscrit,Mercs,Merc,hjwjuk,<@1447210679730835506>,https://www.roblox.com/users/2048567757/profile,0,FALSE,,,,
,A0. Conscrit,Mercs,Merc,pawtroIIing,<@1260480521360773271>,https://www.roblox.com/users/2047422785/profile,24,FALSE,,,,
,A0. Conscrit,Mercs,Merc,Marc_fr05,<@727479359576866826>,https://www.roblox.com/users/7619031854/profile,9,FALSE,,,,
,A0. Conscrit,Mercs,Merc,Oofyicus,<@1038790131345272926>,https://www.roblox.com/users/1648128632/profile,7,FALSE,,,,
,A0. Conscrit,Mercs,Merc,xtian1108,<@475006263328112640>,https://www.roblox.com/users/374365768/profile,88,FALSE,,,,
,A0. Conscrit,Mercs,Merc,Endthian,<@1495407741043343512>,https://www.roblox.com/users/4429904981/profile,2,FALSE,,,,
,A0. Conscrit,Mercs,Merc,RowanowaZoro09,<@1494340791517053090>,https://www.roblox.com/users/3595465185/profile,2,FALSE,,,,
,A0. Conscrit,Mercs,Merc,jeskrok,<@1445040269438484631>,https://www.roblox.com/users/2747800412/profile,0,FALSE,,,,
,A0. Conscrit,Mercs,Merc,Will_1984s,<@741473661885874206>,https://www.roblox.com/users/5427416704/profile,92,FALSE,,,,
,A0. Conscrit,Mercs,Merc,mentalissimo,<@283532478566629376>,https://www.roblox.com/users/69941136/profile,99,FALSE,,,,
,A0. Conscrit,Mercs,Merc,myaccgonezen,<@1461290735172194324>,https://www.roblox.com/users/9980470645/profile,1,FALSE,,,,
,A0. Conscrit,Mercs,Merc,CoolBananaGuyRocks,<@661569648818651136>,https://www.roblox.com/users/1269423513/profile,6,FALSE,,,,
,A0. Conscrit,Mercs,Merc,skelldiver,<@811521760494485515>,https://www.roblox.com/users/199857259/profile,12,FALSE,,,,
,A0. Conscrit,Mercs,Merc,vosnoxis,<@1440751740860366981>,https://www.roblox.com/users/7775488571/profile,0,FALSE,,,,
,A0. Conscrit,Mercs,Merc,halo919289,<@1215924333201854544>,https://www.roblox.com/users/352598082/profile,0,FALSE,,,,
,A0. Conscrit,Mercs,Merc,DROMANTIGER,<@1495264222706405558>,https://www.roblox.com/users/8309373343/profile,0,FALSE,,,,
,A0. Conscrit,Mercs,Merc,reihvnders,<@1111190406231756894>,https://www.roblox.com/users/1915792654/profile,0,FALSE,,,,
,A0. Conscrit,Mercs,Merc,ApekzInArms,<@1182616265928478793>,https://www.roblox.com/users/7491006080/profile,0,FALSE,,,,
,A0. Conscrit,Mercs,Merc,NightMareOfCurse,<@536923904858521621>,https://www.roblox.com/users/1915792654/profile,2,FALSE,,,,
,A0. Conscrit,Mercs,Merc,Lord_Stinkydoge,<@642209055418351636>,https://www.roblox.com/users/923264649/profile,0,FALSE,,,,
,A0. Conscrit,Mercs,Merc,BotHarryYt,<@1314738409503199273>,https://www.roblox.com/users/4988856905/profile,7,FALSE,,,,
,A0. Conscrit,Mercs,Merc,twoofle,<@1437309295627735050>,https://www.roblox.com/users/2241543946/profile,12,FALSE,,,,
,A0. Conscrit,Mercs,Merc,soocerfootyplaya102,<@1019552639240917063>,https://www.roblox.com/users/6139968567/profile,2,FALSE,,,,
,A0. Conscrit,Mercs,Merc,Zweihvnders,<@1095948130341617684>,https://www.roblox.com/users/6105020411/profile,0,FALSE,,,,
,A0. Conscrit,Mercs,Merc,AnchoredWaves,<@1402868931307241593>,https://www.roblox.com/users/4103324778/profile,2,FALSE,,,,
,A0. Conscrit,Mercs,Merc,A4F,<@1453400968946389014>,https://www.roblox.com/users/15301216/profile,0,FALSE,,,,
,A0. Conscrit,Mercs,Merc,2wbm,<@1099772013909913782>,https://www.roblox.com/users/858577173/profile,2,FALSE,,,,
,A0. Conscrit,Mercs,Merc,helixedd,<@1485311141117820970>,https://www.roblox.com/users/10067494133/profile,4,FALSE,,,,
,A0. Conscrit,Mercs,Merc,1saac_2907,<@1435872543264346226>,https://www.roblox.com/users/639642395/profile,1,FALSE,,,,
,A0. Conscrit,Mercs,Merc,Julioplaysgames_YT,<@725225549802242098>,https://www.roblox.com/users/2003790787/profile,8,FALSE,,,,
,A0. Conscrit,Mercs,Merc,Slnpers,<@1466744800886919343>,https://www.roblox.com/users/90392055/profile,4,FALSE,,,,
,A0. Conscrit,Mercs,Merc,lejouerdu17M,<@967064500064911360>,https://www.roblox.com/users/5007594083/profile,1,FALSE,,,,
,A0. Conscrit,Mercs,Merc,cavaliercitadinee,<@1438708778345169038>,https://www.roblox.com/users/9010130735/profile,0,FALSE,,,,
,A0. Conscrit,Mercs,Merc,goldflsh0,<@857412522830331954>,https://www.roblox.com/users/836147796/profile,0,FALSE,,,,
,A0. Conscrit,Mercs,Merc,tigreece8,<@1128605325877059655>,https://www.roblox.com/users/7146446293/profile,1,FALSE,,,,
,A0. Conscrit,Mercs,Merc,amizolsteam,<@715982008093769813>,https://www.roblox.com/users/2578733533/profile,3,FALSE,,,,
,A0. Conscrit,Mercs,Merc,Thornicx,<@880940594585800754>,https://www.roblox.com/users/3930315470/profile,0,FALSE,,,,
,A0. Conscrit,Mercs,Merc,SoltigaVonlsrael0,<@766628177698357258>,https://www.roblox.com/users/5622929941/profile,6,FALSE,,,,
,A0. Conscrit,Mercs,Merc,Raf_Haag,<@1228308159584669746>,https://www.roblox.com/users/5388591227/profile,5,FALSE,,,,
,A0. Conscrit,Mercs,Merc,FillinTheBlock,<@300659805151035393>,https://www.roblox.com/users/5314082614/profile,1,FALSE,,,,
,A0. Conscrit,Mercs,Merc,achifadolie,<@786116632678367252>,https://www.roblox.com/users/1684593402/profile,1,FALSE,,,,
,A0. Conscrit,Mercs,Merc,margofabini,<@1488888416862212297>,https://www.roblox.com/users/10276390871/profile,1,FALSE,,,,
,A0. Conscrit,Mercs,Merc,DiezmannVarheim,<@1203330767774814220>,https://www.roblox.com/users/581921164/profile,1,FALSE,,,,
,A0. Conscrit,Mercs,Merc,Feinnish,<@1421715424894124144>,https://www.roblox.com/users/8285783630/profile,1,FALSE,,,,
,A0. Conscrit,Mercs,Merc,ceasarsalad74,<@1191728827064389632>,https://www.roblox.com/users/8731274481/profile,3,FALSE,,,,
,A0. Conscrit,Mercs,Merc,JBangerPants,,,2,FALSE,,,,
,A0. Conscrit,Mercs,Merc,Aiden43357,,,2,FALSE,,,,
,A0. Conscrit,Mercs,Merc,xXElonMuskOofXx,,https://www.roblox.com/users/941252151/profile,32,FALSE,,,,
,A0. Conscrit,Mercs,Merc,fred239i,,,3,FALSE,,,,
,A0. Conscrit,Mercs,Merc,Chrothium,,,1,FALSE,,,,
,A0. Conscrit,Mercs,Merc,Vazspla,,,2,FALSE,,,,
,A0. Conscrit,Mercs,Merc,RoyalTvillagerT,,,2,FALSE,,,,
,A0. Conscrit,Mercs,Merc,Crusader,,,1,FALSE,,,,
,A0. Conscrit,Mercs,Merc,Bast2k,,https://www.roblox.com/users/520998807/profile,32,FALSE,,,,
,A0. Conscrit,Mercs,Merc,charlottewantsdango,,,9,FALSE,,,,
,A0. Conscrit,Mercs,Merc,Gothmommies_hmu,,,13,FALSE,,,,
,A0. Conscrit,Mercs,Merc,Redhawk208221,,,41,FALSE,,,,
,A0. Conscrit,Mercs,Merc,mrcaptaincrazy654,,,4,FALSE,,,,
,A0. Conscrit,Mercs,Merc,stormyking1231,,,6,FALSE,,,,
,A0. Conscrit,Mercs,Merc,dawiddw54321,,,1,FALSE,,,,
,A0. Conscrit,Mercs,Merc,Melancholy_ing,,,1,FALSE,,,,
,A0. Conscrit,Mercs,Merc,Mr_Seumi,,,1,FALSE,,,,
,A0. Conscrit,Mercs,Merc,KarlDoesYT,,,2,FALSE,,,,
,A0. Conscrit,Mercs,Merc,Nano_Banjo,,,3,FALSE,,,,
,A0. Conscrit,Mercs,Merc,qImperialp,,,1,FALSE,,,,
,A0. Conscrit,Mercs,Merc,Melzer666,,,1,FALSE,,,,
,A0. Conscrit,Mercs,Merc,iiEyeblowiiFromYT,,,1,FALSE,,,,
,A0. Conscrit,Mercs,Merc,N0vaDeBest,,,1,FALSE,,,,
,A0. Conscrit,Mercs,Merc,Aviate31,,,3,FALSE,,,,
,A0. Conscrit,Mercs,Merc,Schlibidy,,,1,FALSE,,,,
,A0. Conscrit,Mercs,Merc,coolboy1234_COOL,,,36,FALSE,,,,
,A0. Conscrit,Mercs,Merc,Ethan9_hokage,,,1,FALSE,,,,
,A0. Conscrit,Mercs,Merc,kingsnake768,,,1,FALSE,,,,
,A0. Conscrit,Mercs,Merc,Skyler_Sentinal,,,1,FALSE,,,,
,A0. Conscrit,Mercs,Merc,phangyyyy100,,,1,FALSE,,,,
,A0. Conscrit,Mercs,Merc,SaladWatson,,,3,FALSE,,,,
,A0. Conscrit,Mercs,Merc,linkenbra,,,14,FALSE,,,,
,A0. Conscrit,Mercs,Merc,UniversalGabe,,,6,FALSE,,,,
,A0. Conscrit,Mercs,Merc,Kotmothos,,,8,FALSE,,,,
,A0. Conscrit,Mercs,Merc,zerosummary,,,40,FALSE,,,,
,A0. Conscrit,Mercs,Merc,Will,,,5,FALSE,,,,
,A0. Conscrit,Mercs,Merc,crusaderexechees,,,3,FALSE,,,,
,A0. Conscrit,Mercs,Merc,Bigstud1201,,,69,FALSE,,,,
,A0. Conscrit,Mercs,Merc,thegriffmiester,,,1,FALSE,,,,
,A0. Conscrit,Mercs,Merc,Cheezi_weezi1212,,,7,FALSE,,,,
,A0. Conscrit,Mercs,Merc,Belgian_Kaiser12,,,3,FALSE,,,,
,A0. Conscrit,Mercs,Merc,jokedima_iphone,,,1,FALSE,,,,
,A0. Conscrit,Mercs,Merc,gimemoneyandrobulk,,,1,FALSE,,,,
,A0. Conscrit,Mercs,Merc,pizzasinice1233,,,1,FALSE,,,,
,A0. Conscrit,Mercs,Merc,GlasShardsAreYummy,,,1,FALSE,,,,
,A0. Conscrit,Mercs,Merc,magmamusen100,,,1,FALSE,,,,
,A0. Conscrit,Mercs,Merc,UserKyurai,,,6,FALSE,,,,
,A0. Conscrit,Mercs,Merc,Mitsubira_Aratoshi,,,2,FALSE,,,,
,A0. Conscrit,Mercs,Merc,DaRockIsIntheRocks,,,2,FALSE,,,,
,A0. Conscrit,Mercs,Merc,NINJAGAMENG122,,,1,FALSE,,,,
,A0. Conscrit,Mercs,Merc,DekuKosmos,,,10,FALSE,,,,
,A0. Conscrit,Mercs,Merc,GoryInBoloqueAccords,,,1,FALSE,,,,
,A0. Conscrit,Mercs,Merc,Sinctova,,,1,FALSE,,,,
,A0. Conscrit,Mercs,Merc,KoIbenn,,,1,FALSE,,,,
,A0. Conscrit,Mercs,Merc,csgo32271,,,2,FALSE,,,,
,A0. Conscrit,Mercs,Merc,DeuxiemeClient,,,2,FALSE,,,,
,A0. Conscrit,Mercs,Merc,mrcheesemix,,,1,FALSE,,,,
,A0. Conscrit,Mercs,Merc,vladclv,,,2,FALSE,,,,
,A0. Conscrit,Mercs,Merc,amazingkaiikeda,,,3,FALSE,,,,
,A0. Conscrit,Mercs,Merc,UNILAB90,,,5,FALSE,,,,
,A0. Conscrit,Mercs,Merc,SteyetNouzen,,,4,FALSE,,,,
,A0. Conscrit,Mercs,Merc,VerySanelndividuaI,,,16,FALSE,,,,
,A0. Conscrit,Mercs,Merc,LoveSellingForLifeOK,,,3,FALSE,,,,
,A0. Conscrit,Mercs,Merc,DekoyInDetail,,,2,FALSE,,,,
,A0. Conscrit,Mercs,Merc,clampedbyleo,,,0,FALSE,,,,
,A0. Conscrit,Mercs,Merc,Mr_kevin1451,,,0,FALSE,,,,
,A0. Conscrit,Mercs,Merc,Businessmaen,<@1450143142539038734>,,12,FALSE,,,,
,A0. Conscrit,Mercs,Merc,name9027,,,0,FALSE,,,,
,A0. Conscrit,Mercs,Merc,gfdhdt468,,,1,FALSE,,,,
,A0. Conscrit,Mercs,Merc,Splenyiii,,,4,FALSE,,,,
,A0. Conscrit,Mercs,Merc,ADIIOOlostmyoriginal,,,3,FALSE,,,,
,A0. Conscrit,Mercs,Merc,Pzayya,,,2,FALSE,,,,
,A0. Conscrit,Mercs,Merc,15kanktus,,,5,FALSE,,,,
,A0. Conscrit,Mercs,Merc,adenytis,,,3,FALSE,,,,
,A0. Conscrit,Mercs,Merc,johansenpeterson,,,11,FALSE,,,,
,A0. Conscrit,Mercs,Merc,Zlox_mystery,,,1,FALSE,,,,
,A0. Conscrit,Mercs,Merc,SnakeAdvance,,,1,FALSE,,,,
,A0. Conscrit,Mercs,Merc,Patryk_Olszewskiii,,,26,FALSE,,,,
,A0. Conscrit,Mercs,Merc,Shinoro_Dama,,,1,FALSE,,,,
,A0. Conscrit,Mercs,Merc,Owen_Lett,,,2,FALSE,,,,
,A0. Conscrit,Mercs,Merc,coco_Iat,,,22,FALSE,,,,
,A0. Conscrit,Mercs,Merc,Loves4Chaewon,,,2,FALSE,,,,
,A0. Conscrit,Mercs,Merc,PhightingFishertana,<@705144943684878368>,https://www.roblox.com/users/1118784796/profile,41,FALSE,,,,
,A0. Conscrit,Mercs,Merc,Elitedumm,,https://www.roblox.com/users/1738636460/profile,42,FALSE,,,,
,A0. Conscrit,Mercs,Merc,Tach1bana_Hikari,<@787341489893801984>,https://www.roblox.com/users/1721229478/profile,10,FALSE,,,,
,A0. Conscrit,Mercs,Merc,smartbin4,,https://www.roblox.com/users/3652291522/profile,2,FALSE,,,,
,A0. Conscrit,Mercs,Merc,MADMOUN,,https://www.roblox.com/users/181645662/profile,10,FALSE,,,,
,A0. Conscrit,Mercs,Merc,Stenlyth,,https://www.roblox.com/users/5381571793/profile,1,FALSE,,,,
,A0. Conscrit,Mercs,Merc,InvestSaddam,,https://www.roblox.com/users/306848233/profile,1,FALSE,,,,
,A0. Conscrit,Mercs,Merc,McVonlsrael,,https://www.roblox.com/users/5172433533/profile,2,FALSE,,,,
,A0. Conscrit,Mercs,Merc,Wxmmbu,,https://www.roblox.com/users/925339988/profile,1,FALSE,,,,
,A0. Conscrit,Mercs,Merc,fyrveil,<@1111190406231756894>,https://www.roblox.com/users/1915792654/profile,20,FALSE,,,,
,A0. Conscrit,Mercs,Merc,PenJaoming,,https://www.roblox.com/users/363176390/profile,1,FALSE,,,,
,A0. Conscrit,Mercs,Merc,qwerty100255,,https://www.roblox.com/users/1540394768/profile,44,FALSE,,,,
,A0. Conscrit,Mercs,Merc,JefferyVonGrisch,,https://www.roblox.com/users/130673567/profile,5,FALSE,,,,
,A0. Conscrit,Mercs,Merc,Tach1bana_Nozom1,,https://www.roblox.com/users/3652291522/profile,5,FALSE,,,,
,A0. Conscrit,Mercs,Merc,WrednySlodziak21,,https://www.roblox.com/users/3013588513/profile,5,FALSE,,,,
,A0. Conscrit,Mercs,Merc,Impeppapigsgravein,,https://www.roblox.com/users/1538910061/profile,5,FALSE,,,,
,A0. Conscrit,Mercs,Merc,Yorick_Stirling,,https://www.roblox.com/users/93522575/profile,1,FALSE,,,,
,A0. Conscrit,Mercs,Merc,firegrong,,https://www.roblox.com/users/3334995701/profile,2,FALSE,,,,
,A0. Conscrit,Mercs,Merc,grzegorzjasinski,,https://www.roblox.com/users/1320156463/profile,2,FALSE,,,,
,A0. Conscrit,Mercs,Merc,spoconyw,,https://www.roblox.com/users/1964746658/profile,2,FALSE,,,,
,A0. Conscrit,Mercs,Merc,TomatsopaAviz,,https://www.roblox.com/users/333806941/profile,9,FALSE,,,,
,A0. Conscrit,Mercs,Merc,lukajz1,,https://www.roblox.com/users/3231354085/profile,2,FALSE,,,,
,A0. Conscrit,Mercs,Merc,Gencut_1354,,https://www.roblox.com/users/879933320/profile,4,FALSE,,,,
,A0. Conscrit,Mercs,Merc,kundfog,,https://www.roblox.com/users/2868479706/profile,6,FALSE,,,,
,A0. Conscrit,Mercs,Merc,LinkenAviz,,https://www.roblox.com/users/1884019696/profile,5,FALSE,,,,
,A0. Conscrit,Mercs,Merc,DREAMHOLYlit,,,4,FALSE,,,,
,A0. Conscrit,Mercs,Merc,jjs130927,,https://www.roblox.com/users/1828885857/profile,3,FALSE,,,,
,A0. Conscrit,Mercs,Merc,abysali,,https://www.roblox.com/users/1018214451/profile,1,FALSE,,,,
,A0. Conscrit,Mercs,Merc,IndomieGaming13,,https://www.roblox.com/users/2691151829/profile,1,FALSE,,,,
,A0. Conscrit,Mercs,Merc,mrzlsrzj,,,1,FALSE,,,,
,A0. Conscrit,Mercs,Merc,BeLBuT_Y33,,,1,FALSE,,,,
,A0. Conscrit,Mercs,Merc,easy_match,,https://www.roblox.com/users/1346996464/profile,0,FALSE,,,,
,A0. Conscrit,Mercs,Merc,MX_903,<@1266165200034332762>,https://www.roblox.com/users/3188170772/profile,0,FALSE,,,,
,A0. Conscrit,Mercs,Merc,Nauxilocks,<@1126577308904468581>,https://www.roblox.com/users/7958124926/profile,13,FALSE,,,,
,A0. Conscrit,Mercs,Merc,seep0707,<@1318459534620229662>,https://www.roblox.com/users/2243586663/profile,6,FALSE,,,,
,A0. Conscrit,Mercs,Merc,Fxrsakenned,<@753027757394362408>,https://www.roblox.com/users/2562007721/profile,0,FALSE,,,,
,A0. Conscrit,Mercs,Merc,PythonsImperial,<@1340325967742373990>,https://www.roblox.com/users/7860382706/profile,0,FALSE,,,,
,A0. Conscrit,Mercs,Merc,0hWojteq,<@675367313310089228>,https://www.roblox.com/users/2625085352/profile,1,FALSE,,,,
,A0. Conscrit,Mercs,Merc,ER04R,<@994471110110347294>,https://www.roblox.com/users/3080141747/profile,0,FALSE,,,,
,A0. Conscrit,Mercs,Merc,Vladillolll,<@1430723227814068276>,,0,FALSE,,,,
,A0. Conscrit,Mercs,Merc,Mossu2009,<@689766497601847312>,https://www.roblox.com/users/1422711063/profile,0,FALSE,,,,
,A0. Conscrit,Mercs,Merc,Draytruck,<@1483172559729197206>,https://www.roblox.com/users/1986185926/profile,0,FALSE,,,,
,A0. Conscrit,Mercs,Merc,Scheinenland,<@263137452598886403>,https://www.roblox.com/users/1216035628/profile,0,FALSE,,,,
,A0. Conscrit,Mercs,Merc,OsianVonGrisch,<@964182389683281931>,https://www.roblox.com/users/318165717/profile,1,FALSE,,,,
,A0. Conscrit,Mercs,Merc,4thYuga,<@833517857789968426>,https://www.roblox.com/users/878215096/profile,7,FALSE,,,,
,A0. Conscrit,Mercs,Merc,TwistedGuy010,<@1166694969600389211>,https://www.roblox.com/users/1612087614/profile,1,FALSE,,,,
,A0. Conscrit,Mercs,Merc,Weaponizedxsor111,<@1158243584923926588>,,8,FALSE,,,,
,A0. Conscrit,Mercs,Merc,FrostObelyn,<@603902326805102612>,https://www.roblox.com/users/1995147002/profile,4,FALSE,,,,
,A0. Conscrit,Mercs,Merc,Luke6370,<@415372561761959956>,https://www.roblox.com/users/1012408086/profile,1,FALSE,,,,
,A0. Conscrit,Mercs,Merc,GryyVonLoudon,,https://www.roblox.com/users/265145777/profile,5,FALSE,,,,
,A0. Conscrit,Mercs,Merc,LLloKeP,<@205736655259303936>,https://www.roblox.com/users/88216049/profile,3,FALSE,,,,
,A0. Conscrit,Mercs,Merc,alexlovebee4561,,https://www.roblox.com/users/459908532/profile,11,FALSE,,,,
,A0. Conscrit,Mercs,Merc,oriolpuig,<@1271046798387187722>,https://www.roblox.com/users/449217556/profile,6,FALSE,,,,
,A0. Conscrit,Mercs,Merc,BXxRobloxXB2,,https://www.roblox.com/users/1331306482/profile,3,FALSE,,,,
,A0. Conscrit,Mercs,Merc,cegla_guy903,<@1101181768754794606>,https://www.roblox.com/users/3878127933/profile,1,FALSE,,,,
,A0. Conscrit,Mercs,Merc,maestropiotrula,<@1269557986058043471>,https://www.roblox.com/users/5611528924/profile,1,FALSE,,,,
,A0. Conscrit,Mercs,Merc,VinTheBunny082,<@855740483668934676>,https://www.roblox.com/users/856215189/profile,72,FALSE,,,,
,A0. Conscrit,Mercs,Merc,Hayden_BB2020,<@1163761416646443028>,https://www.roblox.com/users/2059068051/profile,20,FALSE,,,,
,A0. Conscrit,Mercs,Merc,y0ungSthebest,<@990267791179391157>,https://www.roblox.com/users/3191073225/profile,4,FALSE,,,,
,A0. Conscrit,Mercs,Merc,sundarnce,<@704440189468278905>,https://www.roblox.com/users/1235903251/profile,1,FALSE,,,,
,A0. Conscrit,Mercs,Merc,HB_1088,<@460993716044169217>,https://www.roblox.com/users/119162350/profile,0,FALSE,,,,
,A0. Conscrit,Mercs,Merc,James2k05,<@1354328719883239424>,https://www.roblox.com/users/647570375/profile,0,FALSE,,,,
,A0. Conscrit,Mercs,Merc,thatnoobguy55,<@1167284630219669628>,https://www.roblox.com/users/4500131644/profile,2,FALSE,,,,
,A0. Conscrit,Mercs,Merc,ChiefBerdan,<@1161741727095337020>,https://www.roblox.com/users/1639174170/profile,2,FALSE,,,,
,A0. Conscrit,Mercs,Merc,Frostyicus,<@1048805616531025982>,https://www.roblox.com/users/2212464462/profile,0,FALSE,,,,
,A0. Conscrit,Mercs,Merc,AGKS_JDEOCGSH,<@1052926875074306150>,https://www.roblox.com/users/4013962093/profile,0,FALSE,,,,
,A0. Conscrit,Mercs,Merc,doku251,<@571295074156150823>,https://www.roblox.com/users/573671817/profile,0,FALSE,,,,
,A0. Conscrit,Mercs,Merc,backwolfthepro,<@888971553180627015>,https://www.roblox.com/users/1997721782/profile,0,FALSE,,,,
,A0. Conscrit,Mercs,Trial Ranker,Aslynix,<@1052418293648068628>,https://www.roblox.com/users/1508862841/profile,5,FALSE,,,,
,A0. Conscrit,Mercs,Merc,commander_bleep,<@947678937406898176>,https://www.roblox.com/users/2861121932/profile,0,FALSE,,,,
,A0. Conscrit,Mercs,Merc,BarclayForare,<@1526191398347604010>>,https://www.roblox.com/users/276572039/profile,1,FALSE,,,,
,A0. Conscrit,Mercs,Merc,imthailandnice,<@926871490178215936>,https://www.roblox.com/users/3870205206/profile,0,FALSE,,,,
,A0. Conscrit,Mercs,Merc,hcfhhgh39,<@1499950911643062393>,https://www.roblox.com/users/8381404612/profile,2,FALSE,,,,
,A0. Conscrit,Mercs,Merc,MKgamed317168,<@898805117309055017>,https://www.roblox.com/users/448974473/profile,0,FALSE,,,,
,A0. Conscrit,Mercs,Merc,john2calhoun,<@1286998885637689396>,https://www.roblox.com/users/577467718/profile,0,FALSE,,,,
,A0. Conscrit,Mercs,Merc,iok_028,<@1233323297190707250>,https://www.roblox.com/users/5698808199/profile,4,FALSE,,,,
,A0. Conscrit,Mercs,Merc,mynameisjeff12121219,<@1150838024423362560>,https://www.roblox.com/users/5301646540/profile,0,FALSE,,,,
,A0. Conscrit,Mercs,Merc,Bison_G,<@902341846494216262>,https://www.roblox.com/users/914933799/profile,0,FALSE,,,,
,A0. Conscrit,Mercs,Trial Ranker,gorguli_666,<@1489678936022716557>,https://www.roblox.com/users/3822988288/profile,0,FALSE,,,,
,A0. Conscrit,Mercs,Merc,OriflameFleurye,<@980039962730831872>,https://www.roblox.com/users/2246997868/profile,7,FALSE,,,,
,A0. Conscrit,Mercs,Merc,Austrian_Feldmarshal,<@1487811091911147580>,https://www.roblox.com/users/8103792793/profile,3,FALSE,,,,
,A0. Conscrit,Mercs,Merc,fhcufhff73,<@1428630441052606474>,https://www.roblox.com/users/9460578579/profile,0,FALSE,,,,
,,,,crusader1965,,https://www.roblox.com/users/925243262/profile,0,TRUE,,,,
,A6. Honorary Sergent,not found,Veteran,Edwardcraft22,<@269437830743195648>,https://www.roblox.com/users/153317243/profile,272,TRUE,,,,
,A6. Honorary Sergent,not found,Veteran,Broden2603,<@785511251500728332>,https://www.roblox.com/users/2985154137/profile,136,TRUE,,,,
,A5. Caporal Fourrier,not found,Full Ranker,Akamiiii_11,<@1305702713815859230>,https://www.roblox.com/users/10879270321/profile,44,TRUE,,,,
,A5. Caporal Fourrier,not found,Trial Ranker,2noob2Camp,<@914039241867149323>,https://www.roblox.com/users/3089868578/profile,142,TRUE,,,,
,A5. Caporal Fourrier,not found,Full Ranker,marcghd57r,<@900549055673933824>,https://www.roblox.com/users/1714850159/profile,32,TRUE,,,,
,A5. Caporal Fourrier,not found,Full Ranker,dodofatness1,<@1200012395767152670>,https://www.roblox.com/users/1494900396/profile,48,TRUE,,,,
,A5. Caporal Fourrier,not found,Full Ranker,Alex_B12RAlpha,<@740877418843340860>,https://www.roblox.com/users/1807017827/profile,36,TRUE,,,,
,A5. Caporal Fourrier,not found,Full Ranker,XxNyanationGalxX,<@896307715423477821>,https://www.roblox.com/users/1700687820/profile,38,TRUE,,,,
,A5. Caporal Fourrier,not found,Full Ranker,Ihadnoname44,<@761912237673414656>,https://www.roblox.com/users/1709975726/profile,41,TRUE,,,,
,A5. Caporal Fourrier,not found,Full Ranker,baonpn192399,<@816618677637218304>,https://www.roblox.com/users/1273584208/profile,24,TRUE,,,,
,A5. Caporal Fourrier,not found,Full Ranker,Dante_Mcnaveed02,<@1025242692516585563>,https://www.roblox.com/users/1706683811/profile,74,TRUE,,,,
,A5. Caporal Fourrier,not found,Full Ranker,MARETUBE0,<@1123548676246212629>,https://www.roblox.com/users/5339301695/profile,50,TRUE,,,,
,A5. Caporal Fourrier,not found,Full Ranker,Dosho550,<@1096066475640508609>,https://www.roblox.com/users/9296021122/profile,2,TRUE,,,,
,A5. Caporal Fourrier,not found,Full Ranker,mapnap3,<@924295164376256533>,https://www.roblox.com/users/1878422214/profile,35,TRUE,,,,
,A5. Caporal Fourrier,not found,Full Ranker,UnionAtArms,<@557803325039312918>,https://www.roblox.com/users/1008655463/profile,93,TRUE,,,,
,A5. Caporal Fourrier,not found,Full Ranker,mirfan107,<@695642519836295269>,https://www.roblox.com/users/850995050/profile,7,TRUE,,,,
,A5. Caporal Fourrier,not found,Full Ranker,iiaexticii,<@1514254611178061995>,https://www.roblox.com/users/1606220337/profile,25,TRUE,,,,
,A5. Caporal Fourrier,not found,Missing,grandmaster_02,<@924914148419203092>,https://www.roblox.com/users/1158270595/profile,58,TRUE,,,,
,A5. Caporal Fourrier,not found,Full Ranker,xFriskTheDETERMINEDx,<@1287289506390609973>,https://www.roblox.com/users/1496944719/profile,90,TRUE,,,,
,A5. Caporal Fourrier,not found,Full Ranker,IchigoDaitsu,<@1347850609197453313>,https://www.roblox.com/users/8119397082/profile,80,TRUE,,,,
,A5. Caporal Fourrier,not found,Missing,pokoyo1192,<@1503025184393658620>,https://www.roblox.com/users/2739662349/profile,0,TRUE,,,,
,A5. Caporal Fourrier,not found,Missing,JohnHPhalp,<@470974458350403595>,https://www.roblox.com/users/5273613968/profile,263,TRUE,,,,
,A5. Caporal Fourrier,not found,Full Ranker,mingzitainan123,<@1159360865078886460>,https://www.roblox.com/users/1717351656/profile,14,TRUE,,,,
,A5. Caporal Fourrier,"1er Fusiliers ""Les Terribles""",Full Ranker,zombiepro1399,<@1051546762441146550>,https://www.roblox.com/users/2603151952/profile,30,FALSE,,,,
,A5. Caporal Fourrier,not found,FD,earthandbdk,<@930363221100089384>,https://www.roblox.com/users/3018157223/profile,110,TRUE,,,,
,A5. Caporal Fourrier,not found,Full Ranker,Arkia620,<@1313480931905900555>,https://www.roblox.com/users/7493688837/profile,75,TRUE,,,,
,A5. Caporal Fourrier,not found,Full Ranker,arkanorangterkeren,<@742902370148548660>,https://www.roblox.com/users/3666917251/profile,134,TRUE,,,,
,A5. Caporal Fourrier,not found,Full Ranker,g_renaderskiy,<@591688214041853971>,https://www.roblox.com/users/2207040467/profile,50,TRUE,,,,
,A5. Caporal Fourrier,not found,Full Ranker,BekaFollowsGod,<@1114280440673599569>,https://www.roblox.com/users/8062950335/profile,24,TRUE,,,,
,A5. Caporal Fourrier,not found,Missing,kirito20175,<@914770382282686494>,https://www.roblox.com/users/314275653/profile,87,TRUE,,,,
,A5. Caporal Fourrier,not found,Full Ranker,AntiquaeStellae,<@1415121778027528213>,https://www.roblox.com/users/9449881484/profile,39,TRUE,,,,
,A5. Caporal Fourrier,not found,Full Ranker,kvelldiver,<@1437881659541426237>,https://www.roblox.com/users/2413195895/profile,16,TRUE,,,,
,A5. Caporal Fourrier,not found,Missing,Kikruw,<@1354099266628358154>,https://www.roblox.com/users/8179557437/profile,136,TRUE,,,,
,A5. Caporal Fourrier,not found,Missing,Parad0xTh3,<@748799705634308156>,https://www.roblox.com/users/1665466376/profile,51,TRUE,,,,
,A5. Caporal Fourrier,not found,Missing,hgbhigij,<@1048612555859435572>,https://www.roblox.com/users/528949035/profile,41,TRUE,,,,
,A5. Caporal Fourrier,not found,Missing,guedafilol,<@681819422356406309>,https://www.roblox.com/users/1332100970/profile,50,TRUE,,,,
,A5. Caporal Fourrier,not found,Missing,ColonelFigure,<@491874442549657611>,https://www.roblox.com/users/669664079/profile,19,TRUE,,,,
,A5. Caporal Fourrier,not found,Missing,whiteshadowGS1,<@835494986886938624>,https://www.roblox.com/users/4469971542/profile,10,TRUE,,,,
,A5. Caporal Fourrier,not found,Missing,zam141master_gamer,<@1002165101576593419>,https://www.roblox.com/users/1881046023/profile,10,TRUE,,,,
,A5. Caporal Fourrier,not found,Missing,kopi27,<@926491592330711060>,https://www.roblox.com/users/225102469/profile,51,TRUE,,,,
,A5. Caporal Fourrier,not found,Full Ranker,OMG_ItzRihito,<@812228716939051008>,https://www.roblox.com/users/1652773526/profile,62,TRUE,,,,
,A5. Caporal Fourrier,not found,Full Ranker,waterbongopika,<@650549948475113472>,https://www.roblox.com/users/1500741047/profile,50,TRUE,,,,
,A5. Caporal Fourrier,not found,Full Ranker,leader006,<@431065955158982658>,https://www.roblox.com/users/473937637/profile,57,TRUE,,,,
,A5. Caporal Fourrier,not found,Trial Ranker,HeinrichPepper2,<@663115186986680325>,https://www.roblox.com/users/844136444/profile,2,TRUE,,,,
,A5. Caporal Fourrier,not found,Full Ranker,TRIPLE772,<@714463323931803679>,https://www.roblox.com/users/729892001/profile,3,TRUE,,,,
,A5. Caporal Fourrier,not found,Missing,blaze134528,<@927493019006013450>,https://www.roblox.com/users/2430225800/profile,81,TRUE,,,,
,A5. Caporal Fourrier,not found,Missing,11451423_1,<@1416273028437905480>,https://www.roblox.com/users/8510314221/profile,26,TRUE,,,,
,A5. Caporal Fourrier,not found,Full Ranker,AkariMirage,<@956366559079702538>,https://www.roblox.com/users/3201942311/profile,30,TRUE,,,,
,A5. Caporal Fourrier,not found,Missing,Zeth5221,<@2837958923306270750>,https://www.roblox.com/users/3124844579/profile,74,TRUE,,,,
,A5. Caporal Fourrier,not found,Missing,uhfsae,<@868676408413655080>,https://www.roblox.com/users/3526739047/profile,20,TRUE,,,,
,A5. Caporal Fourrier,not found,Missing,lolomo12234,<@1193481662068178984>,https://www.roblox.com/users/4802065966/profile,73,TRUE,,,,
,A5. Caporal Fourrier,not found,Veteran,CodyHavoc,<@652804327617986613>,https://www.roblox.com/users/1303229073/profile,33,TRUE,,,,
,A5. Caporal Fourrier,not found,Missing,THAILANDXzAND,<@783357148481716284>,https://www.roblox.com/users/2391000716/profile,78,TRUE,,,,
,A5. Caporal Fourrier,not found,Full Ranker,giabao571,<@596571564775047168>,https://www.roblox.com/users/603662116/profile,154,TRUE,,,,
,A5. Caporal Fourrier,not found,Missing,Toastparte,<@756052910265073685>,https://www.roblox.com/users/693936197/profile,52,TRUE,,,,
,A5. Caporal Fourrier,not found,Missing,ThunderBird71511,<@1038763361237745705>,https://www.roblox.com/users/3234404189/profile,3,TRUE,,,,
,A5. Caporal Fourrier,not found,Full Ranker,X_Xc747,<@1348653350727585827>,https://www.roblox.com/users/7091244985/profile,21,TRUE,,,,
,A5. Caporal Fourrier,not found,Full Ranker,jonn0thing,<@212863068063924224>,https://www.roblox.com/users/260632993/profile,72,TRUE,,,,
,A5. Caporal Fourrier,not found,Full Ranker,LaggyPalan,<@827404837892128778>,https://www.roblox.com/users/2687092185/profile,45,TRUE,,,,
,A5. Caporal Fourrier,not found,Full Ranker,Aloysius6543,<@1219642267594391665>,https://www.roblox.com/users/4628988706/profile,77,TRUE,,,,
,A5. Caporal Fourrier,not found,Missing,HumbleDenial,<@1172463178286907423>,https://www.roblox.com/users/9138229527/profile,80,TRUE,,,,
,A5. Caporal Fourrier,not found,Missing,Durendahl,<@234206839544348682>,https://www.roblox.com/users/72875646/profile,60,TRUE,,,,
,A5. Caporal Fourrier,not found,Missing,Bright16453,<@855987413285470229>,https://www.roblox.com/users/3053818275/profile,50,TRUE,,,,
,A5. Caporal Fourrier,not found,Full Ranker,F4K3_Thunder,<@489506205237116958>,https://www.roblox.com/users/2300332093/profile,1,TRUE,,,,
,A5. Caporal Fourrier,not found,Full Ranker,HusainPLayzYT,<@1203263439594852413>,https://www.roblox.com/users/2437311539/profile,18,TRUE,,,,
,A5. Caporal Fourrier,not found,Full Ranker,K1ngW1lhelm_III,<@447386013346824192>,https://www.roblox.com/users/368814797/profile,33,TRUE,,,,
,A5. Caporal Fourrier,not found,Missing,adb1234591,<@1150317904395522078>,https://www.roblox.com/users/7128720770/profile,16,TRUE,,,,
,A5. Caporal Fourrier,not found,Full Ranker,wingstar9012,<@686087695130165268>,https://www.roblox.com/users/640643499/profile,60,TRUE,,,,
,A5. Caporal Fourrier,not found,Full Ranker,Vine_Jagger,<@808156749689257984>,https://www.roblox.com/users/505095242/profile,1,TRUE,,,,
,A5. Caporal Fourrier,not found,Full Ranker,90smx3,<@420895971178840064>,https://www.roblox.com/users/313512283/profile,21,TRUE,,,,
,A5. Caporal Fourrier,not found,Full Ranker,MashiroItsumi,<@1158992204262543422>,https://www.roblox.com/users/2938124598/profile,0,TRUE,,,,
,A5. Caporal Fourrier,not found,Full Ranker,Drippy_Leksi1122,<@888424805685141574>,https://www.roblox.com/users/1965803350/profile,0,TRUE,,,,
,A5. Caporal Fourrier,not found,Missing,ILHAMPR0PLAYV2,<@969149877449785354>,https://www.roblox.com/users/3234631275/profile,10,TRUE,,,,
,A5. Caporal Fourrier,not found,Full Ranker,ranzkrieg,<@745827172572463235>,https://www.roblox.com/users/576410678/profile,1,TRUE,,,,
,A5. Caporal Fourrier,not found,Missing,K1ngAethis,<@447386013346824192>,https://www.roblox.com/users/368814797/profile,4,TRUE,,,,
,A5. Caporal Fourrier,not found,Full Ranker,foxsky2341,<@690111266529869844>,https://www.roblox.com/users/2501190932/profile,0,TRUE,,,,
,A5. Caporal Fourrier,not found,Full Ranker,MijiuCoco,<@782707651934421003>,https://www.roblox.com/users/898254935/profile,3,TRUE,,,,
,A5. Caporal Fourrier,not found,Full Ranker,Sert1423,<@580466137158910048>,https://www.roblox.com/users/114171952/profile,25,TRUE,,,,
,A4. Caporal de Premier,not found,Full Ranker,commander_ofshrek,<@934338229438656512>,https://www.roblox.com/users/3680710532/profile,45,TRUE,,,,
,A4. Caporal de Premier,"3eme Fusiliers ""Rivoli""",Full Ranker,cooljolo_playz36,<@1119922794801680474>,https://www.roblox.com/users/2058386308/profile,34,FALSE,,,,
,A4. Caporal de Premier,not found,Full Ranker,Eclipse_Andromeda,<@471604308060667905>,https://www.roblox.com/users/93492268/profile,32,TRUE,,,,
,A4. Caporal de Premier,not found,Full Ranker,yamatekudadai83,<@1472593280528154665>,https://www.roblox.com/users/4726095399/profile,36,TRUE,,,,
,A4. Caporal de Premier,not found,Full Ranker,tuantu1975,<@1370706223212789870>,https://www.roblox.com/users/4394095012/profile,28,TRUE,,,,
,A4. Caporal de Premier,not found,Full Ranker,sagmax134,<@924593202940489819>,https://www.roblox.com/users/1772673665/profile,27,TRUE,,,,
,A4. Caporal de Premier,not found,Missing,JairusTae300,<@763340495405187114>,https://www.roblox.com/users/2958921848/profile,7,TRUE,,,,
,A4. Caporal de Premier,not found,Missing,XSYKSLA,<@1422571536694513816>,https://www.roblox.com/users/7954743640/profile,37,TRUE,,,,
,A4. Caporal de Premier,not found,Missing,roblox_gglol3,<@1470975290728648756>,https://www.roblox.com/users/7336513945/profile,38,TRUE,,,,
,A4. Caporal de Premier,not found,Full Ranker,khor44uujj,<@1003095434685857944>,https://www.roblox.com/users/1384918102/profile,24,TRUE,,,,
,A4. Caporal de Premier,not found,Full Ranker,AIPHONEG4,<@886143768493953025>,https://www.roblox.com/users/3079512274/profile,43,TRUE,,,,
,A4. Caporal de Premier,not found,Full Ranker,ATOMPRIME76451,<@680554314481008852>,https://www.roblox.com/users/1518647925/profile,29,TRUE,,,,
,A4. Caporal de Premier,not found,Full Ranker,povhjy,<@878053805260959824>,https://www.roblox.com/users/2495059308/profile,23,TRUE,,,,
,A4. Caporal de Premier,not found,Full Ranker,angelviya1109,<@1110803893702623252>,https://www.roblox.com/users/3680708366/profile,18,TRUE,,,,
,A4. Caporal de Premier,not found,Full Ranker,Ronaldomd12321,<@776432827830108161>,https://www.roblox.com/users/1526422101/profile,6,TRUE,,,,
,A4. Caporal de Premier,not found,Missing,Topfragicus,<@1271564945187667988>,https://www.roblox.com/users/2919843818/profile,14,TRUE,,,,
,A4. Caporal de Premier,not found,Missing,124nbq,<@1370786473733001237>,https://www.roblox.com/users/8329133430/profile,16,TRUE,,,,
,A4. Caporal de Premier,not found,Full Ranker,agma9000,<@1081571630679076915>,https://www.roblox.com/users/1389346155/profile,22,TRUE,,,,
,A4. Caporal de Premier,not found,Full Ranker,justgameplay_yt19,<@1099302807145824318>,https://www.roblox.com/users/5175028921/profile,33,TRUE,,,,
,A4. Caporal de Premier,not found,Full Ranker,3580qwe3580qwe,<@961782725331812362>,https://www.roblox.com/users/3449770596/profile,14,TRUE,,,,
,A4. Caporal de Premier,not found,Full Ranker,ZeNlaserTH2240,<@1383384358366220360>,https://www.roblox.com/users/2965064749/profile,17,TRUE,,,,
,A4. Caporal de Premier,not found,Full Ranker,Tam_Blizzardfruit,<@1142830433965445302>,https://www.roblox.com/users/4407981049/profile,7,TRUE,,,,
,A4. Caporal de Premier,not found,Full Ranker,MurderVonSteuben,<@350298238131240961>,https://www.roblox.com/users/325843351/profile,7,TRUE,,,,
,A4. Caporal de Premier,not found,Full Ranker,Sen_isen,<@1165555679608705095>,https://www.roblox.com/users/1950641013/profile,42,TRUE,,,,
,A4. Caporal de Premier,not found,Full Ranker,ImLeibe,<@800793675445436518>,https://www.roblox.com/users/1550256384/profile,39,TRUE,,,,
,A4. Caporal de Premier,not found,Missing,CaptainRaven14,<@1162549172159922207>,https://www.roblox.com/users/417128565/profile,17,TRUE,,,,
,A4. Caporal de Premier,not found,Missing,legendary_shadow03,<@913774453253615626>,https://www.roblox.com/users/1749036747/profile,33,TRUE,,,,
,A4. Caporal de Premier,not found,Missing,JumboTr0n,<@1304047897704403016>,https://www.roblox.com/users/2799508184/profile,29,TRUE,,,,
,A4. Caporal de Premier,not found,Full Ranker,theboyzeze,<@641174092325715977>,https://www.roblox.com/users/561836731/profile,22,TRUE,,,,
,A4. Caporal de Premier,not found,Full Ranker,luispizzaboy101,<@1305065282095546410>,https://www.roblox.com/users/7204735109/profile,23,TRUE,,,,
,A4. Caporal de Premier,not found,Missing,aniq9_2022,<@1317086222975369248>,https://www.roblox.com/users/3280982201/profile,40,TRUE,,,,
,A4. Caporal de Premier,not found,Full Ranker,realgrimaceshakefan2,<@1321208215609802835>,https://www.roblox.com/users/4996788757/profile,10,TRUE,,,,
,A4. Caporal de Premier,not found,Missing,penguinboy2423,<@1065762441692192861>,https://www.roblox.com/users/1520294232/profile,34,TRUE,,,,
,A4. Caporal de Premier,not found,Full Ranker,ToshiLPI,<@1224511860498366584>,https://www.roblox.com/users/2748848981/profile,10,TRUE,,,,
,A3. Caporal,not found,Full Ranker,HopevonSurrey,<@1292627479051370532>,https://www.roblox.com/users/1392444308/profile,5,TRUE,,,,
,A3. Caporal,not found,Full Ranker,olinenok_olilinka,<@1369543229158195223>,https://www.roblox.com/users/1047845935/profile,15,TRUE,,,,
,A3. Caporal,not found,Full Ranker,SMG90356813,<@1349155353824202813>,https://www.roblox.com/users/4323691920/profile,16,TRUE,,,,
,A3. Caporal,not found,Full Ranker,janiasarry,<@805001001902800897>,https://www.roblox.com/users/2556976468/profile,17,TRUE,,,,
,A3. Caporal,not found,Full Ranker,Sambhavsingh1985,<@876295347159334924>,https://www.roblox.com/users/2287721146/profile,24,TRUE,,,,
,A3. Caporal,not found,Full Ranker,gamer12949219,<@1282384806293934172>,https://www.roblox.com/users/7633074149/profile,23,TRUE,,,,
,A3. Caporal,not found,Full Ranker,nguyenovietnam,<@1450859917719375974>,https://www.roblox.com/users/2563908620/profile,21,TRUE,,,,
,A3. Caporal,not found,Full Ranker,EnzoAstronautX,<@1084068510629625956>,https://www.roblox.com/users/2232712165/profile,22,TRUE,,,,
,A3. Caporal,not found,Full Ranker,LuxinityBlox,<@454626620372942868>,https://www.roblox.com/users/554078754/profile,17,TRUE,,,,
,A3. Caporal,not found,Full Ranker,zbinqboyz,<@430320308780531713>,https://www.roblox.com/users/383057079/profile,8,TRUE,,,,
,A3. Caporal,not found,Missing,csgo_lmg,<@813662814865719307>,https://www.roblox.com/users/1101676880/profile,23,TRUE,,,,
,A3. Caporal,not found,Missing,EviCastle,<@1486138940028354634>,https://www.roblox.com/users/1859154501/profile,26,TRUE,,,,
,A3. Caporal,not found,Missing,RedsLitterary,<@1024663014701547633>,https://www.roblox.com/users/3874555467/profile,24,TRUE,,,,
,A3. Caporal,not found,Full Ranker,ayyo13240,<@1335109694762516550>,https://www.roblox.com/users/8790653546/profile,22,TRUE,,,,
,A3. Caporal,not found,Full Ranker,Ncotine666,<@690888788737523722>,https://www.roblox.com/users/1952906949/profile,11,TRUE,,,,
,A3. Caporal,not found,Missing,gjkfvjjvhf,<@1350121548782108784>,https://www.roblox.com/users/1521159365/profile,15,TRUE,,,,
,A3. Caporal,not found,Missing,karmic234,<@1421788180084035675>,https://www.roblox.com/users/5352735888/profile,3,TRUE,,,,
,A3. Caporal,not found,Missing,potahteh,<@714039501101727824>,https://www.roblox.com/users/1673710559/profile,17,TRUE,,,,
,A3. Caporal,not found,Missing,Crochrbees,<@1248954569187393617>,https://www.roblox.com/users/5328890266/profile,0,TRUE,,,,
,A3. Caporal,not found,Missing,larrytorne,<@1366543379521081425>,https://www.roblox.com/users/1994424922/profile,7,TRUE,,,,
,A3. Caporal,not found,Missing,Anonymous_90786,<@1495656377996021860>,https://www.roblox.com/users/3283032562/profile,10,TRUE,,,,
,A3. Caporal,not found,Full Ranker,MortalaOrDie,<@904114531867955210>,https://www.roblox.com/users/1264437773/profile,6,TRUE,,,,
,A3. Caporal,not found,Full Ranker,aRsYAPC,<@977520273278533703>,https://www.roblox.com/users/2426497048/profile,11,TRUE,,,,
,A3. Caporal,not found,Full Ranker,MLGguy_m8,<@1144811789050187866>,https://www.roblox.com/users/272664353/profile,6,TRUE,,,,
,A3. Caporal,not found,Missing,olivertoefuingi,<@1421077069214908537>,https://www.roblox.com/users/8766958148/profile,0,TRUE,,,,
,A3. Caporal,not found,Full Ranker,dogetove,<@1377649501757509692>,https://www.roblox.com/users/9045274960/profile,19,TRUE,,,,
,A3. Caporal,not found,Full Ranker,suratil647765,<@1298589559021502475>,https://www.roblox.com/users/3799080426/profile,19,TRUE,,,,
,A3. Caporal,not found,Full Ranker,Phirun10,<@1234464039485177856>,https://www.roblox.com/users/5847583558/profile,21,TRUE,,,,
,A3. Caporal,not found,Full Ranker,tianso63,<@1444153733633020054>,https://www.roblox.com/users/7965571132/profile,18,TRUE,,,,
,A3. Caporal,not found,Full Ranker,FZOXTF,<@1270127786002223197>,https://www.roblox.com/users/7534658835/profile,26,TRUE,,,,
,A3. Caporal,not found,Full Ranker,1L6VLskcrD,<@1187791899801686066>,https://www.roblox.com/users/4221229098/profile,17,TRUE,,,,
,A3. Caporal,not found,Full Ranker,Ludabridges,<@1472211822374424730>,https://www.roblox.com/users/3249020152/profile,17,TRUE,,,,
,A3. Caporal,not found,Missing,RamisplaysrobloxYT,<@749749356126535680>,https://www.roblox.com/users/2006070570/profile,11,TRUE,,,,
,A3. Caporal,not found,Full Ranker,arnav1001yt,<@1234025816103452676>,https://www.roblox.com/users/1847469721/profile,21,TRUE,,,,
,A3. Caporal,not found,Full Ranker,culfenris,<@1006320302910873600>,https://www.roblox.com/users/2797547933/profile,1,TRUE,,,,
,A3. Caporal,not found,Missing,Conchymtovkl123,<@1336033527778775163>,https://www.roblox.com/users/6116187047/profile,22,TRUE,,,,
,A3. Caporal,not found,Missing,jsjdnd755,<@1459510052359770223>,https://www.roblox.com/users/8287214557/profile,16,TRUE,,,,
,A3. Caporal,not found,Missing,mmmm1234520,<@1460259358368727132>,https://www.roblox.com/users/6162830342/profile,9,TRUE,,,,
,A3. Caporal,not found,Missing,Jhon_Pitcairn,<@1439388271300841604>,https://www.roblox.com/users/5430006728/profile,9,TRUE,,,,
,A3. Caporal,not found,Missing,gojiru2028,<@1473306305409061158>,https://www.roblox.com/users/8318331161/profile,6,TRUE,,,,
,A3. Caporal,not found,Missing,Alertgogogo2,<@1362015846062362834>,https://www.roblox.com/users/2832594274/profile,22,TRUE,,,,
,A3. Caporal,not found,Full Ranker,BastyGamerMS,<@779687074189279273>,https://www.roblox.com/users/1494597321/profile,19,TRUE,,,,
,A3. Caporal,not found,Tambour,KaiserN00b,<@485098366435590145>,https://www.roblox.com/users/1659093391/profile,25,TRUE,,,,
,A3. Caporal,not found,Full Ranker,edziobara,<@1152233921719849051>,https://www.roblox.com/users/5296866474/profile,2,TRUE,,,,
,A3. Caporal,not found,Full Ranker,RaysInvictus,<@1275056090794561560>,https://www.roblox.com/users/4238651264/profile,1,TRUE,,,,
,A3. Caporal,not found,Full Ranker,neverquitgamble,<@969558521534361671>,https://www.roblox.com/users/5789140365/profile,17,TRUE,,,,
,A3. Caporal,not found,Full Ranker,xd_pain01,<@563994724759896085>,https://www.roblox.com/users/456023851/profile,7,TRUE,,,,
,A3. Caporal,not found,Full Ranker,kijifeagjt,<@1026160822340309002>,https://www.roblox.com/users/2816563841/profile,13,TRUE,,,,
,A3. Caporal,not found,Full Ranker,bb4bleepbloop,<@795532857896468483>,https://www.roblox.com/users/898028640/profile,20,TRUE,,,,
,A3. Caporal,not found,Full Ranker,Harraz_Iffat123,<@1030815252448808992>,https://www.roblox.com/users/896599547/profile,4,TRUE,,,,
,A3. Caporal,not found,Full Ranker,HLtherich_IAMrich,<@350472075837702144>,https://www.roblox.com/users/2031510354/profile,5,TRUE,,,,
,A3. Caporal,not found,Full Ranker,XxxIDONTKNOWOKxxX,<@930814688151891988>,https://www.roblox.com/users/1566921427/profile,18,TRUE,,,,
,A3. Caporal,not found,Missing,Zdravutes,<@876700892185919489>,https://www.roblox.com/users/2429865253/profile,5,TRUE,,,,
,A3. Caporal,not found,Missing,LCY_Koala,<@1006899902934171698>,https://www.roblox.com/users/1891509557/profile,12,TRUE,,,,
,A3. Caporal,not found,Full Ranker,conna23163,<@1210841218771193856>,https://www.roblox.com/users/10119110838/profile,11,TRUE,,,,
,A3. Caporal,not found,Missing,imfromEASTALANTA,<@1274455811229483030>,https://www.roblox.com/users/5738946355/profile,16,TRUE,,,,
,A3. Caporal,not found,Missing,hellomynam60,<@1025228112780337152>,https://www.roblox.com/users/5283915451/profile,29,TRUE,,,,
,A3. Caporal,not found,Full Ranker,Epic_Cookie2334,<@821207916417384498>,https://www.roblox.com/users/3442734817/profile,6,TRUE,,,,
,A3. Caporal,not found,Full Ranker,GorrilaMan12345,<@594336198634242049>,https://www.roblox.com/users/144287868/profile,3,TRUE,,,,
,A3. Caporal,not found,Full Ranker,NodZen90,<@1246775801773555775>,https://www.roblox.com/users/6100903139/profile,16,TRUE,,,,
,A3. Caporal,not found,Full Ranker,Mardenzelpt2,<@1186277752098275418>,https://www.roblox.com/users/2952044858/profile,1,TRUE,,,,
,A3. Caporal,not found,Full Ranker,bruhtbhbreh,<@1276556451053309995>,https://www.roblox.com/users/4737789583/profile,3,TRUE,,,,
,A3. Caporal,not found,Full Ranker,YuukaRepulser,<@710683847137689652>,https://www.roblox.com/users/1216898286/profile,0,TRUE,,,,
,A3. Caporal,not found,Full Ranker,TDPLAY15,<@788743797390573568>,https://www.roblox.com/users/3794580962/profile,2,TRUE,,,,
,A3. Caporal,not found,Full Ranker,Danthecorn4325,<@1386699175277629532>,https://www.roblox.com/users/3190302721/profile,2,TRUE,,,,
,A3. Caporal,not found,Full Ranker,bysee_cle,<@871729192679661589>,https://www.roblox.com/users/130155342/profile,1,TRUE,,,,
,A3. Caporal,not found,Full Ranker,hixsibib,<@1321250652566851695>,https://www.roblox.com/users/3863435270/profile,1,TRUE,,,,
,A3. Caporal,not found,Full Ranker,Lumburr0581,<@1362324625454792764>,https://www.roblox.com/users/4406522669/profile,15,TRUE,,,,
,A3. Caporal,not found,Full Ranker,ascjhdsilishfio,<@1437423831965892681>,https://www.roblox.com/users/10135558184/profile,10,TRUE,,,,
,A3. Caporal,not found,Full Ranker,bruhguy6278,<@1207604402450337813>,https://www.roblox.com/users/3933496575/profile,15,TRUE,,,,
,A3. Caporal,not found,Missing,baconboytheniceguy7,<@1231821614551662622>,https://www.roblox.com/users/5407651410/profile,19,TRUE,,,,
,A3. Caporal,not found,Full Ranker,Vitalik_234556,<@1289547510087422003>,https://www.roblox.com/users/3875498967/profile,0,TRUE,,,,
,A3. Caporal,not found,Full Ranker,mooloo462,<@1356205761608286298>,https://www.roblox.com/users/1992096621/profile,35,TRUE,,,,
,A3. Caporal,not found,Full Ranker,bemyuo,<@1262312454755713034>,https://www.roblox.com/users/132190544/profile,6,TRUE,,,,
,A2. Soldat de Premier,not found,Full Ranker,t6tb6,<@1108285823088087090>,https://www.roblox.com/users/2536453024/profile,10,TRUE,,,,
,A2. Soldat de Premier,not found,Full Ranker,1C3_1123,<@1169466642607112243>,https://www.roblox.com/users/2853558879/profile,8,TRUE,,,,
,A2. Soldat de Premier,not found,Full Ranker,phantomOP000,<@717480207535308840>,https://www.roblox.com/users/1444550095/profile,6,TRUE,,,,
,A2. Soldat de Premier,not found,Full Ranker,Yougood930103,<@1073991567460806666>,https://www.roblox.com/users/4051268994/profile,3,TRUE,,,,
,A2. Soldat de Premier,not found,Full Ranker,robloxitsbroken,<@963913119376220201>,https://www.roblox.com/users/3028145091/profile,6,TRUE,,,,
,A2. Soldat de Premier,not found,Full Ranker,amzy9090,<@1523982538027171850>,https://www.roblox.com/users/7457228719/profile,8,TRUE,,,,
,A2. Soldat de Premier,not found,Full Ranker,blazin078,<@1382702051645194322>,https://www.roblox.com/users/7800848442/profile,11,TRUE,,,,
,A2. Soldat de Premier,not found,Full Ranker,FailureOfNNN,<@1497932677024845836>,https://www.roblox.com/users/5245472850/profile,11,TRUE,,,,
,A2. Soldat de Premier,not found,Full Ranker,CCBoy_ss,<@1436924604097495070>,https://www.roblox.com/users/1454886595/profile,6,TRUE,,,,
,A2. Soldat de Premier,not found,Full Ranker,verifiedslat,<@1283053050621071463>,https://www.roblox.com/users/3433859731/profile,3,TRUE,,,,
,A2. Soldat de Premier,not found,Full Ranker,robloxpolice123sub,<@1273182343594643560>,https://www.roblox.com/users/1713461740/profile,4,TRUE,,,,
,A2. Soldat de Premier,not found,Missing,AGENTGHOST33,<@962381061403336774>,https://www.roblox.com/users/2476565402/profile,5,TRUE,,,,
,A2. Soldat de Premier,not found,Missing,READY4DRAFTSSIR,<@1504436101870391416>,https://www.roblox.com/users/8997869413/profile,3,TRUE,,,,
,A2. Soldat de Premier,not found,Full Ranker,Pro_Player32000,<@1144896192904450058>,https://www.roblox.com/users/2204845370/profile,11,TRUE,,,,
,A2. Soldat de Premier,not found,Missing,Caian_Kulit,<@1355561246241456200>,https://www.roblox.com/users/3103284227/profile,6,TRUE,,,,
,A2. Soldat de Premier,not found,Missing,Thtitan555,<@1122854610349080746>,https://www.roblox.com/users/2629248521/profile,8,TRUE,,,,
,A2. Soldat de Premier,not found,Missing,AHANPRO88,<@1499706480914600006>,https://www.roblox.com/users/7831222771/profile,12,TRUE,,,,
,A2. Soldat de Premier,not found,Missing,Andrew55XZ,<@1355451236157095986>,https://www.roblox.com/users/2289933077/profile,11,TRUE,,,,
,A2. Soldat de Premier,not found,Missing,robangelo1288,<@1498259080601538563>,https://www.roblox.com/users/10816823243/profile,6,TRUE,,,,
,A2. Soldat de Premier,not found,Missing,BakonVonDawg,<@1365944225572847698>,https://www.roblox.com/users/8375784293/profile,5,TRUE,,,,
,A2. Soldat de Premier,not found,Missing,noobxy314,<@1375663230197829724>,https://www.roblox.com/users/7346321673/profile,6,TRUE,,,,
,A2. Soldat de Premier,not found,Missing,DraconianCyborg,<@1194938949840416829>,https://www.roblox.com/users/7398000418/profile,11,TRUE,,,,
,A2. Soldat de Premier,not found,Missing,ianRiehsjwjsjsd,<@1212672900641980467>,https://www.roblox.com/users/3037568289/profile,13,TRUE,,,,
,A2. Soldat de Premier,not found,Missing,qLuluz,<@1416303204848762912>,https://www.roblox.com/users/402076273/profile,8,TRUE,,,,
,A2. Soldat de Premier,not found,Missing,SaylsteT,<@1241011873214627841>,https://www.roblox.com/users/2445135202/profile,4,TRUE,,,,
,A2. Soldat de Premier,not found,Missing,notrueloyalty,<@640166858154311682>,https://www.roblox.com/users/543502551/profile,3,TRUE,,,,
,A2. Soldat de Premier,not found,Full Ranker,beanmancool24,<@1470222109874847788>,https://www.roblox.com/users/4389024043/profile,7,TRUE,,,,
,A2. Soldat de Premier,not found,Full Ranker,bensGrayCOLOR,<@729561594865909811>,https://www.roblox.com/users/8290148849/profile,12,TRUE,,,,
,A2. Soldat de Premier,not found,Full Ranker,Bausapi01,<@1490669367824879839>,https://www.roblox.com/users/7940950734/profile,12,TRUE,,,,
,A2. Soldat de Premier,not found,Full Ranker,tonygiaanh2001,<@1316589261167792220>,https://www.roblox.com/users/2901102359/profile,5,TRUE,,,,
,A2. Soldat de Premier,not found,Full Ranker,STYXPLAYS,<@563733336397185034>,https://www.roblox.com/users/766489403/profile,12,TRUE,,,,
,A2. Soldat de Premier,not found,Full Ranker,Nathaniel3756,<@952237973976543232>,https://www.roblox.com/users/2868247894/profile,5,TRUE,,,,
,A2. Soldat de Premier,not found,Full Ranker,MJTheRobloxSurvivor,<@515700335642279956>,https://www.roblox.com/users/410998908/profile,6,TRUE,,,,
,A2. Soldat de Premier,not found,Full Ranker,Tony7meters,<@1248954569187393617>,,9,TRUE,,,,
,A2. Soldat de Premier,not found,Full Ranker,Tomicacrashamazing,<@1172875677150756915>,https://www.roblox.com/users/3166399767/profile,17,TRUE,,,,
,A2. Soldat de Premier,not found,Full Ranker,xujie1231,<@1216503627104129045>,https://www.roblox.com/users/945768189/profile,11,TRUE,,,,
,A2. Soldat de Premier,not found,Full Ranker,Dream_114514a,<@1360887821262393394>,,8,TRUE,,,,
,A2. Soldat de Premier,not found,Full Ranker,atom_twt0,<@1268165698014937202>,https://www.roblox.com/users/5545380641/profile,5,TRUE,,,,
,A2. Soldat de Premier,not found,Missing,ahhhhzanbenya,<@868098112454012928>,https://www.roblox.com/users/2410638001/profile,4,TRUE,,,,
,A2. Soldat de Premier,not found,Missing,k70x,<@1429926231834497095>,https://www.roblox.com/users/1258771146/profile,4,TRUE,,,,
,A2. Soldat de Premier,not found,Trial Ranker,XchvmX23ilostmy_ac,<@963362073394417694>,https://www.roblox.com/users/2961636232/profile,6,TRUE,,,,
,A2. Soldat de Premier,not found,Full Ranker,CrustyDusty_Cruz,<@1207592754108964905>,https://www.roblox.com/users/7639888006/profile,12,TRUE,,,,
,A2. Soldat de Premier,not found,Full Ranker,mentallyinclined,<@1267126244915544125>,https://www.roblox.com/users/8983370082/profile,14,TRUE,,,,
,A2. Soldat de Premier,not found,Full Ranker,dragonpaw12300,<@1103152965554020482>,https://www.roblox.com/users/1370556357/profile,5,TRUE,,,,
,A2. Soldat de Premier,not found,Full Ranker,Madgmermaster20,<@688207535731507225>,https://www.roblox.com/users/1011604057/profile,13,TRUE,,,,
,A2. Soldat de Premier,not found,Full Ranker,NAYIYONGWAO,<@890993079295807558>,https://www.roblox.com/users/2714391372/profile,10,TRUE,,,,
,A2. Soldat de Premier,not found,Full Ranker,SovietYT99,<@705966799874818068>,https://www.roblox.com/users/1228352651/profile,10,TRUE,,,,
,A2. Soldat de Premier,not found,Full Ranker,seanbadayos,<@1422980945228861520>,https://www.roblox.com/users/1314026787/profile,10,TRUE,,,,
,A2. Soldat de Premier,not found,Full Ranker,therealbonnierobot,<@845555355010334731>,https://www.roblox.com/users/683521624/profile,11,TRUE,,,,
,A2. Soldat de Premier,not found,Full Ranker,WittleDaniel,<@645977281281523722>,https://www.roblox.com/users/985478009/profile,9,TRUE,,,,
,A2. Soldat de Premier,not found,Full Ranker,Iam_USA,<@1001107811494805586>,https://www.roblox.com/users/1388657291/profile,6,TRUE,,,,
,A2. Soldat de Premier,not found,Full Ranker,Mavenplayz1000,<@840500709706563596>,https://www.roblox.com/users/2417224475/profile,9,TRUE,,,,
,A2. Soldat de Premier,not found,Full Ranker,1alden_dadcool,<@1093785365841715200>,https://www.roblox.com/users/2869190588/profile,3,TRUE,,,,
,A2. Soldat de Premier,not found,Full Ranker,aresyn_7,<@1426951159423307858>,https://www.roblox.com/users/9708060173/profile,5,TRUE,,,,
,A2. Soldat de Premier,not found,Missing,nabielzx,<@1316589261167792220>,https://www.roblox.com/users/2499596085/profile,1,TRUE,,,,
,A2. Soldat de Premier,not found,Missing,Levi_ackerman2736,<@1244941280807751781>,https://www.roblox.com/users/3334301376/profile,3,TRUE,,,,
,A2. Soldat de Premier,not found,Missing,nicnicspy,<@933260283630198794>,https://www.roblox.com/users/2373782102/profile,9,TRUE,,,,
,A2. Soldat de Premier,not found,Missing,barrry073,<@1475456150118989824>,https://www.roblox.com/users/8808289538/profile,11,TRUE,,,,
,A2. Soldat de Premier,not found,Missing,ItsmeMasterV,<@730734172800417833>,https://www.roblox.com/users/1165612536/profile,5,TRUE,,,,
,A2. Soldat de Premier,not found,Missing,fidikrjfkrkejfn,<@1287719388954230825>,https://www.roblox.com/users/2406826320/profile,10,TRUE,,,,
,A2. Soldat de Premier,not found,Missing,Jalthea_07,<@1492774232319594557>,https://www.roblox.com/users/9659874992/profile,4,TRUE,,,,
,A2. Soldat de Premier,not found,Missing,veloriix,<@1141601827629060196>,https://www.roblox.com/users/531873510/profile,5,TRUE,,,,
,A2. Soldat de Premier,not found,Missing,Lemon_thing66,<@1018915451583070290>,https://www.roblox.com/users/2683801986/profile,6,TRUE,,,,
,A2. Soldat de Premier,not found,Missing,Sauterday3rd,<@1060493865154531359>,https://www.roblox.com/users/4300616095/profile,8,TRUE,,,,
,A2. Soldat de Premier,not found,Missing,0_0YTM,<@864802898055790592>,https://www.roblox.com/users/1747050528/profile,5,TRUE,,,,
,A2. Soldat de Premier,not found,Missing,Homersimpson67201,<@1483621949635694622>,https://www.roblox.com/users/10691948994/profile,5,TRUE,,,,
,A2. Soldat de Premier,not found,Missing,aiden412boi,<@1192765908876275764>,https://www.roblox.com/users/4120427737/profile,9,TRUE,,,,
,A2. Soldat de Premier,not found,Missing,DivinianJames,<@702285750460481576>,https://www.roblox.com/users/1001546221/profile,4,TRUE,,,,
,A2. Soldat de Premier,not found,Missing,T1durD1buku,<@875701597349478451>,https://www.roblox.com/users/2665823950/profile,5,TRUE,,,,
,A2. Soldat de Premier,not found,Missing,improo1038,<@1010097684524302336>,https://www.roblox.com/users/6063814468/profile,13,TRUE,,,,
,A2. Soldat de Premier,not found,Full Ranker,abattakan1,<@894925325518110752>,https://www.roblox.com/users/7163516452/profile,13,TRUE,,,,
,A2. Soldat de Premier,not found,Full Ranker,hing3325,<@1332200354841890866>,https://www.roblox.com/users/736848111/profile,1,TRUE,,,,
,A2. Soldat de Premier,not found,Full Ranker,Deadbydaylight_funJ2,<@279954039171579904>,https://www.roblox.com/users/1507151033/profile,7,TRUE,,,,
,A2. Soldat de Premier,not found,Missing,Corsacus08,<@839686971214266378>,https://www.roblox.com/users/5531181853/profile,6,TRUE,,,,
,A2. Soldat de Premier,not found,Full Ranker,keaidehaoge,<@1358208968555626646>,https://www.roblox.com/users/7876195618/profile,6,TRUE,,,,
,A2. Soldat de Premier,not found,Full Ranker,CodifiedLUtility,<@742298975809568808>,https://www.roblox.com/users/8721747497/profile,1,TRUE,,,,
,A2. Soldat de Premier,not found,Full Ranker,KAROP170,<@1174344995189297206>,https://www.roblox.com/users/5655000045/profile,8,TRUE,,,,
,A2. Soldat de Premier,not found,Missing,zhds719,<@1441198112969457905>,https://www.roblox.com/users/9218061376/profile,5,TRUE,,,,
,A2. Soldat de Premier,not found,Full Ranker,pro1223_2,<@1155384077780799499>,https://www.roblox.com/users/4294521328/profile,13,TRUE,,,,
,A2. Soldat de Premier,not found,Missing,PAL873,<@1079669866858041381>,https://www.roblox.com/users/2529432858/profile,8,TRUE,,,,
,A2. Soldat de Premier,not found,Full Ranker,natoypogigamer,<@1036137200477282355>,https://www.roblox.com/users/2570947145/profile,0,TRUE,,,,
,A2. Soldat de Premier,not found,Full Ranker,tushargogoi,<@909701369181650966>,https://www.roblox.com/users/1382183864/profile,4,TRUE,,,,
,A2. Soldat de Premier,not found,Full Ranker,vyomgamerisbest123,<@916665520835661844>,https://www.roblox.com/users/1830652496/profile,8,TRUE,,,,
,A2. Soldat de Premier,not found,Full Ranker,TheoristOfGames,<@610346762397548544>,https://www.roblox.com/users/834101848/profile,6,TRUE,,,,
,A2. Soldat de Premier,not found,Full Ranker,HowtomakeanameinRB,<@964545045334220892>,https://www.roblox.com/users/3322496220/profile,4,TRUE,,,,
,A2. Soldat de Premier,not found,Full Ranker,jamoxz2015,<@1451840379992150171>,https://www.roblox.com/users/8995391150/profile,3,TRUE,,,,
,A2. Soldat de Premier,not found,Full Ranker,J_angam,<@1153934502054346782>,https://www.roblox.com/users/8260065541/profile,6,TRUE,,,,
,A2. Soldat de Premier,not found,Full Ranker,Alisherkska,<@1337071569595269252>,https://www.roblox.com/users/6151015998/profile,9,TRUE,,,,
,A2. Soldat de Premier,not found,Full Ranker,Vagesman125,<@1003251518906040340>,https://www.roblox.com/users/3213876820/profile,5,TRUE,,,,
,A2. Soldat de Premier,not found,Missing,Labaro8901,<@1164532483832946698>,https://www.roblox.com/users/4102724619/profile,9,TRUE,,,,
,A2. Soldat de Premier,not found,Full Ranker,fizz12343,<@1320188334030721095>,https://www.roblox.com/users/5249146838/profile,4,TRUE,,,,
,A2. Soldat de Premier,not found,Missing,Nerdard20,<@952631899782778940>,https://www.roblox.com/users/1130439410/profile,8,TRUE,,,,
,A2. Soldat de Premier,not found,Missing,Ykflsy,<@1268719586425962686>,https://www.roblox.com/users/4148347639/profile,3,TRUE,,,,
,A2. Soldat de Premier,not found,Full Ranker,Benjamin_playz230,<@1090635636400214077>,https://www.roblox.com/users/3162301162/profile,5,TRUE,,,,
,A2. Soldat de Premier,not found,Full Ranker,Baconmanns_16,<@1148970001651466281>,https://www.roblox.com/users/2909770225/profile,5,TRUE,,,,
,A2. Soldat de Premier,not found,Full Ranker,Berserk0961,<@1041708418395803658>,https://www.roblox.com/users/3935655467/profile,7,TRUE,,,,
,A2. Soldat de Premier,not found,Full Ranker,Squid_insea,<@1283749706408661033>,https://www.roblox.com/users/7244352309/profile,12,TRUE,,,,
,A2. Soldat de Premier,not found,Full Ranker,mrdooogooo13,<@1220710415504248892>,https://www.roblox.com/users/3042358586/profile,11,TRUE,,,,
,A2. Soldat de Premier,not found,Full Ranker,kajihatake,<@1084731943528181811>,https://www.roblox.com/users/4634683543/profile,12,TRUE,,,,
,A2. Soldat de Premier,not found,Full Ranker,TGCream123,<@863985556194066443>,https://www.roblox.com/users/2720940407/profile,7,TRUE,,,,
,A2. Soldat de Premier,not found,Full Ranker,huifufa,<@1400729230798487622>,https://www.roblox.com/users/5782168649/profile,4,TRUE,,,,
,A2. Soldat de Premier,not found,Missing,bad_12boy33,<@1465404429766492230>,https://www.roblox.com/users/1398035985/profile,5,TRUE,,,,
,A2. Soldat de Premier,not found,Missing,XinYiplays26,<@977573353688821800>,https://www.roblox.com/users/3073281734/profile,11,TRUE,,,,
,A2. Soldat de Premier,not found,Missing,xXF4KESXx,<@918595017940029470>,https://www.roblox.com/users/2022003879/profile,10,TRUE,,,,
,A2. Soldat de Premier,not found,Full Ranker,Cedric_Jr8, <@1273910573800886328>,https://www.roblox.com/users/7213052938/profile,6,TRUE,,,,
,A2. Soldat de Premier,not found,Missing,kescottak107,<@1386911492837740614>,https://www.roblox.com/users/7700023548/profile,5,TRUE,,,,
,A2. Soldat de Premier,not found,Missing,Robloxan20063,<@1266771190521794600>,https://www.roblox.com/users/1713813394/profile,7,TRUE,,,,
,A2. Soldat de Premier,not found,Full Ranker,Aslivety,<@1470966360946376927>,https://www.roblox.com/users/7228011086/profile,4,TRUE,,,,
,A2. Soldat de Premier,not found,Missing,RobotXD2345,<@562479922476482561>,https://www.roblox.com/users/1010154938/profile,6,TRUE,,,,
,A2. Soldat de Premier,not found,Full Ranker,1540gt,<@708205154868002856>,https://www.roblox.com/users/1368965691/profile,7,TRUE,,,,
,A2. Soldat de Premier,not found,Missing,dariusfa,<@401651153336664064>,https://www.roblox.com/users/330078866/profile,8,TRUE,,,,
,A2. Soldat de Premier,not found,Full Ranker,D4_2XX,<@1346049328417869874>,https://www.roblox.com/users/4848705176/profile,10,TRUE,,,,
,A2. Soldat de Premier,not found,Missing,2ndbrobro,<@1098923729897144470>,https://www.roblox.com/users/755429158/profile,6,TRUE,,,,
,A2. Soldat de Premier,not found,Missing,SuqqwySuqqwyALT,<@586724920214421504>,https://www.roblox.com/users/2943203317/profile,6,TRUE,,,,
,A2. Soldat de Premier,not found,Missing,pun262626,<@998570634747596800>,https://www.roblox.com/users/120016146/profile,6,TRUE,,,,
,A2. Soldat de Premier,not found,Missing,DrooLMain,<@985757252717776936>,https://www.roblox.com/users/1469077171/profile,8,TRUE,,,,
,A2. Soldat de Premier,not found,Full Ranker,jmjmooooo,<@1317393090549514310>,https://www.roblox.com/users/3450122082/profile,6,TRUE,,,,
,A2. Soldat de Premier,not found,Full Ranker,mana_abangkun,<@1470693056801013874>,https://www.roblox.com/users/9980470645/profile,13,TRUE,,,,
,A2. Soldat de Premier,not found,Missing,sean_aaron6,<@795935862822535168>,https://www.roblox.com/users/2888849186/profile,14,TRUE,,,,
,A2. Soldat de Premier,not found,Full Ranker,iosifof1,<@1022436001106378793>,https://www.roblox.com/users/1285361300/profile,8,TRUE,,,,
,A2. Soldat de Premier,not found,Missing,HypertacTV_799HTPC,<@1033398612492816475>,https://www.roblox.com/users/9010814190/profile,4,TRUE,,,,
,A2. Soldat de Premier,not found,Missing,hiodef,<@1023966631606616146>,https://www.roblox.com/users/861428253/profile,6,TRUE,,,,
,A2. Soldat de Premier,not found,Full Ranker,aabis321_2,<@705081990654853141>,https://www.roblox.com/users/1745148100/profile,7,TRUE,,,,
,A2. Soldat de Premier,not found,Full Ranker,seantrekliam123,<@766897365956296744>,https://www.roblox.com/users/1095480541/profile,1,TRUE,,,,
,A2. Soldat de Premier,not found,Missing,Kaschi_77,<@1351600927093686357>,https://www.roblox.com/users/1811500263/profile,3,TRUE,,,,
,A2. Soldat de Premier,not found,Full Ranker,HARPOONMATERS,<@838769404346368020>,https://www.roblox.com/users/415853492/profile,6,TRUE,,,,
,A2. Soldat de Premier,not found,Full Ranker,sussyopgamer100,<@1469500087829790812>,https://www.roblox.com/users/4310599818/profile,3,TRUE,,,,
,A1. Soldat,not found,Full Ranker,Ta3is9,<@1498635482815266906>,https://www.roblox.com/users/3312680533/profile,2,TRUE,,,,
,A1. Soldat,not found,Full Ranker,NPC_IDKx,<@1269478586927022135>,https://www.roblox.com/users/4710673838/profile,1,TRUE,,,,
,A1. Soldat,not found,Full Ranker,Hawatouyo,<@1396408716860981252>,https://www.roblox.com/users/6103009479/profile,1,TRUE,,,,
,A1. Soldat,not found,Full Ranker,dooshik_drider,<@702655349274050572>,https://www.roblox.com/users/4921406661/profile,0,TRUE,,,,
,A1. Soldat,not found,Full Ranker,FreeFairout913645,<@1370757547291705445>,https://www.roblox.com/users/3666402670/profile,0,TRUE,,,,
,A1. Soldat,not found,Full Ranker,LeonalLM,<@477110235757019137>,https://www.roblox.com/users/274565171/profile,2,TRUE,,,,
,A1. Soldat,not found,Full Ranker,prouser02212,<@895923129648554004>,https://www.roblox.com/users/3145273266/profile,0,TRUE,,,,
,A1. Soldat,not found,Full Ranker,Plague_Hussar,<@730577517408288778>,https://www.roblox.com/users/2294882888/profile,0,TRUE,,,,
,A1. Soldat,not found,Full Ranker,jgghkjbv,<@1416756812035657780>,https://www.roblox.com/users/7035737498/profile,0,TRUE,,,,
,A1. Soldat,not found,Full Ranker,distortedgraffiti86,<@826663306147397652>,https://www.roblox.com/users/2597817151/profile,0,TRUE,,,,
,A1. Soldat,not found,Full Ranker,flash133220,<@1529881498654609502>,https://www.roblox.com/users/4899628096/profile,0,TRUE,,,,
,A1. Soldat,not found,Full Ranker,supawitad,<@1099337081060335626>,https://www.roblox.com/users/1619362806/profile,4,TRUE,,,,
,A1. Soldat,"4eme Fusiliers ""Borodino""",Full Ranker,Lootherey,<@1409932707101806764>,https://www.roblox.com/users/1264974763/profile,4,FALSE,,,,
,A1. Soldat,not found,Full Ranker,Lord_Liami,<@1116187704049291395>,https://www.roblox.com/users/4825977216/profile,3,TRUE,,,,
,A1. Soldat,"4eme Fusiliers ""Borodino""",Full Ranker,eijispink_sweater,<@984678482426626089>,https://www.roblox.com/users/1854883283/profile,3,FALSE,,,,
,A1. Soldat,not found,Full Ranker,Shdhddjjs,<@780433337500041277>,https://www.roblox.com/users/1769971780/profile,0,TRUE,,,,
,A1. Soldat,not found,Full Ranker,RAFAEL194500,<@1004420459317706803>,https://www.roblox.com/users/1956475493/profile,0,TRUE,,,,
,A1. Soldat,not found,Full Ranker,ASKA_REIHAN,<@1351214282401906821>,https://www.roblox.com/users/5855708390/profile,0,TRUE,,,,
,A1. Soldat,not found,Full Ranker,974835,<@1147267490028732436>,https://www.roblox.com/users/2576776388/profile,1,TRUE,,,,
,A1. Soldat,not found,Full Ranker,Fastscope_fox,<@1383219643338194984>,https://www.roblox.com/users/1596397452/profile,3,TRUE,,,,
,A1. Soldat,not found,Full Ranker,Robloxian135263544,<@820866375568064523>,https://www.roblox.com/users/2506756960/profile,0,TRUE,,,,
,A1. Soldat,not found,Full Ranker,BaconryBaconYTRBX,<@1480416624463974516>,https://www.roblox.com/users/7656979307/profile,0,TRUE,,,,
,A1. Soldat,not found,Full Ranker,fireupliam2,<@949192033044693022>,https://www.roblox.com/users/1838984497/profile,1,TRUE,,,,
,A1. Soldat,not found,Full Ranker,Amirrresh927,<@983268379907477556>,https://www.roblox.com/users/2289705708/profile,1,TRUE,,,,
,A1. Soldat,not found,Full Ranker,Siop_MElol,<@1309921714641309758>,https://www.roblox.com/users/11072187517/profile,0,TRUE,,,,
,A1. Soldat,not found,Full Ranker,Pongsa007ss,<@907529027395391519>,https://www.roblox.com/users/7550043686/profile,0,TRUE,,,,
,A1. Soldat,not found,Full Ranker,johan0804,<@1381209008572203081>,https://www.roblox.com/users/1537212564/profile,0,TRUE,,,,
,A1. Soldat,not found,Full Ranker,SCOUT_PANCAKEdog,<@1383634243221196831>,https://www.roblox.com/users/2536495496/profile,0,TRUE,,,,
,A1. Soldat,not found,Full Ranker,ohhhhhhhhhhuhhuhhh,<@1256547600107311145>,https://www.roblox.com/users/3872179589/profile,0,TRUE,,,,
,A1. Soldat,not found,Full Ranker,BeachWhoAreU,<@1512495320691638382>,https://www.roblox.com/users/2643124080/profile,0,TRUE,,,,
,A1. Soldat,not found,Full Ranker,leegdfts,<@1149311433910259712>,https://www.roblox.com/users/368061201/profile,0,TRUE,,,,
,A1. Soldat,not found,Full Ranker,Liamboy675,<@1159353471271718952>,https://www.roblox.com/users/2004641113/profile,0,TRUE,,,,
,A1. Soldat,not found,Full Ranker,TahaPro_5678,<@1400611651644031037>,https://www.roblox.com/users/9416437354/profile,0,TRUE,,,,
,A1. Soldat,not found,Full Ranker,ken35668,<@1437004956208070788>,https://www.roblox.com/users/2640842460/profile,1,TRUE,,,,
,A1. Soldat,not found,Full Ranker,Lofaamation,<@832185449342435359>,https://www.roblox.com/users/2993292316/profile,1,TRUE,,,,
,A1. Soldat,not found,Full Ranker,blaine0330,<@1175048807927525386>,,0,TRUE,,,,
,A1. Soldat,not found,Full Ranker,johhan0804,<@1381209008572203081>,https://www.roblox.com/users/1537212564/profile,6,TRUE,,,,
,A1. Soldat,not found,Full Ranker,PRZ1_TH,<@1238102573630885914>,https://www.roblox.com/users/2745999523/profile,0,TRUE,,,,
,A1. Soldat,not found,Full Ranker,baconbrothercoll,<@1480910333253124146>,https://www.roblox.com/users/3853412906/profile,2,TRUE,,,,
,A1. Soldat,not found,Full Ranker,Zaky_MFR,<@1030827832328331264>,https://www.roblox.com/users/2525178185/profile,1,TRUE,,,,
,A1. Soldat,not found,Full Ranker,xinediy,<@815237265629511711>,https://www.roblox.com/users/3982777950/profile,2,TRUE,,,,
,A1. Soldat,not found,Full Ranker,yamgamer2021,<@603944964560388096>,https://www.roblox.com/users/2686696705/profile,5,TRUE,,,,
,A1. Soldat,not found,Full Ranker,bosstax9,<@1492660396673466369>,https://www.roblox.com/users/7646881402/profile,3,TRUE,,,,
,A1. Soldat,not found,Full Ranker,obbywan_2,<@1242861411726524487>,https://www.roblox.com/users/1307035852/profile,2,TRUE,,,,
,A1. Soldat,not found,Full Ranker,DON16DO,<@1132231017525166110>,https://www.roblox.com/users/3468309064/profile,3,TRUE,,,,
,A1. Soldat,not found,Merc,Jailmate2367,<@711486306907193364>,https://www.roblox.com/users/1587830762/profile,8,TRUE,,,,
,A1. Soldat,not found,Full Ranker,therenogamehere2356,<@805764949594603590>,https://www.roblox.com/users/861607842/profile,0,TRUE,,,,
,A1. Soldat,not found,Full Ranker,diiakisw12alt1,<@1487041009631363094>,https://www.roblox.com/users/4147036440/profile,3,TRUE,,,,
,A1. Soldat,not found,Full Ranker,seanelmo24,<@1371799688831041567>,https://www.roblox.com/users/2554796999/profile,3,TRUE,,,,
,A1. Soldat,not found,Full Ranker,Trexsamt,<@1507771642015908000>,https://www.roblox.com/users/4702577740/profile,3,TRUE,,,,
,A1. Soldat,not found,Full Ranker,AviaSuper1,<@692988656360620074>,https://www.roblox.com/users/3110967298/profile,1,TRUE,,,,
,A1. Soldat,not found,Full Ranker,terrysjs1,<@1268751213999165521>,https://www.roblox.com/users/7611496787/profile,1,TRUE,,,,
,A1. Soldat,not found,Full Ranker,GuessTheBest12345,<@1492055588245602407>,https://www.roblox.com/users/2732214191/profile,3,TRUE,,,,
,A1. Soldat,not found,Full Ranker,Onebro08,<@1522766287917551656>,https://www.roblox.com/users/7910939025/profile,1,TRUE,,,,
,A1. Soldat,not found,Full Ranker,jaiant06,<@1357699888330051778>,https://www.roblox.com/users/3495474079/profile,1,TRUE,,,,
,A1. Soldat,not found,Full Ranker,zeroIIza,<@1513827195666174037>,,2,TRUE,,,,
,A1. Soldat,not found,Full Ranker,WaynePlayzYT1,<@798557030163939350>,https://www.roblox.com/users/3001278539/profile,1,TRUE,,,,
,A1. Soldat,not found,Full Ranker,dicedonionandmeat,<@1240504392948514816>,https://www.roblox.com/users/3001278539/profile,1,TRUE,,,,
,A1. Soldat,not found,Full Ranker,pwnlicious,<@1118705198035128381>,https://www.roblox.com/users/7036137821/profile,1,TRUE,,,,
,A1. Soldat,not found,Full Ranker,Gokuxwot,<@879991428875436063>,https://www.roblox.com/users/4319039844/profile,2,TRUE,,,,
,A1. Soldat,not found,Full Ranker,doomy12607,<@890926761754361857>,https://www.roblox.com/users/1561175372/profile,1,TRUE,,,,
,A1. Soldat,not found,Full Ranker,Rxlt09,<@1257234670886584446>,https://www.roblox.com/users/3309275130/profile,0,TRUE,,,,
,A1. Soldat,not found,Full Ranker,fgjbuyvg,<@1343020959690391633>,https://www.roblox.com/users/7301882639/profile,1,TRUE,,,,
,A1. Soldat,not found,Full Ranker,WorstKD,<@831479548356984852>,https://www.roblox.com/users/1427433695/profile,0,TRUE,,,,
,A1. Soldat,not found,Merc,replxka,<@1227465106590535700>,https://www.roblox.com/users/1625114998/profile,1,TRUE,,,,
,A1. Soldat,not found,Full Ranker,jamkep,<@712184073019457607>,https://www.roblox.com/users/1027390689/profile,2,TRUE,,,,
,A1. Soldat,not found,Full Ranker,mrwatermelonmandude,<@1204330837102043186>,https://www.roblox.com/users/2860632388/profile,3,TRUE,,,,
,A1. Soldat,not found,Full Ranker,bruhhshshshshs,<@1390687864542724176>,https://www.roblox.com/users/3788989874/profile,1,TRUE,,,,
,A1. Soldat,not found,Full Ranker,playlucario125,<@962840601760505946>,https://www.roblox.com/users/3049412287/profile,1,TRUE,,,,
,A1. Soldat,not found,Full Ranker,playlucario1219,,https://www.roblox.com/users/3504098817/profile,1,TRUE,,,,
,A1. Soldat,"4eme Fusiliers ""Borodino""",Full Ranker,jupitersoff,<@814417876181712896>,https://www.roblox.com/users/2598848325/profile,2,FALSE,,,,
,A1. Soldat,not found,Missing,yomicha802869,<@1500073436830105740>,https://www.roblox.com/users/8660745327/profile,0,TRUE,,,,
,A1. Soldat,not found,Missing,Mercilessghost099,<@775560087656988713>,https://www.roblox.com/users/1772991032/profile,0,TRUE,,,,
,A1. Soldat,not found,Missing,Ihhirkdk,<@1048414814717890560>,https://www.roblox.com/users/3213631407/profile,3,TRUE,,,,
,A1. Soldat,not found,Missing,ArmandoVRosetti,<@1436885798606864489>,https://www.roblox.com/users/5491827220/profile,1,TRUE,,,,
,A1. Soldat,not found,Missing,ethanelastronauta,<@1498580015053275136>,https://www.roblox.com/users/1069837134/profile,0,TRUE,,,,
,A1. Soldat,not found,Missing,SlowLifeX,<@908334486662565919>,https://www.roblox.com/users/982486411/profile,2,TRUE,,,,
,A1. Soldat,not found,Missing,HARDWOOD_000,<@928276099723558932>,https://www.roblox.com/users/3506116598/profile,2,TRUE,,,,
,A1. Soldat,not found,Missing,vieriii12,<@1027923202065825913>,https://www.roblox.com/users/3115387433/profile,3,TRUE,,,,
,A1. Soldat,not found,Missing,Magsaydo,<@1517492439571632178>,https://www.roblox.com/users/8738805811/profile,3,TRUE,,,,
,A1. Soldat,not found,Missing,felixyzyv,<@1514865362418794506>,https://www.roblox.com/users/10039149783/profile,2,TRUE,,,,
,A1. Soldat,not found,Missing,zakay12390,<@1452583740126662668>,https://www.roblox.com/users/4722727023/profile,0,TRUE,,,,
,A1. Soldat,not found,Missing,KermitTheTanker,<@1410618037014626437>,https://www.roblox.com/users/7971591718/profile,0,TRUE,,,,
,A1. Soldat,not found,Missing,Man_har2,<@1448948475835453500>,https://www.roblox.com/users/6194447307/profile,0,TRUE,,,,
,A1. Soldat,not found,Missing,leifreza,<@1286286852822929502>,,0,TRUE,,,,
,A1. Soldat,not found,Missing,Tanjinxpro,<@1210550777257529346>,https://www.roblox.com/users/2622039037/profile,2,TRUE,,,,
,A1. Soldat,not found,Missing,666csz,<@1480786984879526040>,https://www.roblox.com/users/8575363297/profile,0,TRUE,,,,
,A1. Soldat,not found,Missing,zjaniela6,<@928276099723558932>,https://www.roblox.com/users/757193392/profile,0,TRUE,,,,
,A1. Soldat,not found,Full Ranker,Iamsocool_1919,<@1385673093577445507>,https://www.roblox.com/users/3434462447/profile,0,TRUE,,,,
,A1. Soldat,not found,Missing,Thedeathbaco,<@1503756366337151017>,https://www.roblox.com/users/1969664570/profile,0,TRUE,,,,
,A1. Soldat,not found,Merc,Kazagumo_Kaini,<@1469035266441216040>,https://www.roblox.com/users/1313834228/profile?friendshipSourceType=PlayerSearch,2,TRUE,,,,
,A1. Soldat,not found,Full Ranker,Borresaccont2,<@1501821681545646152>,https://www.roblox.com/users/9947437059/profile,3,TRUE,,,,
,A1. Soldat,not found,Trial Ranker,Maber_110,<@703586282961371246>,https://www.roblox.com/users/1492638327/profile,0,TRUE,,,,
,A1. Soldat,not found,Full Ranker,Iluv6Beta,<@1331110750399234179>,https://www.roblox.com/users/7065693853/profile,3,TRUE,,,,
,A1. Soldat,not found,Full Ranker,Experienced_Legend,<@848816418619129867>,https://www.roblox.com/users/1535323189/profile,2,TRUE,,,,
,A1. Soldat,not found,Full Ranker,jmgamer089,<@795121491435585596>,https://www.roblox.com/users/565802965/profile,2,TRUE,,,,
,A1. Soldat,not found,Full Ranker,Im_lesbian1424,<@1489815051719413870>,https://www.roblox.com/users/10311562255/profile,0,TRUE,,,,
,A1. Soldat,not found,Full Ranker,JideBailen,<@1330713211556728884>,https://www.roblox.com/users/9672895177/profile,2,TRUE,,,,
,A1. Soldat,not found,Full Ranker,TaoKhongCamGlock,<@1451206165701726277>,https://www.roblox.com/users/3433555643/profile,1,TRUE,,,,
,A1. Soldat,not found,Full Ranker,shadow_dragon8642x2,<@1028452953880797275>,https://www.roblox.com/users/1440512867/profile,0,TRUE,,,,
,A1. Soldat,not found,Full Ranker,R4AIDERS,<@1273626356554535017>,https://www.roblox.com/users/2795830839/profile,1,TRUE,,,,
,A1. Soldat,not found,Full Ranker,gobutwhoanime,<@1001860709551980614>,https://www.roblox.com/users/2455890210/profile,0,TRUE,,,,
,A1. Soldat,not found,Trial Ranker,zhoukk120,<@1370955575105421457>,https://www.roblox.com/users/4638459082/profile,0,TRUE,,,,
,A1. Soldat,not found,Full Ranker,OlivierDutch,<@1504146837186019620>,https://www.roblox.com/users/1047843382/profile,0,TRUE,,,,
,A1. Soldat,not found,Full Ranker,Clon75675,<@1368566713838338170>,https://www.roblox.com/users/2054137427/profile,1,TRUE,,,,
,A1. Soldat,not found,Full Ranker,muazamkalingpacay,<@1478283640986271844>,https://www.roblox.com/users/10807568814/profile,2,TRUE,,,,
,A1. Soldat,not found,Full Ranker,Whineylamb,<@805920882962858034>,https://www.roblox.com/users/409320862/profile,3,TRUE,,,,
,A1. Soldat,not found,Full Ranker,Ilikehistory1812,<@1460228124389408798>,https://www.roblox.com/users/10480095944/profile,0,TRUE,,,,
,A1. Soldat,not found,Full Ranker,RobloxSupportMalachi,<@1500116781652508672>,https://www.roblox.com/users/4236326231/profile,3,TRUE,,,,
,A1. Soldat,not found,Full Ranker,IAM_NOTLA2Y,<@910408446518640670>,https://www.roblox.com/users/2445736378/profile,0,TRUE,,,,
,A1. Soldat,not found,Full Ranker,Onixman631,<@1511571949334040576>,https://www.roblox.com/users/4898003125/profile,3,TRUE,,,,
,A1. Soldat,not found,Full Ranker,kyloren_exia,<@712617274397294632>,https://www.roblox.com/users/556985218/profile,2,TRUE,,,,
,A1. Soldat,not found,Full Ranker,MacoBoyo,<@1123306987430608926>,https://www.roblox.com/users/10975144542/profile,2,TRUE,,,,
,A1. Soldat,not found,Missing,.,,,1,TRUE,,,,
,A1. Soldat,not found,Full Ranker,rizzrul0,<@1411794052264755283>,https://www.roblox.com/users/8183268119/profile,0,TRUE,,,,
,A1. Soldat,not found,Full Ranker,qichen11111,<@1366647646311415878>,https://www.roblox.com/users/4795266901/profile,3,TRUE,,,,
,A1. Soldat,not found,Full Ranker,no1yunu,<@1476168982154444861>,https://www.roblox.com/users/3902509900/profile,1,TRUE,,,,
,A1. Soldat,not found,Full Ranker,ImTheDanger1121gg,<@1118169107997667449>,https://www.roblox.com/users/10122928318/profile,2,TRUE,,,,
,A1. Soldat,not found,Full Ranker,HUTAOSMYLAB,<@820141840581001247>,https://www.roblox.com/users/4098492713/profile,4,TRUE,,,,
,A1. Soldat,not found,Full Ranker,DYRROTH7799,<@818475159123132416>,https://www.roblox.com/users/1509316899/profile,1,TRUE,,,,
,A1. Soldat,not found,Full Ranker,karlwaynepilapil2,<@1398433931996430428>,https://www.roblox.com/users/2842891567/profile,0,TRUE,,,,
,A1. Soldat,not found,Full Ranker,AlbertScottman,<@1322118940599783446>,https://www.roblox.com/users/5658268723/profile,4,TRUE,,,,
,A1. Soldat,not found,Full Ranker,AllstarFan123450,<@883974842649567232>,https://www.roblox.com/users/2769481594/profile,2,TRUE,,,,
,A1. Soldat,not found,Full Ranker,breegamer01,<@997518650460360704>,https://www.roblox.com/users/2016015641/profile,0,TRUE,,,,
,A1. Soldat,not found,Full Ranker,EricAzure8135,<@1476472967268663338>,https://www.roblox.com/users/10042763512/profile,0,TRUE,,,,
,A1. Soldat,not found,Full Ranker,ninjakick2309,<@1134743860896084039>,https://www.roblox.com/users/1691716198/profile,1,TRUE,,,,
,A1. Soldat,not found,Full Ranker,Chmonya8392,<@946485593620221992>,https://www.roblox.com/users/4628421123/profile,0,TRUE,,,,
,A1. Soldat,not found,Full Ranker,ColdPatatoNuget,<@1217109989592662109>,https://www.roblox.com/users/3798635654/profile,0,TRUE,,,,
,A1. Soldat,not found,Full Ranker,789maya_120,<@1492521641220247672>,https://www.roblox.com/users/3796881854/profile,0,TRUE,,,,
,A1. Soldat,not found,Full Ranker,estran_blaze,<@1258802033545314365>,https://www.roblox.com/users/7018211188/profile,0,TRUE,,,,
,A1. Soldat,not found,Full Ranker,mkhenboi,<@1037762032977584189>,https://www.roblox.com/users/4030906434/profile,1,TRUE,,,,
,A1. Soldat,not found,Full Ranker,Jhonnotfound1,<@983602628787326997>,https://www.roblox.com/users/3556815105/profile,1,TRUE,,,,
,A1. Soldat,not found,Full Ranker,TasteIron,<@895285372018376714>,https://www.roblox.com/users/373283203/profile,0,TRUE,,,,
,A1. Soldat,not found,Full Ranker,YADSEUT,<@1501122504775958548>,https://www.roblox.com/users/995798040/profile,1,TRUE,,,,
,A1. Soldat,not found,Full Ranker,NAMA6EUX73,<@1113240272680267887>,https://www.roblox.com/users/2213731874/profile,1,TRUE,,,,
,A1. Soldat,not found,Full Ranker,KERSER111,<@1496695428337635359>,https://www.roblox.com/users/8230857444/profile,1,TRUE,,,,
,A1. Soldat,not found,Full Ranker,UYHFUHGUIGTGFUIG,<@892639527561232405>,https://www.roblox.com/users/3040631900/profile,0,TRUE,,,,
,A1. Soldat,not found,Full Ranker,Freedom_BD,<@501450365032464404>,https://www.roblox.com/users/1919429705/profile,0,TRUE,,,,
,A1. Soldat,not found,Full Ranker,ugchvrl,<@1401106479251193906>,https://www.roblox.com/users/7711332339/profile,1,TRUE,,,,
,A1. Soldat,not found,Full Ranker,Fred_Albrecht,<@1011991561493561397>,https://www.roblox.com/users/4671862160/profile,2,TRUE,,,,
,A1. Soldat,not found,Full Ranker,Whintneyisannoyan,<@1425124347969933404>,https://www.roblox.com/users/9160034692/profile,0,TRUE,,,,
,A1. Soldat,not found,Missing,etfffhhdascn,<@1237004561118662776>,https://www.roblox.com/users/1673931303/profile,1,TRUE,,,,
,A1. Soldat,not found,Missing,TenZy72,<@1311240578545225829>,https://www.roblox.com/users/4438980605/profile,3,TRUE,,,,
,A1. Soldat,not found,Full Ranker,apa0apa0,<@1261699739699773441>,https://www.roblox.com/users/1766359426/profile,1,TRUE,,,,
,A1. Soldat,not found,Full Ranker,khoipro0663,<@1409743514127827025>,https://www.roblox.com/users/7712253094/profile,0,TRUE,,,,
,A1. Soldat,not found,Full Ranker,scarfer154,<@1502540397425983538>,https://www.roblox.com/users/8527954924/profile,1,TRUE,,,,
,A1. Soldat,not found,Full Ranker,Lefluufygo,<@1263101831337349130>,https://www.roblox.com/users/4860094261/profile,2,TRUE,,,,
,A1. Soldat,not found,Trial Ranker,Revelub55,<@1297398121965293578>,https://www.roblox.com/users/1588370948/profile,0,TRUE,,,,
,A1. Soldat,not found,Missing,MidnightTokyo72,<@1470943474579931423>,https://www.roblox.com/users/5687498037/profile,1,TRUE,,,,
,A1. Soldat,not found,Trial Ranker,azojedx,<@1083941735287238756>,https://www.roblox.com/users/2835274092/profile,0,TRUE,,,,
,A1. Soldat,not found,Trial Ranker,mikymouse09,<@1206642343973752892>,https://www.roblox.com/users/100332397/profile,1,TRUE,,,,
,A1. Soldat,not found,Trial Ranker,hakezbruh3dn,<@1050723513616572506>,https://www.roblox.com/users/2045311025/profile,1,TRUE,,,,
,A1. Soldat,not found,Trial Ranker,targetlock6,<@711480758199517234>,https://www.roblox.com/users/1201372588/profile,0,TRUE,,,,
,A1. Soldat,not found,Trial Ranker,Xenon,<@1046449215607410825>,https://www.roblox.com/users/39945/profile,0,TRUE,,,,
,A1. Soldat,not found,Full Ranker,blazetheamazing1,<@982894032789319690>,https://www.roblox.com/users/2858432899/profile,1,TRUE,,,,
,A1. Soldat,not found,Full Ranker,YannBBlox,<@1145029211258622095>,,0,TRUE,,,,
,A1. Soldat,not found,Missing,geidd23,<@1397804960309186621>,https://www.roblox.com/users/7884629987/profile,2,TRUE,,,,
,A1. Soldat,not found,Missing,w597o31P83clParker52,<@1480520442149208225>,https://www.roblox.com/users/700975969/profile,1,TRUE,,,,
,A1. Soldat,not found,Missing,Limenetov,<@1223573304905044078>,https://www.roblox.com/users/4704354731/profile,1,TRUE,,,,
,A1. Soldat,not found,Missing,Imperiiaz,<@1265615730460721313>,https://www.roblox.com/users/508035625/profile,2,TRUE,,,,
,A1. Soldat,not found,Missing,Cambodia_loveVietnam,<@1479756400094740605>,https://www.roblox.com/users/5205221469/profile,4,TRUE,,,,
,A1. Soldat,not found,Missing,momentary_sunyata,<@1485431442031902856>,https://www.roblox.com/users/10494050919/profile,0,TRUE,,,,
,A1. Soldat,not found,Missing,piaochang15,<@1461880340808204443>,https://www.roblox.com/users/8605354543/profile,2,TRUE,,,,
,A1. Soldat,not found,Missing,Purple_tubbie31,<@1311328786188472381>,https://www.roblox.com/users/4338921191/profile,2,TRUE,,,,
,A1. Soldat,not found,Missing,aidanyshmael,<@1233766320177414209>,https://www.roblox.com/users/841566511/profile,3,TRUE,,,,
,A1. Soldat,not found,Missing,bac0nn00b2022,<@896995035374039040>,https://www.roblox.com/users/3185037874/profile,0,TRUE,,,,
,A1. Soldat,not found,Missing,DanielArcesilaus,<@1463081644402671774>,https://www.roblox.com/users/146763413/profile,0,TRUE,,,,
,A1. Soldat,not found,Missing,Unspeakapleplays,<@847433165701382174>,https://www.roblox.com/users/902073554/profile,0,TRUE,,,,
,A1. Soldat,not found,Missing,Ghostriley258,<@1464896820080545923>,https://www.roblox.com/users/7259333171/profile,0,TRUE,,,,
,A1. Soldat,not found,Missing,Duke_Welington,<@1495990283706564638>,https://www.roblox.com/users/10804129092/profile,3,TRUE,,,,
,A1. Soldat,not found,Missing,jakecboa,<@897745428357992468>,https://www.roblox.com/users/2908394882/profile,1,TRUE,,,,
,A1. Soldat,not found,Missing,Barcode6407,<@1016646477306662912>,https://www.roblox.com/users/4759197914/profile,0,TRUE,,,,
,A1. Soldat,not found,Missing,Dadominus_1,<@1409539220686635101>,https://www.roblox.com/users/2447953102/profile,1,TRUE,,,,
,A1. Soldat,not found,Missing,Knight_Shadow1210,<@795125669297127464>,https://www.roblox.com/users/1001132981/profile,1,TRUE,,,,
,A1. Soldat,not found,Missing,ohnotquaga,<@1307556149788278784>,https://www.roblox.com/users/8218428462/profile,1,TRUE,,,,
,A1. Soldat,not found,Missing,Jarrednool982,<@1474353720388096041>,https://www.roblox.com/users/10391996733/profile,0,TRUE,,,,
,A1. Soldat,not found,Missing,7toyq,<@1246782634403827715>,https://www.roblox.com/users/2742673408/profile,0,TRUE,,,,
,A1. Soldat,not found,Missing,istoleyallstoasts23,<@1396455584366329907>,https://www.roblox.com/users/8129500655/profile,0,TRUE,,,,
,A1. Soldat,not found,Missing,cjcolako,"<@1349347005880598552>
",https://www.roblox.com/users/3230873419/profile,5,TRUE,,,,
,A1. Soldat,not found,Full Ranker,c00lidle,<@1033767667384979576>,https://www.roblox.com/users/2478811225/profile,1,TRUE,,,,
,A1. Soldat,not found,Missing,Cbombiscool,<@799937342805770240>,https://www.roblox.com/users/448486931/profile,1,TRUE,,,,
,A1. Soldat,not found,Missing,yoricandy,<@1493169211042824303>,https://www.roblox.com/users/10585143655/profile,1,TRUE,,,,
,A1. Soldat,not found,Missing,cozmonest,<@851770542000308224>,https://www.roblox.com/users/518548520/profile,0,TRUE,,,,
,A1. Soldat,not found,Full Ranker,zone67912,<@1327802861752549575>,https://www.roblox.com/users/2693317323/profile,1,TRUE,,,,
,A1. Soldat,not found,Full Ranker,taz_blinkz,<@528637888666140673>,https://www.roblox.com/users/1503581688/profile,1,TRUE,,,,
,A1. Soldat,not found,Full Ranker,johnarthur123a,<@1379057119134879796>,https://www.roblox.com/users/8303478117/profile,2,TRUE,,,,
,A1. Soldat,not found,Full Ranker,Apote_ca,<@1223476593716891661>,https://www.roblox.com/users/4256203409/profile,3,TRUE,,,,
,A1. Soldat,not found,Full Ranker,xZenAxia,<@1034437446517133372>,https://www.roblox.com/users/2570453665/profile,4,TRUE,,,,
,A1. Soldat,not found,Full Ranker,hew_ey,<@815894852780556308>,https://www.roblox.com/users/150164587/profile,1,TRUE,,,,
,A1. Soldat,not found,Full Ranker,I_Hateyoufubitc,<@905781831889190923>,https://www.roblox.com/users/5100689768/profile,1,TRUE,,,,
,A1. Soldat,not found,Full Ranker,ywayshhe,<@1320182101638905896>,https://www.roblox.com/users/5120712703/profile,1,TRUE,,,,
,A1. Soldat,not found,Full Ranker,ZYZ_New,<@1425821576800243742>,https://www.roblox.com/users/5703934731/profile,2,TRUE,,,,
,A1. Soldat,not found,Full Ranker,ZYZ20101025,<@1363489805924831294>,https://www.roblox.com/users/3886226893/profile,2,TRUE,,,,
,A1. Soldat,not found,Full Ranker,ucyhkud21,<@1178095206172737618>,https://www.roblox.com/users/7742707393/profile,1,TRUE,,,,
,A1. Soldat,not found,Missing,sandboycg,<@958520406803894354>,https://www.roblox.com/users/3018609352/profile,3,TRUE,,,,
,A1. Soldat,not found,Full Ranker,1980sGamer1,<@901711278190510141>,https://www.roblox.com/users/4239764825/profile,0,TRUE,,,,
,A1. Soldat,not found,,mmcmxcviiii,<@1331463245571162173>,https://www.roblox.com/users/5006677919/profile,4,TRUE,,,,
,A1. Soldat,not found,Full Ranker,crosstercring,<@1124029092245803119>,https://www.roblox.com/users/1119192078/profile,1,TRUE,,,,
,A1. Soldat,not found,Full Ranker,BlueDevil_boi,<@1387314475299901490>,https://www.roblox.com/users/2456041338/profile,2,TRUE,,,,
,A1. Soldat,not found,Full Ranker,Khanhqdz2k13,<@1298255925454438552>,https://www.roblox.com/users/7208893283/profile,4,TRUE,,,,
,A1. Soldat,not found,Full Ranker,blibliwwt,<@1384374092664410113>,https://www.roblox.com/users/7877610802/profile,1,TRUE,,,,
,A1. Soldat,not found,Full Ranker,Laserrots2,<@1267458922088763394>,https://www.roblox.com/users/2485834715/profile,4,TRUE,,,,
,A1. Soldat,not found,Full Ranker,hlodfzch,<@1324410866325651488>,https://www.roblox.com/users/4090673999/profile,3,TRUE,,,,
,A1. Soldat,not found,Full Ranker,keinred,<@748024909653082114>,https://www.roblox.com/users/274486343/profile,3,TRUE,,,,
,A1. Soldat,not found,Missing,Gamingmetehan4,<@1388224008063029460>,https://www.roblox.com/users/3614961706/profile,1,TRUE,,,,
,A1. Soldat,not found,Missing,LynxAximo,<@919150303247491102>,https://www.roblox.com/users/8434950227/profile,5,TRUE,,,,
,A1. Soldat,not found,Full Ranker,the_king0900,<@792477268697546752>,https://www.roblox.com/users/541370291/profile,1,TRUE,,,,
,A1. Soldat,not found,Full Ranker,SuperDrakeGamer,<@922696545558757397>,https://www.roblox.com/users/254997473/profile,1,TRUE,,,,
,A1. Soldat,not found,Full Ranker,manjidelanjie,<@1291314493908979755>,https://www.roblox.com/users/3197456095/profile,1,TRUE,,,,
,A1. Soldat,not found,Full Ranker,Tyuhabk,<@1212357463974875146>,https://www.roblox.com/users/3616189176/profile,2,TRUE,,,,
,A1. Soldat,not found,Full Ranker,Nojorising,<@746653184759431208>,https://www.roblox.com/users/637307126/profile,4,TRUE,,,,
,A1. Soldat,not found,Full Ranker,vectorstick_8,<@1359521900698533920>,https://www.roblox.com/users/7708624305/profile,1,TRUE,,,,
,A1. Soldat,not found,Full Ranker,ERVCQQ,<@716587602458705964>,https://www.roblox.com/users/1681849859/profile,2,TRUE,,,,
,A1. Soldat,not found,Full Ranker,KhaidarAmir,<@456464640025690123>,https://www.roblox.com/users/59291259/profile,4,TRUE,,,,
,A1. Soldat,not found,Full Ranker,ThexXerPro,<@864340855141957652>,https://www.roblox.com/users/2441513842/profile,2,TRUE,,,,
,A1. Soldat,not found,Full Ranker,Zendamian_4684,<@787967539740278784>,https://www.roblox.com/users/1876559311/profile,2,TRUE,,,,
,A1. Soldat,not found,Full Ranker,sjiiacome,<@1407020739608969449>,https://www.roblox.com/users/4657873184/profile,1,TRUE,,,,
,A1. Soldat,not found,Missing,Vachi312,<@1364920735352487956>,https://www.roblox.com/users/4313766420/profile,4,TRUE,,,,
,A1. Soldat,not found,Missing,enes_shi,<@1137741449555882147>,https://www.roblox.com/users/3140620500/profile,2,TRUE,,,,
,A1. Soldat,not found,Full Ranker,yeahhhh_2929,<@1340208985491505162>,https://www.roblox.com/users/7734570258/profile,2,TRUE,,,,
,A1. Soldat,not found,Missing,theslav_17,<@1127112752041840650>,https://www.roblox.com/users/3229117529/profile,2,TRUE,,,,
,A1. Soldat,not found,Full Ranker,ashthebeastYT2,<@1050697365897617418>,https://www.roblox.com/users/2322426935/profile,2,TRUE,,,,
,A1. Soldat,not found,Full Ranker,therealslimshady2241,<@1101681051534884964>,https://www.roblox.com/users/857178934/profile,2,TRUE,,,,
,A1. Soldat,not found,Full Ranker,kalbobobobobo09,<@1417878665013887027>,https://www.roblox.com/users/2015190005/profile,3,TRUE,,,,
,A1. Soldat,not found,Full Ranker,Akroshechka_R,<@952096248758931516>,https://www.roblox.com/users/3707212952/profile,1,TRUE,,,,
,A1. Soldat,not found,Full Ranker,Idiswasdidis,<@1017323431148134501>,https://www.roblox.com/users/2521182668/profile,3,TRUE,,,,
,A1. Soldat,not found,Full Ranker,mrswagger71,<@1391423923257737286>,https://www.roblox.com/users/6061002888/profile,1,TRUE,,,,
,A1. Soldat,not found,Missing,sfd_3916,<@1406173947480768616>,https://www.roblox.com/users/8119917509/profile,1,TRUE,,,,
,A1. Soldat,not found,Missing,rhylem0930,<@1034411708699115560>,https://www.roblox.com/users/1046230590/profile,2,TRUE,,,,
,A1. Soldat,not found,Full Ranker,Merrykanni,<@1357669228164944075>,https://www.roblox.com/users/1683889048/profile,3,TRUE,,,,
,A1. Soldat,not found,Full Ranker,WhoIsLpd,<@716293766272647221>,https://www.roblox.com/users/1408766181/profile,0,TRUE,,,,
,A1. Soldat,not found,Full Ranker,arwintheoficial03,<@1356586578730029126>,https://www.roblox.com/users/4369117672/profile,3,TRUE,,,,
,A1. Soldat,not found,Full Ranker,terrencejairo22,<@1426582182364840019>,https://www.roblox.com/users/300683189/profile,4,TRUE,,,,
,A1. Soldat,not found,Full Ranker,WarriorWw1b,<@1318004663983017984>,https://www.roblox.com/users/7594546706/profile,1,TRUE,,,,
,A1. Soldat,not found,Full Ranker,cobra_reptilia173,<@742975462569017395>,https://www.roblox.com/users/1453891125/profile,1,TRUE,,,,
,A1. Soldat,not found,Full Ranker,ET3RN1TY_isconfused,<@1330810820858482781>,https://www.roblox.com/users/7965332034/profile,1,TRUE,,,,
,A1. Soldat,not found,Full Ranker,Iluvsofthair,<@781746454602448936>,https://www.roblox.com/users/1482036952/profile,1,TRUE,,,,
,A1. Soldat,not found,Full Ranker,BVDNAT,<@768463151440068619>,https://www.roblox.com/users/1518819063/profile,2,TRUE,,,,
,A1. Soldat,not found,Full Ranker,agentscp79,<@925790187148161085>,https://www.roblox.com/users/3125610881/profile,0,TRUE,,,,
,A1. Soldat,not found,Missing,miyucukefe,<@1353335792256159794>,https://www.roblox.com/users/1726229287/profile,1,TRUE,,,,
,A1. Soldat,not found,Full Ranker,Lord_Lequay,<@679299617942274062>,https://www.roblox.com/users/1588519297/profile,0,TRUE,,,,
,A1. Soldat,not found,Full Ranker,Family_uno,<@980191181185114202>,https://www.roblox.com/users/598298171/profile,0,TRUE,,,,
,A1. Soldat,not found,Full Ranker,studtug77,<@842312185257918468>,https://www.roblox.com/users/2998425586/profile,2,TRUE,,,,
,A1. Soldat,not found,Full Ranker,superegorkaa,<@1097340614833618944>,https://www.roblox.com/users/4223441671/profile,4,TRUE,,,,
,A1. Soldat,not found,Full Ranker,masterlizard0406,<@1394707063694950433>,https://www.roblox.com/users/3824788731/profile,1,TRUE,,,,
,A1. Soldat,not found,Missing,Robloxcuteboy12345,<@1174292585267871819>,https://www.roblox.com/users/151821043/profile,1,TRUE,,,,
,A1. Soldat,not found,Full Ranker,blondeguy34altacc,<@970639579071791144>,https://www.roblox.com/users/3497503146/profile,0,TRUE,,,,
,A1. Soldat,not found,Full Ranker,Thejackterfamiy12,<@1165690734721122390>,,0,TRUE,,,,
,A1. Soldat,not found,Full Ranker,rileycave200,<@538805596384919553>,https://www.roblox.com/users/88927126/profile,1,TRUE,,,,
,A1. Soldat,not found,Missing,CaptGeneral_Greg,<@1092431864364535918>,https://www.roblox.com/users/1676065965/profile,1,TRUE,,,,
,A1. Soldat,not found,Full Ranker,iamrei8347,<@632090613550022657>,https://www.roblox.com/users/3820724690/profile,2,TRUE,,,,
,A1. Soldat,not found,Full Ranker,rattyroger,<@773901528570265621>,https://www.roblox.com/users/1975788596/profile,2,TRUE,,,,
,A1. Soldat,not found,Full Ranker,saskeboy922,<@849557211625291816>,https://www.roblox.com/users/1830959601/profile,6,TRUE,,,,
,A1. Soldat,not found,Trial Ranker,niomike,<@1455148038845632566>,https://www.roblox.com/users/1132734187/profile,1,TRUE,,,,
,A1. Soldat,not found,Full Ranker,ponpondrawz,<@1387362648672436314>,https://www.roblox.com/users/3221058857/profile,3,TRUE,,,,
,A1. Soldat,not found,Missing,Emoboy10,<@1341086360378933310>,https://www.roblox.com/users/6641293/profile,4,TRUE,,,,
,A1. Soldat,not found,Full Ranker,RinduGuruSekolah_W1,<@1416327075035349116>,https://www.roblox.com/users/1757949866/profile,2,TRUE,,,,
,A1. Soldat,not found,Full Ranker,baconwar1390,<@1355511114930192448>,https://www.roblox.com/users/3548597735/profile,0,TRUE,,,,
,A1. Soldat,not found,Full Ranker,Ninja_Zenn,<@1445117537552568332>,https://www.roblox.com/users/3227050048/profile,0,TRUE,,,,
,A1. Soldat,not found,Missing,ZADKI3L6,<@1421403102526963783>,https://www.roblox.com/users/8154257946/profile,2,TRUE,,,,
,A1. Soldat,not found,Full Ranker,drjack11111,<@1226827616745689098>,https://www.roblox.com/users/1826425698/profile,2,TRUE,,,,
,A1. Soldat,not found,Full Ranker,evosjosh868,<@947054609589993502>,https://www.roblox.com/users/2604714366/profile,2,TRUE,,,,
,A1. Soldat,not found,Full Ranker,krigshjaIte,<@890375061146578944>,https://www.roblox.com/users/6113073121/profile,1,TRUE,,,,
,A1. Soldat,not found,Full Ranker,mv4brzi,<@1104253661149921291>,https://www.roblox.com/users/4275096102/profile,3,TRUE,,,,
,A1. Soldat,not found,Full Ranker,eydgggd,<@782637337980829736>,https://www.roblox.com/users/658771789/profile,4,TRUE,,,,
,A1. Soldat,not found,Missing,AnkaraMessi_BARCA19,<@1155155765066211531>,https://www.roblox.com/users/4702699157/profile,2,TRUE,,,,
,A1. Soldat,not found,Missing,ka10072010,<@1284739596969836595>,https://www.roblox.com/users/1574407725/profile,1,TRUE,,,,
,A1. Soldat,not found,Full Ranker,xXxMingxXx123,<@312092364359467010>,https://www.roblox.com/users/43440053/profile,0,TRUE,,,,
,A1. Soldat,not found,Full Ranker,meIon_701,<@1237711788389175407>,https://www.roblox.com/users/447133805/profile,0,TRUE,,,,
,A1. Soldat,not found,Full Ranker,lululala0124,<@1369311857210298479>,https://www.roblox.com/users/2866577287/profile,3,TRUE,,,,
,A1. Soldat,not found,Full Ranker,Atraviuris,"<@1442050271827198029>
",https://www.roblox.com/users/8456170927/profile,1,TRUE,,,,
,A1. Soldat,not found,Full Ranker,Panther7377,<@838370449200906252>,https://www.roblox.com/users/3284153660/profile,0,TRUE,,,,
,A1. Soldat,not found,Full Ranker,floppabingus20753896,<@1400841987451781200,https://www.roblox.com/users/3621761252/profile,1,TRUE,,,,
,A1. Soldat,not found,Full Ranker,Rain_0731,<@1272162759630389331>,https://www.roblox.com/users/1187968273/profile,0,TRUE,,,,
,A1. Soldat,not found,Full Ranker,sh00kuun,<@980388831163465748>,https://www.roblox.com/users/1482100068/profile,3,TRUE,,,,
,A1. Soldat,not found,Full Ranker,chn19999,<@1128541827558019072>,https://www.roblox.com/users/4781310992/profile,2,TRUE,,,,
,A1. Soldat,not found,Full Ranker,RuruMeiyu,<@1434459365154226258>,https://www.roblox.com/users/9001770911/profile,1,TRUE,,,,
,A1. Soldat,not found,Missing,John_thefifth1,<@1456228753792438323>,https://www.roblox.com/users/8568985964/profile,2,TRUE,,,,
,A1. Soldat,not found,Full Ranker,Chineseqe,<@1456492560620191905>,https://www.roblox.com/users/3643685536/profile,2,TRUE,,,,
,A1. Soldat,not found,Full Ranker,qazwsxedc_1145,<@1386429080249041097>,https://www.roblox.com/users/7962996639/profile,1,TRUE,,,,
,A1. Soldat,not found,Missing,123KFC_21,<@1444167666309795873>,https://www.roblox.com/users/9120812690/profile,0,TRUE,,,,
,A1. Soldat,not found,Full Ranker,potatoCianand,<@1366260801987543110>,https://www.roblox.com/users/3103840705/profile,0,TRUE,,,,
,A1. Soldat,not found,Full Ranker,Alyx0313,<@1467373642873573578>,https://www.roblox.com/users/1117603687/profile,0,TRUE,,,,
,A1. Soldat,not found,Full Ranker,Spaceboi52,<@1304971190594572301>,https://www.roblox.com/users/7471424545/profile,4,TRUE,,,,
,A1. Soldat,not found,Missing,pinkypraise,<@1284733187859288127>,https://www.roblox.com/users/1645752723/profile,2,TRUE,,,,
,A1. Soldat,not found,Full Ranker,MiKKeEEER,<@1276891618729005158>,https://www.roblox.com/users/5845452254/profile,4,TRUE,,,,
,A1. Soldat,not found,Full Ranker,bastengkoy3392,<@1466383744469307469>,https://www.roblox.com/users/6166962572/profile,1,TRUE,,,,
,A1. Soldat,not found,Full Ranker,xuminhao112,<@1423242463996284952>,https://www.roblox.com/users/8766690315/profile,1,TRUE,,,,
,A1. Soldat,not found,Missing,mouadbouh3,<@720026361829392394>,https://www.roblox.com/users/1396621188/profile,0,TRUE,,,,
,A1. Soldat,not found,Full Ranker,brsntyu,"<@1044609726786322433>
",https://www.roblox.com/users/2554658272/profile,5,TRUE,,,,
,A1. Soldat,not found,Full Ranker,coolafkid,<@1145227712210935909>,https://www.roblox.com/users/3826976587/profile,1,TRUE,,,,
,A1. Soldat,not found,Full Ranker,denzdenz1993,<@713918243084959834>,https://www.roblox.com/users/1347397102/profile,1,TRUE,,,,
,A1. Soldat,not found,Missing,deefaive12,<@1384842478716194836>,https://www.roblox.com/users/1818776693/profile,2,TRUE,,,,
,A1. Soldat,not found,Full Ranker,DiscriptedCode,<@902381474458791966>,https://www.roblox.com/users/3898583108/profile,1,TRUE,,,,
,A1. Soldat,not found,Full Ranker,xiaoeyu2,<@1355432095287218226>,https://www.roblox.com/users/6028369116/profile,0,TRUE,,,,
,A1. Soldat,not found,Full Ranker,blockperce28,<@1357706941266395178>,https://www.roblox.com/users/5730344262/profile,0,TRUE,,,,
,A1. Soldat,not found,Missing,pwne_58,<@1427488718310215700>,https://www.roblox.com/users/8315068975/profile,1,TRUE,,,,
,A1. Soldat,not found,Full Ranker,OmerBerkin1542,<@1352751746421882980>,https://www.roblox.com/users/1641761735/profile,1,TRUE,,,,
,A1. Soldat,not found,Trial Ranker,Uypah,<@1272094962711789600>,https://www.roblox.com/users/1442646918/profile,0,TRUE,,,,
,A1. Soldat,not found,Trial Ranker,7Midnight09,<@1436263445598048337>,https://www.roblox.com/users/9254742029/profile,0,TRUE,,,,
,A1. Soldat,not found,Full Ranker,levraimath09,<@1469024941587431689>,https://www.roblox.com/users/5544235196/profile,1,TRUE,,,,
,A1. Soldat,not found,Full Ranker,LeoKonPlayZ,<@1068420111054155797>,https://www.roblox.com/users/3506959244/profile,2,TRUE,,,,
,A1. Soldat,not found,Full Ranker,PaektusanRevolution,<@739753316581638255>,https://www.roblox.com/users/296569095/profile,2,TRUE,,,,
,A1. Soldat,not found,Missing,Nikuletot,<@1023546949539995780>,https://www.roblox.com/users/1415357100/profile,2,TRUE,,,,
,A1. Soldat,not found,Full Ranker,creeeper_booy,<@1068135500373819453>,https://www.roblox.com/users/3646883502/profile,1,TRUE,,,,
,A1. Soldat,not found,Full Ranker,prettyyuka2020,<@968437847252148227>,https://www.roblox.com/users/1698961667/profile,4,TRUE,,,,
,A1. Soldat,not found,Full Ranker,SETHELIJAHPRO,<@899823208616849419>,https://www.roblox.com/users/839978789/profile,1,TRUE,,,,
,A1. Soldat,not found,Full Ranker,Singularvaskr,<@993954126515937322>,https://www.roblox.com/users/3248008825/profile,1,TRUE,,,,
,A1. Soldat,not found,Full Ranker,Z1ZPL,<@1129758371327787028>,https://www.roblox.com/users/3481150552/profile,0,TRUE,,,,
,A1. Soldat,not found,Missing,Irvin123515,<@1470671170448916595>,https://www.roblox.com/users/6121554322/profile?friendshipSourceType=PlayerSearch,0,TRUE,,,,
,A1. Soldat,not found,Full Ranker,CN_zgynbuu,<@1323576217881935922>,https://www.roblox.com/users/4296620420/profile,1,TRUE,,,,
,A1. Soldat,not found,Full Ranker,Xyrinn_Rinn28,<@1469988089794527366>,https://www.roblox.com/users/9719786246/profile,1,TRUE,,,,
,A1. Soldat,not found,Full Ranker,JohannesVanBoheme,<@1229208162406502465>,https://www.roblox.com/users/57597196/profile,1,TRUE,,,,
,A1. Soldat,not found,Full Ranker,The_Editor5,<@918031242304315432>,https://www.roblox.com/users/5291838209/profile,0,TRUE,,,,
,A1. Soldat,not found,Full Ranker,Epiroxy,<@1128155181113163788>,https://www.roblox.com/users/9345731738/profile,1,TRUE,,,,
,A1. Soldat,not found,Full Ranker,Sagittarius58288,<@1134747986707099709>,https://www.roblox.com/users/4860848035/profile,0,TRUE,,,,
,A1. Soldat,not found,Full Ranker,itsspiderboom,<@1017683878586110012>,https://www.roblox.com/users/3019513910/profile?friendshipSourceType=PlayerSearch,5,TRUE,,,,
,A1. Soldat,not found,Full Ranker,susieting,<@879658745649569802>,https://www.roblox.com/users/2024078778/profile,1,TRUE,,,,
,A1. Soldat,not found,Full Ranker,Grove42221454,<@1299388344433643611>,https://www.roblox.com/users/10359238381/profile,2,TRUE,,,,
,A1. Soldat,not found,Full Ranker,0_BLACKSHADOWS87v2,<@1143057185140645918>,https://www.roblox.com/users/4861352434/profile,0,TRUE,,,,
,A1. Soldat,not found,Full Ranker,tqolpblpze142,<@1121268834062569502>,https://www.roblox.com/users/5301138141/profile,0,TRUE,,,,
,A1. Soldat,not found,Full Ranker,PlanetarySolace,<@859698551734665267>,https://www.roblox.com/users/568950929/profile,0,TRUE,,,,
,A1. Soldat,not found,Full Ranker,tqolblpze142,<@1121268834062569502>,https://www.roblox.com/users/5301138141/profile,2,TRUE,,,,
,A1. Soldat,not found,Full Ranker,ChrisFromBekasi,<@652519832088215552>,https://www.roblox.com/users/3773054742/profile,0,TRUE,,,,
,A1. Soldat,not found,Full Ranker,Auumkorat,<@1143858981941551235>,https://www.roblox.com/users/1554241539/profile,0,TRUE,,,,
,A1. Soldat,not found,Full Ranker,xyxxx328,<@1473651786803052595>,https://www.roblox.com/users/7720729777/profile,0,TRUE,,,,
,A1. Soldat,not found,Full Ranker,hatespyro,<@949662962308743168>,https://www.roblox.com/users/4385616079/profile,0,TRUE,,,,
,A1. Soldat,not found,Full Ranker,chaokhunphawat,<1098844366988132382>,https://www.roblox.com/users/972769862/profile,3,TRUE,,,,
,A1. Soldat,not found,Full Ranker,wsdas21,<@1353015895546531882>,https://www.roblox.com/users/3280483139/profile,0,TRUE,,,,
,A1. Soldat,not found,Full Ranker,Lord_adamrusan,<@828616180523597845>,https://www.roblox.com/users/1981699381/profile,1,TRUE,,,,
,A1. Soldat,not found,Full Ranker,kartikishere3,<@893368283380744232>,https://www.roblox.com/users/3113183478/profile,2,TRUE,,,,
,A1. Soldat,not found,Full Ranker,efsed447,<@1187727907423006831>,https://www.roblox.com/users/5164710585/profile,0,TRUE,,,,
,A1. Soldat,not found,Full Ranker,Heelo16619,<@1461703265904234578>,https://www.roblox.com/users/5777879934/profile,2,TRUE,,,,
,A1. Soldat,not found,Full Ranker,heybusz,<@1389783066880381009>,https://www.roblox.com/users/3090281739/profile,2,TRUE,,,,
,A1. Soldat,not found,Full Ranker,ROCCOKKODRILLO2,<@855729257677586432>,https://www.roblox.com/users/2659061237/profile,1,TRUE,,,,
,A1. Soldat,not found,Full Ranker,Kakashira06,<@1308280980217401375>,https://www.roblox.com/users/8377787383/profile,0,TRUE,,,,
,A1. Soldat,not found,Full Ranker,XxMinecraftLifexX1,<@1010409418262859806>,https://www.roblox.com/users/1284967484/profile,1,TRUE,,,,
,A1. Soldat,not found,Full Ranker,xxixfalcon,<@750842495268683837>,https://www.roblox.com/users/1489483464/profile,0,TRUE,,,,
,A1. Soldat,not found,Full Ranker,uram_miklos12,<@1433681364573622394>,https://www.roblox.com/users/10497570550/profile,0,TRUE,,,,
,A1. Soldat,not found,Full Ranker,ShockRoar113,<@1478767959613898895>,https://www.roblox.com/users/10044440600/profile,2,TRUE,,,,
,A1. Soldat,not found,Full Ranker,neng0101,<@1449546426710495352>,https://www.roblox.com/users/1269990618/profile,1,TRUE,,,,
,A1. Soldat,not found,Missing,Lazerdim6OO,<@1439996678571688036>,https://www.roblox.com/users/8802154854/profile?friendshipSourceType=PlayerSearch,1,TRUE,,,,
,A1. Soldat,not found,Missing,appexlege,<@804942852882038826>,https://www.roblox.com/users/3586303236/profile,9,TRUE,,,,
,A1. Soldat,not found,Missing,lailade_7,<@1463776129654460417>,https://www.roblox.com/users/8522078269/profile,1,TRUE,,,,
,A1. Soldat,not found,Missing,xiopao19,<@729273733251989584>,https://www.roblox.com/users/471860541/profile,3,TRUE,,,,
,A1. Soldat,not found,Missing,evildesii,<@211830085651660801>,https://www.roblox.com/users/106398832/profile,1,TRUE,,,,
,A1. Soldat,not found,Missing,Str3amSab3r202087,<@1491252859944173680>,https://www.roblox.com/users/9373701464/profile,2,TRUE,,,,
,A1. Soldat,not found,Full Ranker,mitamaplays2,<@1358340164375679192>,https://www.roblox.com/users/2673985348/profile,1,TRUE,,,,
,A1. Soldat,not found,Missing,252_11,<@1484508304683040949>,https://www.roblox.com/users/4493086067/profile,3,TRUE,,,,
,A1. Soldat,not found,Missing,danika032,<@1485260349870575677>,https://www.roblox.com/users/1116883028/profile,2,TRUE,,,,
,A1. Soldat,not found,Full Ranker,Suryansh_super2,<@1059477952275939338>,https://www.roblox.com/users/3293429162/profile,2,TRUE,,,,
,A1. Soldat,not found,Full Ranker,LiTiA238,<@1446134077450096661>,https://www.roblox.com/users/8851440833/profile,0,TRUE,,,,
,A1. Soldat,not found,Missing,leifezra,<@1286286852822929502>,https://www.roblox.com/users/1879085793/profile,0,TRUE,,,,
,A1. Soldat,not found,Full Ranker,pizzawer0,<@1491456100736958666>,https://www.roblox.com/users/10276647180/profile,1,TRUE,,,,
,A1. Soldat,not found,Missing,jamesbond_656,<@1491488895601479841>,https://www.roblox.com/users/10393470222/profile,1,TRUE,,,,
,A1. Soldat,not found,Full Ranker,enziearyasatya,<@1228140823846060032>,https://www.roblox.com/users/4109855121/profile,0,TRUE,,,,
,A1. Soldat,not found,Missing,Kenesous,<@1494946029588578328>,https://www.roblox.com/users/7452593728/profile,1,TRUE,,,,
,A1. Soldat,not found,Full Ranker,ksh321yalt,<@1298012130687193091>,https://www.roblox.com/users/7720621614/profile,1,TRUE,,,,
,A1. Soldat,not found,Full Ranker,rodaet1024s,<@934096870073057360>,https://www.roblox.com/users/1991664561/profile,0,TRUE,,,,
,A1. Soldat,not found,Missing,Red_Wolf4000,<@1068133422607900752>,https://www.roblox.com/users/5855399382/profile,0,TRUE,,,,
,A1. Soldat,not found,Full Ranker,gimemoneyandrobuk,<@824849506113028146>,https://www.roblox.com/users/2708334508/profile,4,TRUE,,,,
,A1. Soldat,not found,Merc,Noah_edit6,<@1485371344894955711>,https://www.roblox.com/users/9511696518/profile,4,TRUE,,,,
,A1. Soldat,not found,Full Ranker,Coconadmilc,<@1485553558915907684>,https://www.roblox.com/users/7566718734/profile,0,TRUE,,,,
,A1. Soldat,not found,Full Ranker,Johnicicus,,https://www.roblox.com/users/814315855/profile,1,TRUE,,,,
,A0. Conscrit,not found,Trial Ranker,9x39SP5UZ,<@1122404595042361414>,https://www.roblox.com/users/1959092001/profile,0,TRUE,,,,
,A0. Conscrit,not found,Trial Ranker,ooioo699,<@1498708460450218168>,https://www.roblox.com/users/7318583389/profile,0,TRUE,,,,
,A0. Conscrit,not found,Trial Ranker,thehonuredone_taha,<@1522695619792076850>,https://www.roblox.com/users/11235915571/profile,0,TRUE,,,,
,A0. Conscrit,not found,Trial Ranker,kingalleo07,<@1495682146923315210>,https://www.roblox.com/users/1287782187/profile,0,TRUE,,,,
,A0. Conscrit,not found,Trial Ranker,Bhk523,<@1186517067835388006>,https://www.roblox.com/users/5534869720/profile,0,TRUE,,,,
,A0. Conscrit,not found,Trial Ranker,yume_mibas,<@1531728794883457045>,https://www.roblox.com/users/4784738917/profile,0,TRUE,,,,
,A0. Conscrit,not found,Trial Ranker,Nath0n_GAMING0,<@1258301320872464456>,https://www.roblox.com/users/8153611695/profile,0,TRUE,,,,
,A0. Conscrit,not found,Trial Ranker,Heaven_slicing,<@1531901862947717231>,https://www.roblox.com/users/2504377405/profile,0,TRUE,,,,
,A0. Conscrit,not found,Trial Ranker,BACONbruh09214,<@1531926577825317025>,https://www.roblox.com/users/3348542669/profile,0,TRUE,,,,
,A0. Conscrit,not found,Trial Ranker,Natroxique_64100,<@1266470836974518355>,,0,TRUE,,,,
,A0. Conscrit,not found,Trial Ranker,dizzmakol,<@780326174780817408>,https://www.roblox.com/users/464957226/profile,0,TRUE,,,,
,A0. Conscrit,not found,Full Ranker,JesusCipriani,<@736076049171087380>,https://www.roblox.com/users/291305935/profile,0,TRUE,,,,
,A0. Conscrit,not found,Trial Ranker,Zysergamer12,<@1533357608403079196>,https://www.roblox.com/users/2557151966/profile,0,TRUE,,,,
,A0. Conscrit,not found,Trial Ranker,Pheonix_219,<@991456072743260191>,https://www.roblox.com/users/1722960533/profile,0,TRUE,,,,
,A0. Conscrit,not found,Trial Ranker,AlvinIsHere0,<@1063791266762068079>,https://www.roblox.com/users/5774149294/profile,0,TRUE,,,,
,A0. Conscrit,not found,Full Ranker,fashioncasual,<@1223129385813409812>,https://www.roblox.com/users/347669864/profile,126,TRUE,,,,
,A0. Conscrit,not found,Missing,XxMaveRickJackFirexX,<@785725676363186176>,https://www.roblox.com/users/1926070119/profile,16,TRUE,,,,
,A0. Conscrit,not found,Trial Ranker,PROOVERROBLOX,<@1233520893511073855>,https://www.roblox.com/users/874998958/profile,0,TRUE,,,,
,A0. Conscrit,not found,Trial Ranker,JiraiyaOgata_106,<@892725692981207040>,https://www.roblox.com/users/7403336537/profile,0,TRUE,,,,
,A0. Conscrit,not found,Trial Ranker,jayjayLVD,<@1353139951306543144>,https://www.roblox.com/users/862089372/profile,0,TRUE,,,,
,A0. Conscrit,not found,Trial Ranker,Taco_2969,<@1523982538027171850>,https://www.roblox.com/users/8104070492/profile,0,TRUE,,,,
,A0. Conscrit,not found,Trial Ranker,ItsmeLana_88,<@1180159621466427433>,https://www.roblox.com/users/7306316515/profile,0,TRUE,,,,
,A0. Conscrit,not found,Trial Ranker,HamiltonShowcase,<@1515368541820555332>,https://www.roblox.com/users/1677048067/profile,0,TRUE,,,,
,A0. Conscrit,not found,Trial Ranker,XxIGotyouXx2,<@1354023851482419224>,https://www.roblox.com/users/5803366911/profile,0,TRUE,,,,
,A0. Conscrit,not found,Trial Ranker,ojrjrjrha,<@1345369890126823445>,https://www.roblox.com/users/1649604451/profile,0,TRUE,,,,
,A0. Conscrit,not found,Trial Ranker,ollbot23,<@1353779536759881811>,https://www.roblox.com/users/937875287/profile,0,TRUE,,,,
,A0. Conscrit,not found,Trial Ranker,powder67675,<@1463643444894372078>,https://www.roblox.com/users/10092296309/profile,0,TRUE,,,,
,A0. Conscrit,not found,Trial Ranker,ELITEFLAGSELLER,<@1464856882350133433>,https://www.roblox.com/users/10066066292/profile,4,TRUE,,,,
,A0. Conscrit,not found,Trial Ranker,roblox_user_5417879800,<@966169780342100068>,https://www.roblox.com/users/5417879800/profile,0,TRUE,,,,
,A0. Conscrit,not found,Trial Ranker,Steamiekid,<@820436765617160206>,https://www.roblox.com/users/1462064424/profile,0,TRUE,,,,
,A0. Conscrit,not found,Trial Ranker,mesziad,<@1390290712351735809>,https://www.roblox.com/users/4719800648/profile,0,TRUE,,,,
,A0. Conscrit,not found,Trial Ranker,Jimmythousand2,<@1272143193315737662>,https://www.roblox.com/users/6100222253/profile,0,TRUE,,,,
,A0. Conscrit,not found,Trial Ranker,selenaX3605,<@695477348224729139>,https://www.roblox.com/users/3497925065/profile,0,TRUE,,,,
,A0. Conscrit,not found,Trial Ranker,haloWindv,<@977303468438089768>,https://www.roblox.com/users/10041972581/profile,0,TRUE,,,,
,A0. Conscrit,not found,Trial Ranker,adip296,<@1505255399559790774>,https://www.roblox.com/users/4818468758/profile,4,TRUE,,,,
,A0. Conscrit,not found,Trial Ranker,Hinata_Tsugikuni2000,<@1101063363523514428>,https://www.roblox.com/users/5388426596/profile,1,TRUE,,,,
,A0. Conscrit,not found,Trial Ranker,Krutoichelik66,<@1508984285758230589>,https://www.roblox.com/users/4565334545/profile,0,TRUE,,,,
,A0. Conscrit,not found,Trial Ranker,Zunlove_bustychilds,<@1036511742269866004>,https://www.roblox.com/users/4837402614/profile,2,TRUE,,,,
,A0. Conscrit,not found,Trial Ranker,VersionCruz,<@932230522300670002>,https://www.roblox.com/users/7441958728/profile,0,TRUE,,,,
,A0. Conscrit,not found,Trial Ranker,Noichuasecret,<@1268120257294368825,https://www.roblox.com/users/9275303149/profile,0,TRUE,,,,
,A0. Conscrit,not found,Trial Ranker,Egzon_H,<@1421161103844577341>,https://www.roblox.com/users/2209945892/profile,0,TRUE,,,,
,A0. Conscrit,not found,Trial Ranker,etolorn,<@1525789196004884592>,https://www.roblox.com/users/5311095576/profile,0,TRUE,,,,
,A0. Conscrit,not found,Trial Ranker,suummertag3,<@870761258914316328>,https://www.roblox.com/users/2684795688/profile,1,TRUE,,,,
,A0. Conscrit,not found,Trial Ranker,voughtf4U123,<@1191107737900302406>,https://www.roblox.com/users/1762270258/profile,0,TRUE,,,,
,A0. Conscrit,not found,Trial Ranker,Sebas763215,<@1525550458633060432>,https://www.roblox.com/users/3833845169/profile,0,TRUE,,,,
,A0. Conscrit,not found,Trial Ranker,kladuszentaur,<@1526161122405912726>,https://www.roblox.com/users/3923749915/profile,0,TRUE,,,,
,A0. Conscrit,not found,Missing,Rumayvdi,<@1516975987114643552>,https://www.roblox.com/users/4572199895/profile,0,TRUE,,,,
,A0. Conscrit,not found,Missing,PlaydoughSniffa,<@735376102046040075>,https://www.roblox.com/users/480287266/profile,0,TRUE,,,,
,A0. Conscrit,not found,Missing,GeneralEmilioAguinal,<@1407618150840926359>,https://www.roblox.com/users/3837047108/profile,0,TRUE,,,,
,A0. Conscrit,not found,Missing,jayz3313thesecond,<@1515214966301659175>,https://www.roblox.com/users/10469684958/profile,0,TRUE,,,,
,A0. Conscrit,not found,Missing,Justanotherguy_12,<@1504474858011099136>,https://www.roblox.com/users/9791987558/profile,0,TRUE,,,,
,A0. Conscrit,not found,Full Ranker,turbopotatopc,<@759275592918106132>,https://www.roblox.com/users/3298735138/profile,6,TRUE,,,,
,A0. Conscrit,not found,Missing,Wythe21,<@1452698469365186663>,https://www.roblox.com/users/10083953083/profile,0,TRUE,,,,
,A0. Conscrit,not found,Missing,FlyingDeadRats,<@1323300997979963487>,https://www.roblox.com/users/1095467833/profile,0,TRUE,,,,
,A0. Conscrit,not found,Missing,Senurya,<@832913799165771816>,https://www.roblox.com/users/2512947367/profile,0,TRUE,,,,
,A0. Conscrit,not found,Missing,SpadingTeoThermite,<@763340639676923934>,,0,TRUE,,,,
,A0. Conscrit,not found,Missing,fgjbuywg,<@1343020959690391633>,https://www.roblox.com/users/7301882639/profile,0,TRUE,,,,
,A0. Conscrit,not found,Missing,ILLOSIONA,<@1371001224836681798>,https://www.roblox.com/users/5159956591/profile,0,TRUE,,,,
,A0. Conscrit,not found,Missing,noahtheplyr,<@1469300774160040131>,https://www.roblox.com/users/10916428581/profile,0,TRUE,,,,
,A0. Conscrit,not found,Merc,hanrwkoksownik,<@1480130902607790191>,https://www.roblox.com/users/10504679054/profile,0,TRUE,,,,
,A0. Conscrit,not found,Missing,Catcy40,<@1511465229802930276>,https://www.roblox.com/users/887941508/profile,0,TRUE,,,,
,A0. Conscrit,not found,Trial Ranker,Hiddenreckless,<@1390432146732224522>,https://www.roblox.com/users/10037224564/profile,0,TRUE,,,,
,A0. Conscrit,not found,Trial Ranker,lado444566661,<@1469276708988387407>,https://www.roblox.com/users/7197690132/profile,0,TRUE,,,,
,A0. Conscrit,not found,Trial Ranker,Ababy892,<@1390273527621619823>,https://www.roblox.com/users/8199190256/profile,0,TRUE,,,,
,A0. Conscrit,not found,Trial Ranker,RETRO_Daniel1,<@1309377855704137811>,https://www.roblox.com/users/5310588453/profile,0,TRUE,,,,
,A0. Conscrit,not found,Trial Ranker,BlissxAngels14,<@1489524690752897034>,https://www.roblox.com/users/4956668349/profile,0,TRUE,,,,
,A0. Conscrit,not found,Trial Ranker,123earl12,<@1075738637649580232>,https://www.roblox.com/users/478343053/profile,0,TRUE,,,,
,A0. Conscrit,not found,Trial Ranker,Obstupefacio,<@429075265889632267>,https://www.roblox.com/users/1311949654/profile,0,TRUE,,,,
,A0. Conscrit,not found,Trial Ranker,Chirriblossom,<@1505157078996484146>,https://www.roblox.com/users/10845375188/profile,0,TRUE,,,,
,A0. Conscrit,not found,Trial Ranker,arigist,<@1153869841086808154>,https://www.roblox.com/users/423965464/profile,0,TRUE,,,,
,A0. Conscrit,not found,Trial Ranker,shine11902314,<@1225342479629287448>,https://www.roblox.com/users/5452171980/profile,0,TRUE,,,,
,A0. Conscrit,not found,Trial Ranker,BenzoAmity,<@1429381174324756542>,https://www.roblox.com/users/7549859072/profile,0,TRUE,,,,
,A0. Conscrit,not found,Trial Ranker,Monellyoll,<@1316410201049530448>,https://www.roblox.com/users/604653337/profile,0,TRUE,,,,
,A0. Conscrit,not found,Trial Ranker,colonel_micheal,<@1492640268825137314>,,0,TRUE,,,,
,A0. Conscrit,not found,Trial Ranker,shokokoko65,<@691405068376866927>,https://www.roblox.com/users/119073699/profile,0,TRUE,,,,
,A0. Conscrit,not found,Trial Ranker,Onmywayfrfr,<@1120238318702051358>,https://www.roblox.com/users/8131456928/profile,0,TRUE,,,,
,A0. Conscrit,not found,Trial Ranker,HowToFixMyComputer,<@1213247119213731843>,https://www.roblox.com/users/2871389820/profile,0,TRUE,,,,
,A0. Conscrit,not found,Trial Ranker,idnd706,<@1424026581709357189>,https://www.roblox.com/users/5588846228/profile,0,TRUE,,,,
,A0. Conscrit,not found,Trial Ranker,minecraft010714,<@1446511617524371557>,https://www.roblox.com/users/3697327696/profile,0,TRUE,,,,
,A0. Conscrit,not found,Trial Ranker,isteveishere,<@1085568728718127114>,https://www.roblox.com/users/2717445075/profile,0,TRUE,,,,
,A0. Conscrit,not found,Trial Ranker,AuctusLeijonhufvud,<@801108147313704960>,https://www.roblox.com/users/11008922818/profile,0,TRUE,,,,
,A0. Conscrit,not found,Trial Ranker,Lord_CheekiBreeki,<@557171437073465354>,https://www.roblox.com/users/598035636/profile,0,TRUE,,,,
,A0. Conscrit,not found,Trial Ranker,Skoonify,<@941881838849388585>,https://www.roblox.com/users/3887029383/profile,0,TRUE,,,,
,A0. Conscrit,not found,Trial Ranker,NasirSaudi_7,<@1398115608201269248>,https://www.roblox.com/users/10397573380/profile,0,TRUE,,,,
,A0. Conscrit,not found,Trial Ranker,MCYvonAnton,<@1486584206611189893>,https://www.roblox.com/users/10727934143/profile,0,TRUE,,,,
,A0. Conscrit,not found,Trial Ranker,sabsteals_6,<@1322296507986350120>,,0,TRUE,,,,
,A0. Conscrit,not found,Trial Ranker,WN_DIGUO,<@1336620840468615198>,https://www.roblox.com/users/7355350897/profile,0,TRUE,,,,
,A0. Conscrit,not found,Missing,GotAnySoup214,<@1449604192837828781>,https://www.roblox.com/users/968388070/profile,0,TRUE,,,,
,A0. Conscrit,not found,Missing,st4mbou,<@765666376378482758>,https://www.roblox.com/users/10173057539/profile,0,TRUE,,,,
,A0. Conscrit,not found,Missing,Rtaheil,<@1292332150930149477>,https://www.roblox.com/users/8178918090/profile,0,TRUE,,,,
,A0. Conscrit,not found,Missing,Alcantara702,<@1248482863188541476>,https://www.roblox.com/users/1169849792/profile,0,TRUE,,,,
,A0. Conscrit,not found,Missing,CJAE_817,<@1379032902289063979>,https://www.roblox.com/users/8296583681/profile,0,TRUE,,,,
,A0. Conscrit,not found,Missing,ALIFGAMINGR,<@1014147262017970278>,https://www.roblox.com/users/2947144856/profile,0,TRUE,,,,
,A0. Conscrit,not found,Missing,LamaAmazon,<@613362923594842142>,https://www.roblox.com/users/960085968/profile,0,TRUE,,,,
,A0. Conscrit,not found,Missing,ayranxd_2,<@766628177698357258>,https://www.roblox.com/users/5622929941/profile,0,TRUE,,,,
,A0. Conscrit,not found,Missing,2ndLieutenant_Basic,<@564849561898713139>,https://www.roblox.com/users/1960135725/profile,0,TRUE,,,,
,A0. Conscrit,not found,Missing,txxt_KR,<@1478741331546214511>,https://www.roblox.com/users/7417129798/profile,0,TRUE,,,,
,A0. Conscrit,not found,Missing,tommy12321,<@1428988716948525129>,https://www.roblox.com/users/3431184/profile,0,TRUE,,,,
,A0. Conscrit,not found,Missing,SpudVox,<@1485647806927732879>,https://www.roblox.com/users/9085257665/profile,0,TRUE,,,,
,A0. Conscrit,not found,Missing,Sweet_mango1231,<@1295477880616255508>,https://www.roblox.com/users/1692433975/profile,0,TRUE,,,,
,A0. Conscrit,not found,Missing,imanstevesda,<@1500151436259102761>,https://www.roblox.com/users/7396475503/profile,0,TRUE,,,,
,A0. Conscrit,not found,Missing,amcar_11,<@1486887082789175308>,https://www.roblox.com/users/10708379150/profile,0,TRUE,,,,
,A0. Conscrit,not found,Missing,cz20yt2,<@709725023258017842>,https://www.roblox.com/users/1368124455/profile,0,TRUE,,,,
,A0. Conscrit,not found,Trial Ranker,chenepain204,<@580466137158910048>,https://www.roblox.com/users/1643018317/profile,0,TRUE,,,,
,A0. Conscrit,not found,Trial Ranker,Luisitosomerajr,<@1480091462627622963>,https://www.roblox.com/users/2596465122/profile,4,TRUE,,,,
,A0. Conscrit,not found,Missing,MiscPepper2,<@1030285955615174827>,https://www.roblox.com/users/4606481296/profile,2,TRUE,,,,
,A0. Conscrit,not found,Missing,KiNa_desuWa,<@1299042689656033354>,https://www.roblox.com/users/8102120122/profile,0,TRUE,,,,
,A0. Conscrit,not found,Trial Ranker,grxgoryzyxchq,<@950213916187828274>,https://www.roblox.com/search/users?keyword=grxgoryzyxchq%20,0,TRUE,,,,
,A0. Conscrit,not found,Trial Ranker,VoidHyuga,<@888451425884074025>,https://www.roblox.com/users/2855672503/profile,0,TRUE,,,,
,A0. Conscrit,not found,Trial Ranker,DemonDane2,<@1005736626892316672>,https://www.roblox.com/users/8490602356/profile,0,TRUE,,,,
,A0. Conscrit,not found,Trial Ranker,easonzeasonz135,<@1275051599080722486>,https://www.roblox.com/users/2905362211/profile,0,TRUE,,,,
,A0. Conscrit,not found,Trial Ranker,vietnampro1039,<@888623730358648843>,https://www.roblox.com/users/1842454951/profile,0,TRUE,,,,
,A0. Conscrit,not found,Trial Ranker,anythingismoe,<@1294284367560179723>,https://www.roblox.com/users/10420879501/profile,0,TRUE,,,,
,A0. Conscrit,not found,Missing,baohonlon,<@1338768649472708631>,https://www.roblox.com/users/4884269900/profile,1,TRUE,,,,
,A0. Conscrit,not found,Missing,3athan308,<@813714700847546389>,https://www.roblox.com/users/2690815298/profile,0,TRUE,,,,
,A0. Conscrit,not found,Missing,gsgwu1hq,<@901426498584592394>,https://www.roblox.com/users/1936258797/profile,0,TRUE,,,,
,A0. Conscrit,not found,Missing,husdcoolest,<@1496062281451175997>,https://www.roblox.com/users/3120366975/profile,0,TRUE,,,,
,A0. Conscrit,not found,Trial Ranker,ShuTiao_Yixi,<@1345612498967072850>,https://www.roblox.com/users/10614974634/profile,1,TRUE,,,,
,A0. Conscrit,not found,Missing,BrickXianxx1231,<@719845639470710825>,https://www.roblox.com/users/1208780319/profile,0,TRUE,,,,
,A0. Conscrit,not found,Trial Ranker,scholarsq,<@1454944266584588441>,https://www.roblox.com/users/12223/profile,0,TRUE,,,,
,A0. Conscrit,not found,Missing,jjjiehannnth2,<@869219671331717190>,https://www.roblox.com/users/4948940443/profile,10,TRUE,,,,
,A0. Conscrit,not found,Missing,qwaszxpolkmn9178,<@1453070166077472901>,https://www.roblox.com/users/9298934285/profile,5,TRUE,,,,
,A0. Conscrit,not found,Missing,r4_bt,<@1101880338688516206>,https://www.roblox.com/users/988605632/profile,0,TRUE,,,,
,A0. Conscrit,not found,Trial Ranker,masteratgb,<@1440128135470383104>,https://www.roblox.com/users/10117077705/profile,0,TRUE,,,,
,A0. Conscrit,not found,Trial Ranker,Real_blaz9,<@1175744149916495917>,https://www.roblox.com/users/4004739528/profile,0,TRUE,,,,
,A0. Conscrit,not found,Trial Ranker,CharAtsunaPool,<@1323268666565066814>,https://www.roblox.com/users/5165228438/profile,0,TRUE,,,,
,A0. Conscrit,not found,Trial Ranker,BESTGKEVER06,<@1169238447932842055>,https://www.roblox.com/users/8646496094/profile,0,TRUE,,,,
,A0. Conscrit,not found,Trial Ranker,BoyCity2k4,<@884707494906179584>,https://www.roblox.com/users/3048587569/profile,0,TRUE,,,,
,A0. Conscrit,not found,Trial Ranker,JDNR_to,<@1082242800831184958>,https://www.roblox.com/users/5045511431/profile,0,TRUE,,,,
,A0. Conscrit,not found,Trial Ranker,hoangiap8d,<@1451189318952423444>,https://www.roblox.com/users/8685938986/profile,0,TRUE,,,,
,A0. Conscrit,not found,Trial Ranker,differentlouise,<@1512352568913952889>,https://www.roblox.com/users/7894341971/profile,0,TRUE,,,,
,A0. Conscrit,not found,Full Ranker,suay_sud,<@1230700168261668874>,https://www.roblox.com/users/2243230889/profile,3,TRUE,,,,
,A0. Conscrit,not found,Missing,Zert132342,<@1225882582340599890>,https://www.roblox.com/users/765798712/profile,1,TRUE,,,,
,A0. Conscrit,not found,Missing,75_mes,<@885356367173545985>,https://www.roblox.com/users/1598005660/profile,3,TRUE,,,,
,A0. Conscrit,not found,Missing,robloxnoob67678,<@932649392408789004>,https://www.roblox.com/users/2770220603/profile,1,TRUE,,,,
,A0. Conscrit,not found,Missing,30fpsmacbook,<@1442050271827198029>,https://www.roblox.com/users/8456170927/profile,0,TRUE,,,,
,A0. Conscrit,not found,Missing,jojo_sama277,<@818904164251729950>,https://www.roblox.com/users/2833752880/profile,0,TRUE,,,,
,A0. Conscrit,not found,Missing,BastienDeBeauharnais,<@1208834180939653150>,https://www.roblox.com/users/3064966093/profile,0,TRUE,,,,
,A0. Conscrit,not found,Missing,paralocks,<@763582228285751296>,https://www.roblox.com/users/7228692568/profile,2,TRUE,,,,
,A0. Conscrit,not found,Missing,Wallahicus,<@871443473625128970>,https://www.roblox.com/users/1525874637/profile,0,TRUE,,,,
,A0. Conscrit,not found,Missing,Lyft_Cavi,<@984064481606905877>,https://www.roblox.com/users/3682100299/profile,25,TRUE,,,,
,A0. Conscrit,not found,Missing,CrankHoschi,<@1250038902451077141>,https://www.roblox.com/users/5409591788/profile,2,TRUE,,,,
,A0. Conscrit,not found,Missing,MistaG_20,<@972897476682088518>,https://www.roblox.com/users/3528949410/profile,9,TRUE,,,,
,A0. Conscrit,not found,Missing,Winstrieker,<@818834451600769064>,https://www.roblox.com/users/4632696288/profile,0,TRUE,,,,
,A0. Conscrit,not found,Missing,DestructivelyPro,<@700358680788598904>,https://www.roblox.com/users/202188734/profile,1,TRUE,,,,
,A0. Conscrit,not found,Missing,Gravitysteely,<@839035439624749088>,https://www.roblox.com/users/1214399672/profile,0,TRUE,,,,
,A0. Conscrit,not found,Missing,Metehanglr2408,<@1491455751443579043>,https://www.roblox.com/users/1724620701/profile,0,TRUE,,,,
,A0. Conscrit,not found,Missing,E_XCLUSIVE,<@287258668804866048>,https://www.roblox.com/users/291577554/profile,0,TRUE,,,,
,A0. Conscrit,not found,Missing,HazardRepulser,<@1259833135068221460>,https://www.roblox.com/users/1434659380/profile,0,TRUE,,,,
,A0. Conscrit,not found,Missing,FyrValour,<@1111190406231756894>,https://www.roblox.com/users/1915792654/profile,16,TRUE,,,,
,A0. Conscrit,not found,Missing,oboo453,<@1012850293408551044>,https://www.roblox.com/users/1307758881/profile?friendshipSourceType=PlayerSearch,1,TRUE,,,,
,A0. Conscrit,not found,Missing,qxd_os,<@1103286437908054109>,https://www.roblox.com/users/4586942452/profile,0,TRUE,,,,
,A0. Conscrit,not found,Missing,JOjero58,<@1001960687846826005>,https://www.roblox.com/users/1854133622/profile,0,TRUE,,,,
,A0. Conscrit,not found,Missing,XaintleDiAurelia,<@1330250903592112128>,https://www.roblox.com/users/5270709262/profile,0,TRUE,,,,
,A0. Conscrit,not found,Missing,RobloxGaming987657,<@658743806992318494>,https://www.roblox.com/users/334864046/profile,0,TRUE,,,,
,A0. Conscrit,not found,Missing,Lecton28,<@918451376680472576>,https://www.roblox.com/users/1760086636/profile,2,TRUE,,,,
,A0. Conscrit,not found,Missing,FullMadnessDX,<@439606623523307521>,https://www.roblox.com/users/1143804222/profile,0,TRUE,,,,
,A0. Conscrit,not found,Missing,3335sjux,<@1362750097053450250>,https://www.roblox.com/users/5777411178/profile,0,TRUE,,,,
,A0. Conscrit,not found,Missing,airv2,<@761906032070361108>,https://www.roblox.com/users/635278405/profile,3,TRUE,,,,
,A0. Conscrit,not found,Missing,Avmesta,<@423047709012918272>,https://www.roblox.com/users/2509391043/profile,2,TRUE,,,,
,A0. Conscrit,not found,Missing,E3X0A,<@1369670465525649508>,https://www.roblox.com/users/6047382398/profile,2,TRUE,,,,
,A0. Conscrit,not found,Missing,HerculesMarvelDisney,<@690119525223628833>,https://www.roblox.com/users/4321473099/profile,0,TRUE,,,,
,A0. Conscrit,not found,Missing,AmongusDectective,<@1078892315277537313>,https://www.roblox.com/users/3624420761/profile,0,TRUE,,,,
,A0. Conscrit,not found,Missing,ekkuais,<@1122130989272023120>,https://www.roblox.com/users/4549125563/profile,2,TRUE,,,,
,A0. Conscrit,not found,Missing,MisbunAid,<@987538786898546688>,https://www.roblox.com/users/1633293012/profile,1,TRUE,,,,
,A0. Conscrit,not found,Missing,FRANC01w,<@917726076170567752>,https://www.roblox.com/users/2204820985/profile,0,TRUE,,,,
,A0. Conscrit,not found,Missing,theoldccvh_09,<@1501861571737948184>,https://www.roblox.com/users/10176031108/profile,0,TRUE,,,,
,A0. Conscrit,not found,Missing,Filipino_brother,<@1150061972671451247>,https://www.roblox.com/users/1168541996/profile,2,TRUE,,,,
,A0. Conscrit,not found,Missing,Zeke14th,<@659182575146893314>,,0,TRUE,,,,
,A0. Conscrit,not found,Missing,ILikeSpongeBob2313,<@1110835885307613264>,https://www.roblox.com/users/1447018916/profile,0,TRUE,,,,
,A0. Conscrit,not found,Missing,furusuteredo,<@607548492499386368>,,1,TRUE,,,,
,A0. Conscrit,not found,Missing,Sakuraz_10,<@748493117203677264>,,4,TRUE,,,,
,A0. Conscrit,not found,Trial Ranker,talha684o8,<@1152529830169034753>,https://www.roblox.com/users/5408377515/profile,0,TRUE,,,,
,A0. Conscrit,not found,Trial Ranker,CoolSnowySnowman,<@1106197674459418664>,https://www.roblox.com/users/4817622879/profile,1,TRUE,,,,
,A0. Conscrit,not found,Trial Ranker,Commander_GeoPRS,<@488586260009713665>,https://www.roblox.com/users/2372780105/profile,0,TRUE,,,,
,A0. Conscrit,not found,Trial Ranker,NoNoMimi345,<@1421963045319475383>,https://www.roblox.com/users/2684985632/profile,0,TRUE,,,,
,A0. Conscrit,not found,Trial Ranker,sanstheplayer81,<@1411418871809970197>,https://www.roblox.com/users/1105425992/profile,0,TRUE,,,,
,A0. Conscrit,not found,Trial Ranker,realmadridmichi,<@1355839793933848598>,https://www.roblox.com/users/4397250016/profile,0,TRUE,,,,
,A0. Conscrit,not found,Trial Ranker,NINJADESU1975,<@1424204478814359672>,https://www.roblox.com/users/8152074761/profile,0,TRUE,,,,
,A0. Conscrit,not found,Trial Ranker,GumbyPandaSob,<@1167564655963668570>,not found,0,TRUE,,,,
,A0. Conscrit,not found,Trial Ranker,CioBeneventi,<@762747016505458708>,https://www.roblox.com/users/7609955466/profile,0,TRUE,,,,
,A0. Conscrit,not found,Trial Ranker,reihvenders,<@1111190406231756894>,not found,0,TRUE,,,,
,A0. Conscrit,not found,Trial Ranker,Austin_Gustavo,<@1404718667870113942>,https://www.roblox.com/users/7469114220/profile,0,TRUE,,,,
,A0. Conscrit,not found,Trial Ranker,subtoToastyTD,<@819938336260489257>,https://www.roblox.com/users/1271034175/profile,0,TRUE,,,,
,A0. Conscrit,not found,Trial Ranker,Karlosi10,<@1035596779867078666>,https://www.roblox.com/users/2000331583/profile,0,TRUE,,,,
,A0. Conscrit,not found,Trial Ranker,sadman24961,<@1421828545218482276>,https://www.roblox.com/users/9021572641/profile,0,TRUE,,,,
,A0. Conscrit,not found,Trial Ranker,SeniorGory,<@1436352469562036277>,https://www.roblox.com/users/3808581954/profile,0,TRUE,,,,
,A0. Conscrit,not found,Trial Ranker,fsbhgkb,<@1459385679262781605>,https://www.roblox.com/users/3817516439/profile,0,TRUE,,,,
,A0. Conscrit,not found,Trial Ranker,NATHANGAMING_104,<@834228267728764938>,https://www.roblox.com/users/1865173599/profile,0,TRUE,,,,
,A0. Conscrit,not found,Trial Ranker,Oatmea1l,<@661921014917234688>,https://www.roblox.com/users/2748431475/profile,0,TRUE,,,,
,A0. Conscrit,not found,Trial Ranker,BOSSBlox0209,<@765201171391840266>,https://www.roblox.com/users/381582279/profile,0,TRUE,,,,
,A0. Conscrit,not found,Trial Ranker,isobaser,<@1425373807782395973>,https://www.roblox.com/users/442570420/profile,0,TRUE,,,,
,A0. Conscrit,not found,Trial Ranker,emi_bleghh,<@1459818573164843031>,https://www.roblox.com/users/9444441198/profile,0,TRUE,,,,
,A0. Conscrit,not found,Trial Ranker,Evilcottoncandygir1,<@919579329388748861>,https://www.roblox.com/users/202460512/profile,0,TRUE,,,,
,A0. Conscrit,not found,Trial Ranker,Mr_Fredrison,<@1400923152577728692>,not found,0,TRUE,,,,
,A0. Conscrit,not found,Trial Ranker,hhhhhhjhshjw,<@1442050271827198029>,https://www.roblox.com/users/8946152286/profile,0,TRUE,,,,
,A0. Conscrit,not found,Trial Ranker,KiyomizuSeta,<@1187743441959002243>,https://www.roblox.com/users/1598013119/profile,0,TRUE,,,,
,A0. Conscrit,not found,Trial Ranker,killer_shot45,<@1219967426993586269>,https://www.roblox.com/users/4996813442/profile,0,TRUE,,,,
,A0. Conscrit,not found,Trial Ranker,nahbutyes,<@816864793905856542>,https://www.roblox.com/users/2786112095/profile,0,TRUE,,,,
,A0. Conscrit,not found,Trial Ranker,BACONSRT1148,<@1135933123834691624>,https://www.roblox.com/users/3082946703/profile,0,TRUE,,,,
,A0. Conscrit,not found,Trial Ranker,xanderthegraet08,",@1427129268638453784>",https://www.roblox.com/users/7499814247/profile,0,TRUE,,,,
,A0. Conscrit,not found,Trial Ranker,nadosmp123,<@882250693413584907>,https://www.roblox.com/users/2564228944/profile,0,TRUE,,,,
,A0. Conscrit,not found,Trial Ranker,ooqoa_6,<@1466023890663903262>,https://www.roblox.com/users/8610742411/profile,0,TRUE,,,,
,A0. Conscrit,not found,Trial Ranker,SparrowVwTactics,<@1278291453386297397>,https://www.roblox.com/users/262418862/profile,0,TRUE,,,,
,A0. Conscrit,not found,Trial Ranker,Iwant2didXDDD,<@1408780128854474773>,https://www.roblox.com/users/1618509074/profile,0,TRUE,,,,
,A0. Conscrit,not found,Trial Ranker,NotCookiezi_0,<@1439552699116027925>,https://www.roblox.com/users/10210982836/profile,0,TRUE,,,,
,A0. Conscrit,not found,Trial Ranker,braziler2,<@823782672291725322>,https://www.roblox.com/users/308625692/profile,0,TRUE,,,,
,A0. Conscrit,not found,Trial Ranker,DominantBackshots,<@162389756636954624>,https://www.roblox.com/users/9075963945/profile,3,TRUE,,,,
,A0. Conscrit,not found,Trial Ranker,jamesrblx22221,<@1395415351046439092>,https://www.roblox.com/users/4392218250/profile,0,TRUE,,,,
,A0. Conscrit,not found,Trial Ranker,Darkmetal_800,<@1123115396279582791>,https://www.roblox.com/users/2740556693/profile,0,TRUE,,,,
,A0. Conscrit,not found,Trial Ranker,Lord_Binah,"<@1462162257051123797>
",https://www.roblox.com/users/3744076240/profile,0,TRUE,,,,
,A0. Conscrit,not found,Trial Ranker,759416771c,<@1468659961696616549>,https://www.roblox.com/users/8278858707/profile,0,TRUE,,,,
,A0. Conscrit,not found,Trial Ranker,Goofyag65,<@1371606467848962071>,https://www.roblox.com/users/7257935470/profile,0,TRUE,,,,
,A0. Conscrit,not found,Trial Ranker,taothichchoigame_123,<@873125264580816926>,https://www.roblox.com/users/9371225155/profile,1,TRUE,,,,
,A0. Conscrit,not found,Trial Ranker,womanbutwomaniswoman,<@1307954287954886719>,https://www.roblox.com/users/3244561950/profile,0,TRUE,,,,
,A0. Conscrit,not found,Trial Ranker,Nasir1941,<@1398115608201269248>,https://www.roblox.com/users/9518137629/profile,0,TRUE,,,,
,A0. Conscrit,not found,Trial Ranker,mix08721,<@796348106840080436>,https://www.roblox.com/users/2302365669/profile,0,TRUE,,,,
,A0. Conscrit,not found,Trial Ranker,Cellinia_Texas11,<@1208242804023885825>,https://www.roblox.com/users/4461952806/profile,0,TRUE,,,,
,A0. Conscrit,not found,Trial Ranker,Joolsolir,<@1315688613161467946>,https://www.roblox.com/users/2664477594/profile,0,TRUE,,,,
,A0. Conscrit,not found,Trial Ranker,Dandysworldplayer132,<@1075744750008815666>,https://www.roblox.com/users/7839636184/profile,0,TRUE,,,,
,A0. Conscrit,not found,Trial Ranker,WoozyZeed,"<@1349347005880598552>
",https://www.roblox.com/users/7529733534/profile,0,TRUE,,,,
,A0. Conscrit,not found,Trial Ranker,djalokgod4k,",<@1469768419317645556>",https://www.roblox.com/users/7887848287/profile,0,TRUE,,,,
,A0. Conscrit,not found,Trial Ranker,Selim21022102,<@858746579241926718>,https://www.roblox.com/users/1732943647/profile,0,TRUE,,,,
,A1. Soldat,"3eme Fusiliers ""Rivoli""",Full Ranker,derricklon29,<@1203326011740262430>,https://www.roblox.com/users/3278266541/profile,1,FALSE,,,,
,A0. Conscrit,not found,Trial Ranker,Wallticc,<@1144500897355939850>,https://www.roblox.com/users/8159735400/profile,0,TRUE,,,,
,A0. Conscrit,not found,Trial Ranker,AsulMC,<@1435932614736347156>,https://www.roblox.com/users/9957740079/profile,0,TRUE,,,,
,A0. Conscrit,not found,Trial Ranker,yee5840,<@1414202272614973521>,https://www.roblox.com/users/4092941420/profile,0,TRUE,,,,
,A0. Conscrit,not found,Trial Ranker,hhhhhhhjhwh,<@1442050271827198029>,not found,0,TRUE,,,,
,A0. Conscrit,not found,Trial Ranker,TMJ371,<@1317805882389696545>,https://www.roblox.com/users/5018090575/profile,0,TRUE,,,,
,A0. Conscrit,not found,Trial Ranker,That_girlhaslost,<@866195180292669450>,https://www.roblox.com/users/1262532323/profile?friendshipSourceType=PlayerSearch,0,TRUE,,,,
,A0. Conscrit,not found,Trial Ranker,MArczeoilp,<@1005689643351679088>,https://www.roblox.com/users/3356670917/profile,0,TRUE,,,,
,A0. Conscrit,not found,Trial Ranker,randm_0666,<@1470227737615536300>,https://www.roblox.com/users/10380287858/profile?friendshipSourceType=PlayerSearch,0,TRUE,,,,
,A0. Conscrit,not found,Trial Ranker,Timh254,<@1278312105342271617>,https://www.roblox.com/users/8906134093/profile,0,TRUE,,,,
,A0. Conscrit,not found,Trial Ranker,GentlemenMunchkins,<@1143224677276319794>,https://www.roblox.com/users/7735167156/profile,0,TRUE,,,,
,A0. Conscrit,not found,Trial Ranker,AjboiiXDA,<@1283887926375350417>,https://www.roblox.com/users/3196263496/profile,0,TRUE,,,,
,A0. Conscrit,not found,Trial Ranker,aken106,<@1444697567634919589>,https://www.roblox.com/users/5654044449/profile,0,TRUE,,,,
,A0. Conscrit,not found,Trial Ranker,Lejon177,<@556315738600636451>,https://www.roblox.com/users/1371765608/profile,2,TRUE,,,,
,A0. Conscrit,not found,Trial Ranker,ilovemarioguy23,<@1472226590447505518>,https://www.roblox.com/users/1909061370/profile,1,TRUE,,,,
,A0. Conscrit,not found,Trial Ranker,Beam_vic,<@769467858823413760>,https://www.roblox.com/users/3023901197/profile,0,TRUE,,,,
,A0. Conscrit,not found,Trial Ranker,murathcim,<@1410703387745452162>,https://www.roblox.com/users/1226641983/profile,0,TRUE,,,,
,A0. Conscrit,not found,Trial Ranker,Irruption_God,<@869327301521850418>,https://www.roblox.com/users/2003725984/profile,0,TRUE,,,,
,A0. Conscrit,not found,Trial Ranker,juangamer17143,<@829935540500692992>,https://www.roblox.com/users/501789533/profile,0,TRUE,,,,
,A0. Conscrit,not found,Trial Ranker,haroldtheonewhostabs,<@1240281146152058904>,https://www.roblox.com/users/8126970365/profile,0,TRUE,,,,
,A0. Conscrit,not found,Trial Ranker,afifgunawan01,<@1073875698814566500>,https://www.roblox.com/users/563951145/profile,0,TRUE,,,,
,A0. Conscrit,not found,Trial Ranker,Ahsiaprafa,<@541970514625822760>,https://www.roblox.com/users/1218567342/profile,0,TRUE,,,,
,A0. Conscrit,not found,Trial Ranker,RainbowStarSpirnkles,<@1298631699093127253>,https://www.roblox.com/users/10299800047/profile,0,TRUE,,,,
,A0. Conscrit,not found,Trial Ranker,Aurelianicus,<@1474313860453503061>,https://www.roblox.com/users/10320031263/profile,0,TRUE,,,,
,A0. Conscrit,not found,Trial Ranker,Moustaphajeu,<@1418814965573357629>,https://www.roblox.com/users/1496144356/profile,0,TRUE,,,,
,A0. Conscrit,not found,Trial Ranker,TenctacleHanime,<@943116588700286986>,https://www.roblox.com/users/3220811321/profile,0,TRUE,,,,
,A0. Conscrit,not found,Trial Ranker,arsenalenjoyer21,<@1349367824363163753>,https://www.roblox.com/users/4581038721/profile,0,TRUE,,,,
,A0. Conscrit,not found,Trial Ranker,4JAdarYT,<@1109785771398930502>,https://www.roblox.com/users/3215616693/profile,0,TRUE,,,,
,A0. Conscrit,not found,Trial Ranker,1denrdonlorenzo,<@1401428843902013521>,https://www.roblox.com/users/9537678638/profile,0,TRUE,,,,
,A0. Conscrit,not found,Trial Ranker,Frenchie_oioioi,<@1436436322888847543>,https://www.roblox.com/users/5416216755/profile,0,TRUE,,,,
,A0. Conscrit,not found,Full Ranker,wwakwak230,<@1250719104269160563>,https://www.roblox.com/users/4156152158/profile,1,TRUE,,,,
,A0. Conscrit,not found,Trial Ranker,fartan_n85,<@867762461913645076>,https://www.roblox.com/users/2455089510/profile,0,TRUE,,,,
,A0. Conscrit,not found,Trial Ranker,reingabriel08,<@1091755198512365679>,https://www.roblox.com/users/1811259163/profile,0,TRUE,,,,
,A0. Conscrit,not found,Trial Ranker,Wincent2002,<@922543167348281394>,https://www.roblox.com/users/3055479872/profile,0,TRUE,,,,
,A0. Conscrit,not found,Trial Ranker,etoiles456798,<@1079826900102418483>,https://www.roblox.com/users/3785716035/profile,0,TRUE,,,,
,A0. Conscrit,not found,Trial Ranker,tmmrt123,<@1254475239790874779>,https://www.roblox.com/users/1590060722/profile,0,TRUE,,,,
,A0. Conscrit,not found,Trial Ranker,THEKING12340746,<@1436766186938433727>,https://www.roblox.com/users/8107075825/profile,0,TRUE,,,,
,A0. Conscrit,not found,Trial Ranker,Sou37189,<@1467409147090964700>,https://www.roblox.com/users/8142226298/profile,0,TRUE,,,,
,A0. Conscrit,not found,Trial Ranker,TaskaAureus,<@670773997209780227>,https://www.roblox.com/users/1806587659/profile,0,TRUE,,,,
,A0. Conscrit,not found,Trial Ranker,oven20144,<@1384252640312950804>,https://www.roblox.com/users/5617393750/profile,0,TRUE,,,,
,A0. Conscrit,not found,Trial Ranker,Elmanhandsome13,<@647044825740345355>,https://www.roblox.com/users/3258917766/profile,0,TRUE,,,,
,A0. Conscrit,not found,Trial Ranker,VanquishedFarm112,<@1477578053935693824>,https://www.roblox.com/users/10246000628/profile,1,TRUE,,,,
,A0. Conscrit,not found,Trial Ranker,v2_killf,<@946056909864181791>,https://www.roblox.com/users/4073481312/profile,0,TRUE,,,,
,A0. Conscrit,not found,Trial Ranker,Ratchanon4547,<@726352494271397908>,https://www.roblox.com/users/1938484242/profile,0,TRUE,,,,
,A0. Conscrit,not found,Trial Ranker,kramliek24,<@1462394209066549351>,https://www.roblox.com/users/2679821034/profile,0,TRUE,,,,
,A0. Conscrit,not found,Trial Ranker,hereticsutra,<@1110520795584811099,https://www.roblox.com/users/1095501014/profile,0,TRUE,,,,
,A0. Conscrit,not found,Trial Ranker,azemrisakifmohdhatta,<@1436143572746240143>,https://www.roblox.com/users/1417009261/profile,0,TRUE,,,,
,A0. Conscrit,not found,Trial Ranker,Dusje12345,<@1443544930524860477>,https://www.roblox.com/users/2253463620/profile,0,TRUE,,,,
,A0. Conscrit,not found,Trial Ranker,Snusoed_x1000,<@987061542635847710>,https://www.roblox.com/users/3589499543/profile,0,TRUE,,,,
,A0. Conscrit,not found,Trial Ranker,luuizggantonio3322,<@1395096025743757505>,https://www.roblox.com/users/4603896886/profile,0,TRUE,,,,
,A0. Conscrit,not found,Trial Ranker,adzkiarudo,<@1479620899274490021>,https://www.roblox.com/users/10634919664/profile,0,TRUE,,,,
,A0. Conscrit,not found,Trial Ranker,Babop_sly,<@\1480481256314503188>,https://www.roblox.com/users/3437436855/profile,0,TRUE,,,,
,A0. Conscrit,not found,Trial Ranker,waterlight_7980,<@727672082418106398>,https://www.roblox.com/users/1609774064/profile,3,TRUE,,,,
,A0. Conscrit,not found,Trial Ranker,TwT_Teresa,<@1003999691941351544>,https://www.roblox.com/users/3245087951/profile,0,TRUE,,,,
,A0. Conscrit,not found,Trial Ranker,kopelek,<@434228275880132610>,https://www.roblox.com/users/358512370/profile,0,TRUE,,,,
,A0. Conscrit,not found,Trial Ranker,shadowpipe08,<@1284280190108831787>,https://www.roblox.com/users/3129882318/profile,0,TRUE,,,,
,A0. Conscrit,not found,Trial Ranker,VeniTersus2,<@476899765922168833>,https://www.roblox.com/users/3626080899/profile,0,TRUE,,,,
,A0. Conscrit,not found,Trial Ranker,princessfeliciatan,<@1482657436044103782>,https://www.roblox.com/users/1730491340/profile,0,TRUE,,,,
,A0. Conscrit,not found,Trial Ranker,RedCherry2nd,<@1368898996101316649>,https://www.roblox.com/users/8418575294/profile,0,TRUE,,,,
,A0. Conscrit,not found,Trial Ranker,Rip_realme19,<@1483242050290716743>,https://www.roblox.com/users/5376281914/profile,0,TRUE,,,,
,A0. Conscrit,not found,Trial Ranker,erenbabu8259,<@715271958975086653>,https://www.roblox.com/users/1601971200/profile,0,TRUE,,,,
,A0. Conscrit,not found,Trial Ranker,Ballistic2118,<@848993095659028491>,https://www.roblox.com/users/1311930618/profile,0,TRUE,,,,
,A0. Conscrit,not found,Trial Ranker,hex_3134,<@1263507666949640282>,https://www.roblox.com/users/8491130364/profile,0,TRUE,,,,
,A0. Conscrit,not found,Trial Ranker,xDada97x,<@1087443472564371526>,https://www.roblox.com/users/2280701333/profile,0,TRUE,,,,
,A0. Conscrit,not found,Trial Ranker,OYUNCUHD122,<@1462877844584661149>,https://www.roblox.com/users/1377754239/profile,0,TRUE,,,,
,A0. Conscrit,not found,Trial Ranker,reykch_wwww,<@1479140332275761173>,https://www.roblox.com/users/10654477290/profile,0,TRUE,,,,
,A0. Conscrit,not found,Trial Ranker,Pasha_Spartan,<@1488541912976724149>,https://www.roblox.com/users/3738964798/profile,0,TRUE,,,,
,A0. Conscrit,not found,Trial Ranker,mmKnc,<@932117403213639731>,https://www.roblox.com/users/589040406/profile,0,TRUE,,,,
,A0. Conscrit,not found,Trial Ranker,zxvcxbnz,<@1513140685652365373>,https://www.roblox.com/users/9039152916/profile,0,TRUE,,,,
,A0. Conscrit,not found,Trial Ranker,blueeyefox1234,<@648124903580499968>,https://www.roblox.com/users/1999457630/profile,0,TRUE,,,,
,A0. Conscrit,not found,Trial Ranker,panzerkpw,<@1064547103394758656>,https://www.roblox.com/users/4213812645/profile,0,TRUE,,,,
,A0. Conscrit,not found,Missing,benlacuna611,<@1233953146548654144>,https://www.roblox.com/users/1121479364/profile,0,TRUE,,,,
,A0. Conscrit,not found,Trial Ranker,wanting277,<@1526494485813661757>,https://www.roblox.com/users/9217067449/profile,0,TRUE,,,,
,A0. Conscrit,not found,Trial Ranker,uty1274,<@785186847948537858>,https://www.roblox.com/users/9054729991/profile,0,TRUE,,,,
,A0. Conscrit,not found,Trial Ranker,Gamer_1284r,<@617073717549203457>,https://www.roblox.com/users/2034763904/profile,0,TRUE,,,,
,A0. Conscrit,not found,Trial Ranker,cheems436434,<@943430518412824606>,https://www.roblox.com/users/2301888987/profile,1,TRUE,,,,
,A0. Conscrit,not found,Trial Ranker,Honouricus,<@1057425295059189860>,https://www.roblox.com/users/4180730497/profile,3,TRUE,,,,
,A0. Conscrit,not found,Trial Ranker,wjjjs666,<@1426562193134190656>,https://www.roblox.com/users/8017551217/profile,1,TRUE,,,,
,A0. Conscrit,not found,Trial Ranker,z7_imps,<@1138134051753050152>,https://www.roblox.com/users/2230357218/profile,0,TRUE,,,,
,A0. Conscrit,not found,Trial Ranker,cakbamay658808,<@1522914700512465058>,https://www.roblox.com/users/11209236395/profile,0,TRUE,,,,
,A0. Conscrit,not found,Trial Ranker,zhaocx2,<@1528316765812293688>,https://www.roblox.com/users/5264957818/profile,0,TRUE,,,,
,A0. Conscrit,not found,Trial Ranker,superjed26new,<@1354681780829028402>,https://www.roblox.com/users/2544305338/profile,0,TRUE,,,,
,A0. Conscrit,not found,Trial Ranker,kacp01574,<@1470412623408529469>,https://www.roblox.com/users/2861156444/profile,0,TRUE,,,,
,A0. Conscrit,not found,Trial Ranker,lio_purzeee,<@1457303483496665118>,https://www.roblox.com/users/11199171170/profile,3,TRUE,,,,
,A0. Conscrit,not found,Trial Ranker,Supwasaa,<@1171568040039698523>,https://www.roblox.com/users/4149842860/profile,0,TRUE,,,,
,Missing,not found,Missing,marcabella,<@900549055673933824>,https://www.roblox.com/users/47363339/profile,0,TRUE,,,,
,Missing,not found,Missing,alwerpowerpro,<@316662071888707585>,https://www.roblox.com/users/218541222/profile,17,TRUE,,,,
,Missing,not found,Missing,me11_404,<@1514192530030198947>,https://www.roblox.com/users/7889461512/profile,0,TRUE,,,,
,Missing,not found,Missing,MASTERFLAGSELLER,<@1514248989552148601>,https://www.roblox.com/users/11084497994/profile,0,TRUE,,,,
,Missing,not found,Missing,ZadiacYTgg,<@1236916509276635137>,https://www.roblox.com/users/4523286189/profile,0,TRUE,,,,
,Missing,not found,Missing,Dacian_sas2,<@1206276585020457071>,https://www.roblox.com/users/1394757386/profile,0,TRUE,,,,
,Missing,not found,Missing,davigenial9898,<@778407717966315570>,https://www.roblox.com/users/1294608909/profile,0,TRUE,,,,
,Missing,not found,Missing,wojciech94,<@1057351507600752790>,https://www.roblox.com/users/544091771/profile,0,TRUE,,,,
,Missing,not found,Missing,97120730,<@1516098439329616143>,https://www.roblox.com/users/8915609292/profile,0,TRUE,,,,
,Missing,not found,Missing,deadsilenceisraiding,<@1434634676961677443>,https://www.roblox.com/users/8006299326/profile,0,TRUE,,,,
,Missing,not found,Missing,11helena0_0,<@654324935992279070>,https://www.roblox.com/users/1044926541/profile,0,TRUE,,,,
,Missing,not found,Missing,VC_XBEN0,<@1495384794803208351>,https://www.roblox.com/users/4930135022/profile,0,TRUE,,,,
,Missing,not found,Missing,brodieman02,<@306532069784420363>,https://www.roblox.com/users/322912809/profile,0,TRUE,,,,
,Missing,not found,Missing,primedragon5577,<@1515318407917080676>,https://www.roblox.com/users/8188120358/profile,0,TRUE,,,,
,Missing,not found,Missing,Tralaleloausb,<@1368069493544321035>,https://www.roblox.com/users/8462903710/profile,23,TRUE,,,,
,Missing,not found,Missing,Colin_Halktt,<@1439975751456915528>,https://www.roblox.com/users/7582270494/profile,0,TRUE,,,,
,Missing,not found,Missing,djtomia,,https://www.roblox.com/users/2386444362/profile,0,TRUE,,,,
,Missing,not found,Missing,shein_bannata,<@1455151127862575150>,https://www.roblox.com/users/5190853095/profile,0,TRUE,,,,
,Missing,not found,Missing,Aquilican,<@924218128655855667>,https://www.roblox.com/users/1969073334/profile,0,TRUE,,,,
,Missing,not found,Missing,J12ustin_9,<@1511201739972411392>,https://www.roblox.com/users/11043465441/profile,0,TRUE,,,,
,Missing,not found,Missing,roblox_user_5284578184,<@1433438599281377356>,https://www.roblox.com/users/5284578184/profile,0,TRUE,,,,
,Missing,not found,Missing,nikitocka1v,<@593659013372313600>,https://www.roblox.com/users/1992324953/profile,0,TRUE,,,,
,Missing,not found,Missing,RE4Lsteel,<@487956092467281932>,https://www.roblox.com/users/147517513/profile,0,TRUE,,,,
,Missing,not found,Missing,kiara_noir,<@1358455079182667998>,https://www.roblox.com/users/8717058560/profile,0,TRUE,,,,
,Missing,not found,Missing,vanchamarch07,<@1457928828423897214>,https://www.roblox.com/users/10282153358/profile,0,TRUE,,,,
,Missing,not found,Missing,Pdan_animations,<@1212243362133053441>,https://www.roblox.com/users/363322958/profile,0,TRUE,,,,
,Missing,not found,Missing,Bobix1945,<@1504087025442226276>,https://www.roblox.com/users/1581005251/profile,0,TRUE,,,,
,Missing,not found,Missing,saskue5776,<@1460143568319549603>,https://www.roblox.com/users/1046671204/profile,0,TRUE,,,,
,Missing,not found,Missing,PURRRRF3CT,<@1129743857832185856>,https://www.roblox.com/users/3556549376/profile,8,TRUE,,,,
,Missing,not found,Missing,cj662865,<@1514231609555943486>,https://www.roblox.com/users/7591163247/profile,0,TRUE,,,,
,Missing,not found,Missing,Peanut_butter3219,<@1311663136805486623>,https://www.roblox.com/users/3713314731/profile,0,TRUE,,,,
,Missing,not found,Missing,Swayle_812,<@1508098557557608479>,https://www.roblox.com/users/5756390387/profile,0,TRUE,,,,
,Missing,not found,Missing,Luka_fruit,<@1514653773719539892>,https://www.roblox.com/users/1183254012/profile,0,TRUE,,,,
,Missing,not found,Missing,munkhazaya29,<@1070247044414967829>,https://www.roblox.com/users/153802778/profile,110,TRUE,,,,
,Missing,not found,Missing,wrl2d,<@1227299632581972053>,https://www.roblox.com/users/4045527220/profile,17,TRUE,,,,
,Missing,not found,Missing,NIKKEMAN1940,<@397572553088040982>,https://www.roblox.com/users/4063798426/profile,17,TRUE,,,,
,Missing,not found,Missing,Mallet_man20, <@1297037844014956556>,https://www.roblox.com/users/4561385392/profile,24,TRUE,,,,
,Missing,not found,Missing,enemiekiller23,<@759470809252757527>,https://www.roblox.com/users/647402512/profile,8,TRUE,,,,
,Missing,not found,Missing,Fireman50134,<@746661208727355422>,https://www.roblox.com/users/188963758/profile,5,TRUE,,,,
,Missing,not found,Missing,Kim_Teddy12,<@1216638981349965945>,https://www.roblox.com/users/2600801518/profile,10,TRUE,,,,
,Missing,not found,Missing,Nevin427poo,<@1327757172670595225>,https://www.roblox.com/users/3841524221/profile,4,TRUE,,,,
,Missing,not found,Missing,liamdaily9961,<@1015202225343184928>,https://www.roblox.com/users/1172574935/profile,5,TRUE,,,,
,Missing,not found,Missing,girafeh_hi,<@1080849933311152159>,https://www.roblox.com/users/4726419506/profile,13,TRUE,,,,
,Missing,not found,Missing,AHANPRO67,<@1294910456980570113>,https://www.roblox.com/users/5022757160/profile,0,TRUE,,,,
,Missing,not found,Missing,siajskdjen,<@1388543438118719619>,https://www.roblox.com/users/7873397981/profile,2,TRUE,,,,
,Missing,not found,Missing,hhps114,<@1441443751875838046>,https://www.roblox.com/users/10077326865/profile,4,TRUE,,,,
,Missing,not found,Missing,osasmuraplu,<@760904422816481340>,https://www.roblox.com/users/1999254600/profile,3,TRUE,,,,
,Missing,not found,Missing,Reinhecht,<@1388122324368097280>,https://www.roblox.com/users/2812998125/profile,0,TRUE,,,,
,Missing,not found,Missing,yuoe128,<@1427282837123498134>,https://www.roblox.com/users/7138215832/profile,3,TRUE,,,,
,Missing,not found,Missing,imphenzia,<@496161060664115210>,https://www.roblox.com/users/2200944924/profile,1,TRUE,,,,
,Missing,not found,Missing,JNGWP300,<@882886772470718464>,https://www.roblox.com/users/2315359313/profile,0,TRUE,,,,
,Missing,not found,Missing,N00f38,<@1476168982154444861>,https://www.roblox.com/users/8744082206/profile,0,TRUE,,,,
,Missing,not found,,ArtinRazavi,y,https://www.roblox.com/users/155985850/profile,0,TRUE,,,,
,Missing,not found,,dampug,x,https://www.roblox.com/users/115684360/profile,0,TRUE,,,,
,Missing,not found,,SpiderHk6045,<@965022537354469458>,https://www.roblox.com/users/408875637/profile,0,TRUE,,,,
,Missing,not found,,phoenixsoftindo,<@1189958575259398235>,https://www.roblox.com/users/1815318425/profile,2,TRUE,,,,
,Missing,not found,,AshtonJD3D,<@1301471347976966195>,https://www.roblox.com/users/3697533778/profile,5,TRUE,,,,
,Missing,not found,,EX_fxynoob,<@1268043204343627797>,https://www.roblox.com/users/2753792604/profile,2,TRUE,,,,
,Missing,not found,,mjlovesmilk24,<@1289318743650074689>,https://www.roblox.com/users/3775505367/profile,0,TRUE,,,,
,Missing,not found,,notamdl,<@1263015438309392429>,https://www.roblox.com/users/2953656417/profile,0,TRUE,,,,
,Missing,not found,,danialkrieg,<@278766374388760576>,https://www.roblox.com/users/358900939/profile,8,TRUE,,,,
,Missing,not found,,Shiotsu_Tokko,<@1242403227090026518>,https://www.roblox.com/users/3020941590/profile,0,TRUE,,,,
,Missing,not found,,callmemy150,<@1416498719909478410>,https://www.roblox.com/users/8803309927/profile,0,TRUE,,,,
,Missing,not found,,dave2314_pro,<@1352678696502300763>,https://www.roblox.com/users/3080893769/profile,0,TRUE,,,,
,Missing,not found,,hhifr3,<@1406043103982260407>,https://www.roblox.com/users/8421912237/profile,0,TRUE,,,,
,Missing,not found,,Ahlmsu,<@1129652575587815444>,https://www.roblox.com/users/4653942008/profile,0,TRUE,,,,
,Missing,not found,,advreinhard7,<@1341978111855693876>,https://www.roblox.com/users/2830334902/profile,0,TRUE,,,,
,Missing,not found,,maderredam101,<@968730168325705728>,https://www.roblox.com/users/2960619603/profile,0,TRUE,,,,
,Missing,not found,,qqqqjlp,<@1127094252502012045>,https://www.roblox.com/users/2381470866/profile,0,TRUE,,,,
,Missing,not found,,Tungpahm3105,<@1076155646442999888>,https://www.roblox.com/users/5035621411/profile,0,TRUE,,,,
,Missing,not found,,shadow_legend1654,<@924575020389380107>,https://www.roblox.com/users/2355801170/profile,0,TRUE,,,,
,Missing,not found,,Henodel,<@911581365814829076>,https://www.roblox.com/users/2369085665/profile,0,TRUE,,,,
,Missing,not found,,porky_doky,<@1364554744093343797>,https://www.roblox.com/users/5462862454/profile,0,TRUE,,,,
,Missing,not found,,Coolfan363,<@1363207839149068358>,https://www.roblox.com/users/2618614035/profile,0,TRUE,,,,
,Missing,not found,,lll11192848,<@1308913536763691050>,https://www.roblox.com/users/5244492753/profile,0,TRUE,,,,
,Missing,not found,,alanek143,<@599911304068726784>,https://www.roblox.com/users/591373047/profile,0,TRUE,,,,
,Missing,not found,,Planetrain24,<@1123298605072138341>,https://www.roblox.com/users/3248937299/profile,0,TRUE,,,,
,Missing,not found,,naividi,<@1387150969950703729>,https://www.roblox.com/users/1202822818/profile,0,TRUE,,,,
,Missing,not found,,tonyandtom234,<@876811711905161246>,https://www.roblox.com/users/3239994758/profile,0,TRUE,,,,
,Missing,not found,,cosmiccvelvet,<@1369990000728342618>,https://www.roblox.com/users/1120362045/profile,2,TRUE,,,,
,Missing,not found,,ramon_ramon4,<@1410542407895875666>,https://www.roblox.com/users/1826978144/profile,0,TRUE,,,,
,Missing,not found,,bacon09o84,<@1090984911491571713>,https://www.roblox.com/users/2582335190/profile,0,TRUE,,,,
,Missing,not found,,dennis_xmen,<@844705164706840577>,https://www.roblox.com/users/454133390/profile,0,TRUE,,,,
,Missing,not found,,Regan5485,<@822310609097195571>,https://www.roblox.com/users/1053311079/profile,3,TRUE,,,,
,Missing,not found,,kien8007,<@878539323534884864>,https://www.roblox.com/users/303351176/profile,2,TRUE,,,,
,Missing,not found,,Quiran699,<@1362075856763097228>,https://www.roblox.com/users/8218376105/profile,6,TRUE,,,,
,Missing,not found,,LandInvictus,<@562795135797297154>,https://www.roblox.com/users/683130686/profile,9,TRUE,,,,
,Missing,not found,,cookietovatron,<@1385541648796221541>,https://www.roblox.com/users/4457069379/profile,27,TRUE,,,,
,Missing,not found,,soshimasohshi,<@980173308714704957>,,24,TRUE,,,,
,Missing,not found,,givemeurballyum_222,<@1370880435747557447>,https://www.roblox.com/users/4375568800/profile,14,TRUE,,,,
,Missing,not found,,therealpizzalover6,<@1310304328183054479>,https://www.roblox.com/users/7529515188/profile,6,TRUE,,,,
,Missing,not found,,Liamplayz46,<@830301941842051073>,https://www.roblox.com/users/1314255347/profile,2,TRUE,,,,
,Missing,not found,,gojp130,<@1360135257793233042>,https://www.roblox.com/users/7572568834/profile,15,TRUE,,,,
,Missing,not found,,YONGYI20070315,<@1353217292628004934>,https://www.roblox.com/users/3575345385/profile,1,TRUE,,,,
,Missing,not found,,Kebelvaskr,<@700322262825435237>,https://www.roblox.com/users/7390941172/profile,0,TRUE,,,,
,Missing,not found,,qazplmnkowsxcdenj,<@1233639785776681004>,https://www.roblox.com/users/3917045208/profile,0,TRUE,,,,
,Missing,not found,,Farshad706,<@916378807475241070>,https://www.roblox.com/users/3493699643/profile,0,TRUE,,,,
,Missing,not found,,megaman201XX,<@869907177119305748>,https://www.roblox.com/users/2526971628/profile,0,TRUE,,,,
,Missing,not found,,PPAP9472,<@883297820440932352>,https://www.roblox.com/users/1262068675/profile,0,TRUE,,,,
,Missing,not found,,Frenchie_Oioioi,<@1436436322888847543>,https://www.roblox.com/users/5416216755/profile,0,TRUE,,,,
,Missing,not found,,Sir_Ned,<@1017322330403389451>,https://www.roblox.com/users/37030978/profile,797,TRUE,,,,
,Missing,not found,,64xto,<@237286438922616842>,https://www.roblox.com/users/15980431/profile,0,TRUE,,,,
,Missing,not found,,LostKoneko,<@493033564498034691>,https://www.roblox.com/users/350717272/profile,1,TRUE,,,,
,Missing,not found,,bennettthewallabie,<@285527452443475980>,https://www.roblox.com/users/83066514/profile,0,TRUE,,,,
,Missing,not found,,bessbessbessbessssss,<@545602631540670474>,https://www.roblox.com/users/2871983893/profile,0,TRUE,,,,
,Missing,not found,,Sossola29,<@976343152887754822>,https://www.roblox.com/users/3138439407/profile,16,TRUE,,,,
,Missing,not found,,1The_Businessman,<@993157565909315614>,https://www.roblox.com/users/4221105297/profile,0,TRUE,,,,
,Missing,not found,,Portable_D,<@992332055612493924>,https://www.roblox.com/users/369198655/profile,3,TRUE,,,,
,Missing,not found,,scavengerxyz,<@948126098540073001>,https://www.roblox.com/users/893101790/profile,62,TRUE,,,,
,Missing,not found,,tylerblx0105,<@1174286372530561054>,https://www.roblox.com/users/3240284048/profile,0,TRUE,,,,
,Missing,not found,,sjdjsj676446,<@1350293631348768852>,https://www.roblox.com/users/3880232122/profile,0,TRUE,,,,
,Missing,not found,,baconelitedumm,<@946754774743781486>,https://www.roblox.com/users/2048384205/profile,15,TRUE,,,,
,Missing,not found,,Str0ngMeowThe2nd,<@821250891062706216>,https://www.roblox.com/users/2575126299/profile,0,TRUE,,,,
,Missing,not found,,TheRadGamerIII,<@836889614491975690>,https://www.roblox.com/users/1742959866/profile,62,TRUE,,,,
,Missing,not found,,OFsniper,<@1126519055050875001>,https://www.roblox.com/users/1635573749/profile,174,TRUE,,,,
,Missing,not found,,KITHARDZ,<@933371612231778324>,https://www.roblox.com/users/3441051023/profile,172,TRUE,,,,
,Missing,not found,,Error_Alt67,<@1353933268734447706>,https://www.roblox.com/users/2918789746/profile,57,TRUE,,,,
,Missing,not found,,PoweringFamas,<@492615272662958080>,https://www.roblox.com/users/2497665413/profile,197,TRUE,,,,
,Missing,not found,,nabhstupid,<@845034855187349535>,https://www.roblox.com/users/2687382814/profile,8,TRUE,,,,
,Missing,not found,,pokemonmaster357981,<@622926864725442581>,https://www.roblox.com/users/469549554/profile,173,TRUE,,,,
,Missing,not found,,Yt728Xarnor,<@908953700331036692>,https://www.roblox.com/users/3756341784/profile,6,TRUE,,,,
,Missing,not found,,steyet98,<@636535313853841408>,https://www.roblox.com/users/1110896348/profile,58,TRUE,,,,
,Missing,not found,,stipitwins,<@724961157361696818>,https://www.roblox.com/users/1430278520/profile,15,TRUE,,,,
,Missing,not found,,pzc456456,<@1026433957690085376>,https://www.roblox.com/users/1492774871/profile,6,TRUE,,,,
,Missing,not found,,csmsic,<@936329916557955072>,https://www.roblox.com/users/2011817321/profile,2,TRUE,,,,
,Missing,not found,,IWokeUpInANewBugarti,<@1235957926141890602>,https://www.roblox.com/users/4581535878/profile,54,TRUE,,,,
,Missing,not found,,lbrwycel,<@1368131057098031215>,https://www.roblox.com/users/2951299689/profile,2,TRUE,,,,
,Missing,not found,,yenoyeah,<@645824776056864770>,https://www.roblox.com/users/918242835/profile,69,TRUE,,,,
,Missing,not found,,LazarusOmega,<@763445646198833203>,https://www.roblox.com/users/74253196/profile,116,TRUE,,,,
,Missing,not found,,Quantavi0usBingl3t0n,<@1067839438392143922>,https://www.roblox.com/users/4393188614/profile,50,TRUE,,,,
,Missing,not found,,NullArc234,<@816986406789971968>,https://www.roblox.com/users/2025891301/profile,60,TRUE,,,,
,Missing,not found,,gtloe5gh,<@1192546233374478477>,https://www.roblox.com/users/3880068443/profile,154,TRUE,,,,
,Missing,not found,,Kclonext,<@726403320733761568>,https://www.roblox.com/users/3079492465/profile,53,TRUE,,,,
,Missing,not found,,aidan_kuh,<@805631317177663538>,https://www.roblox.com/users/1673327829/profile,56,TRUE,,,,
,Missing,not found,,scwudy,<@756531502069579877>,https://www.roblox.com/users/171022779/profile,5,TRUE,,,,
,Missing,not found,,burikito20,<@532065631512559647>,https://www.roblox.com/users/42257544/profile,66,TRUE,,,,
,Missing,not found,,christmasguyll,<@906539888957095947>,https://www.roblox.com/users/449738216/profile,39,TRUE,,,,
,Missing,not found,,amsorichs,<@1077900830386176060>,https://www.roblox.com/users/1494570558/profile,69,TRUE,,,,
,Missing,not found,,craftypro24,<@545189925578997790>,https://www.roblox.com/users/711008882/profile,62,TRUE,,,,
,Missing,not found,,Red_Draco1234,<@993065275241005096>,https://www.roblox.com/users/475056646/profile,60,TRUE,,,,
,Missing,not found,,mikhahutapea1,<@610844481821999105>,https://www.roblox.com/users/1517114313/profile,60,TRUE,,,,
,Missing,not found,,SiegsiuL2,<@1004317939538866297>,https://www.roblox.com/users/4065887579/profile,65,TRUE,,,,
,Missing,not found,,heng12345678910loy,<@786764669074669629>,https://www.roblox.com/users/2429849959/profile,15,TRUE,,,,
,Missing,not found,,MysterBoxer242,<@565528166119243787>,,0,TRUE,,,,
,Missing,not found,,mrdiehardohyeah,<@323391033020907520>,https://www.roblox.com/users/302015015/profile,14,TRUE,,,,
,Missing,not found,,franticmaindied,<@779867516780281876>,https://www.roblox.com/users/1799579332/profile,45,TRUE,,,,
,Missing,not found,,CaptainOfTheSeas,<@672759188916535296>,https://www.roblox.com/users/301352787/profile,0,TRUE,,,,
,Missing,not found,,chips_032009,<@829355106322612334>,https://www.roblox.com/users/2435383488/profile,0,TRUE,,,,
,Missing,not found,,LordOfThunder08,<@526659728475160577>,https://www.roblox.com/users/647198317/profile,80,TRUE,,,,
,Missing,not found,,PanzerIVModelH,<@404173637260935168>,https://www.roblox.com/users/120279474/profile,47,TRUE,,,,
,Missing,not found,,KERDIT9,<@1188498789179326464>,https://www.roblox.com/users/1666851830/profile,1,TRUE,,,,
,Missing,not found,,seeallsea345,<@890073931288031242>,https://www.roblox.com/users/2253964637/profile,65,TRUE,,,,
,Missing,not found,,hrlyq2,<@641737516386484229>,https://www.roblox.com/users/1113805274/profile,0,TRUE,,,,
,Missing,not found,,denis_fan1099,<@841519341606404097>,https://www.roblox.com/users/1251617841/profile,12,TRUE,,,,
,Missing,not found,,Rxlium,<@814112464332783646>,https://www.roblox.com/users/5735715220/profile,52,TRUE,,,,
,Missing,not found,,Ziggy8521,<@698866022371033099>,https://www.roblox.com/users/2527620670/profile,0,TRUE,,,,
,Missing,not found,,ciM114514,<@1235104527594684428>,https://www.roblox.com/users/4722868062/profile,42,TRUE,,,,
,Missing,not found,,KolbenWellesley,<@914663419578306630>,https://www.roblox.com/users/1116599244/profile,0,TRUE,,,,
,Missing,not found,,fishyrrius,<@713606681954615349>,,26,TRUE,,,,
,Missing,not found,,realdarkrai123,<@762652863876169768>,https://www.roblox.com/users/1983621594/profile,6,TRUE,,,,
,Missing,not found,,L0st_Vento,<@597455889875599382>,https://www.roblox.com/users/163776221/profile,0,TRUE,,,,
,Missing,not found,,Vachi132,<@1005147955629670401>,https://www.roblox.com/users/3098603120/profile,27,TRUE,,,,
,Missing,not found,,chocomilk9091,<@1198180339441471608>,https://www.roblox.com/users/5473300871/profile,8,TRUE,,,,
,Missing,not found,,elementhknight123,<@931751127760928828>,https://www.roblox.com/users/441230096/profile,20,TRUE,,,,
,Missing,not found,,Defiance1234567,<@700231526884835369>,https://www.roblox.com/users/1859713111/profile,21,TRUE,,,,
,Missing,not found,,CircuitBeHoppin,<@334966722702606356>,https://www.roblox.com/users/83863313/profile,0,TRUE,,,,
,Missing,not found,,Kyroskaine,<@839474449455775756>,https://www.roblox.com/users/1641534924/profile,62,TRUE,,,,
,Missing,not found,,ccejh,<@935317724475850752>,https://www.roblox.com/users/458192980/profile,15,TRUE,,,,
,Missing,not found,,Parfait30,<@1288069338217054281>,https://www.roblox.com/users/1148730574/profile,51,TRUE,,,,
,Missing,not found,,Howa0804,<@328067374236303361>,https://www.roblox.com/users/2246369977/profile,0,TRUE,,,,
,Missing,not found,,Earth_Jirayu,<@1385917604358656071>,https://www.roblox.com/users/585493263/profile,0,TRUE,,,,
,Missing,not found,,DutertePIays,<@1368131057098031215>,https://www.roblox.com/users/8436146800/profile,11,TRUE,,,,
,Missing,not found,,saiy_k,<@612270568972222474>,https://www.roblox.com/users/1073847770/profile,20,TRUE,,,,
,Missing,not found,,Mr_duckins211,<@816500820404731925>,https://www.roblox.com/users/2007466957/profile,18,TRUE,,,,
,Missing,not found,,Nexito12345,<@876682183975256195>,https://www.roblox.com/users/1740187363/profile,19,TRUE,,,,
,Missing,not found,,ArturKa0912,<@902600400308412436>,https://www.roblox.com/users/4404395418/profile,6,TRUE,,,,
,Missing,not found,,stormcuber,<@435482146489106432>,https://www.roblox.com/users/103786683/profile,1,TRUE,,,,
,Missing,not found,,DariussCriss_1,<@741186651581186069>,https://www.roblox.com/users/2056751379/profile,0,TRUE,,,,
,Missing,not found,,Criminalilis,<@801247859956908032>,https://www.roblox.com/users/5465926111/profile,20,TRUE,,,,
,Missing,not found,,hero2017krit,<@1421828545218482276>,https://www.roblox.com/users/4832705150/profile,3,TRUE,,,,
,Missing,not found,,b4bysao,<@884260346733428816>,https://www.roblox.com/users/3428121981/profile,15,TRUE,,,,
,Missing,not found,,thiquec,<@1359071863845687430>,https://www.roblox.com/users/1168376609/profile,42,TRUE,,,,
,Missing,not found,,EvaTheEpihipparch,<@748812101216370688>,https://www.roblox.com/users/139725841/profile,48,TRUE,,,,
,Missing,not found,,anson2912,<@1194855355432312863>,https://www.roblox.com/users/3706588510/profile,30,TRUE,,,,
,Missing,not found,,Dead_Heroes,<@582433305216155649>,https://www.roblox.com/users/848411183/profile,32,TRUE,,,,
,Missing,not found,,Indonesia_ofMalaysia,<@846227825317249041>,https://www.roblox.com/users/1963117046/profile,30,TRUE,,,,
,Missing,not found,,bububu734,<@1211304452926210131>,https://www.roblox.com/users/5284311011/profile,33,TRUE,,,,
,Missing,not found,,Yeeterrss,<@929624242226606081>,https://www.roblox.com/users/1271089286/profile,32,TRUE,,,,
,Missing,not found,,poom_ch980,<@447575449082527744>,https://www.roblox.com/users/456713484/profile,30,TRUE,,,,
,Missing,not found,,WolfmanCLOWN,<@623173392413097995>,https://www.roblox.com/users/1533587343/profile,30,TRUE,,,,
,Missing,not found,,UNTHaHa,<@908314268259217458>,https://www.roblox.com/users/1792276734/profile,30,TRUE,,,,
,Missing,not found,,goodmaster6521,<@540472616322990090>,https://www.roblox.com/users/1265654399/profile,35,TRUE,,,,
,Missing,not found,,AvicenaX,<@814389768611823637>,https://www.roblox.com/users/1605965903/profile,33,TRUE,,,,
,Missing,not found,,Turtlemansniper2,<@956914288591765504>,https://www.roblox.com/users/2748326684/profile,30,TRUE,,,,
,Missing,not found,,play_me00,<@724603574243557428>,https://www.roblox.com/users/1158691986/profile,30,TRUE,,,,
,Missing,not found,,engineergamingv2,<@719452947523698809>,https://www.roblox.com/users/3244570544/profile,30,TRUE,,,,
,Missing,not found,,B1gGauy,<@500581171873316876>,https://www.roblox.com/users/2995568095/profile,30,TRUE,,,,
,Missing,not found,,Jane08387,<@963419609267073104>,https://www.roblox.com/users/3327860013/profile,38,TRUE,,,,
,Missing,not found,,BaconOfAbyss,<@744140132147265557>,https://www.roblox.com/users/1490795424/profile,37,TRUE,,,,
,Missing,not found,,KaizoKunnnn,<@891564468671225856>,https://www.roblox.com/users/4237225310/profile,33,TRUE,,,,
,Missing,not found,,ozo_p,<@847362311608860692>,https://www.roblox.com/users/1431714084/profile,45,TRUE,,,,
,Missing,not found,,ReallyFishHook,<@829151811691741184>,https://www.roblox.com/users/3972108275/profile,2,TRUE,,,,
,Missing,not found,,skyegiuseppe2014,<@885540814867034162>,https://www.roblox.com/users/2724400323/profile,38,TRUE,,,,
,Missing,not found,,Varastdad4124,<@1243131900177027093>,https://www.roblox.com/users/6057506297/profile,6,TRUE,,,,
,Missing,not found,,SavageRobloxPlayer66,<@721997649674371157>,https://www.roblox.com/users/1886041558/profile,27,TRUE,,,,
,Missing,not found,,freddierew,<@1099291199585660999>,https://www.roblox.com/users/1241310861/profile,0,TRUE,,,,
,Missing,not found,,ZoreoBoy,<@733629562684047443>,https://www.roblox.com/users/1895285915/profile,39,TRUE,,,,
,Missing,not found,,OGUSSR_YT,<@978535894380339241>,https://www.roblox.com/users/4569530968/profile,0,TRUE,,,,
,Missing,not found,,Adisssgaming,<@667774421628354574>,https://www.roblox.com/users/927137851/profile,28,TRUE,,,,
,Missing,not found,,RangoFallover3345,<@777148476433235968>,https://www.roblox.com/users/1590222770/profile,12,TRUE,,,,
,Missing,not found,,PrxDeleo,<@1376461636205809806>,https://www.roblox.com/users/2976113065/profile,8,TRUE,,,,
,Missing,not found,,astrowxlf,<@737785626241531958>,https://www.roblox.com/users/310819821/profile,6,TRUE,,,,
,Missing,not found,,hueecutevaii,<@838286531184558090>,https://www.roblox.com/users/3601004548/profile,17,TRUE,,,,
,Missing,not found,,PastaRolll,<@1300384686882951171>,https://www.roblox.com/users/6142994577/profile,6,TRUE,,,,
,Missing,not found,,popethan,<@1390561513600848025>,https://www.roblox.com/users/3602372/profile,6,TRUE,,,,
,Missing,not found,,Xant61a,<@1046370784429494382>,https://www.roblox.com/users/2521060296/profile,20,TRUE,,,,
,Missing,not found,,rayventolin,<@1324387767311925281>,https://www.roblox.com/users/858725282/profile,3,TRUE,,,,
,Missing,not found,,TrecularDuck,<@356920303659515914>,https://www.roblox.com/users/107078161/profile,2,TRUE,,,,
,Missing,not found,,Xxyurithepro123,<@780726001080598589>,https://www.roblox.com/users/1555955871/profile,28,TRUE,,,,
,Missing,not found,,RaderZ68912,<@890109729576189992>,https://www.roblox.com/users/1194416475/profile,17,TRUE,,,,
,Missing,not found,,TessTommy_16,<@1231862796233343039>,https://www.roblox.com/users/5654282808/profile,45,TRUE,,,,
,Missing,not found,,itz_miakys,<@799631227886764033>,https://www.roblox.com/users/3811949460/profile,9,TRUE,,,,
,Missing,not found,,redtails3424r,<@712255469334298686>,https://www.roblox.com/users/105639909/profile,22,TRUE,,,,
,Missing,not found,,ehemee,<@916389115983970334>,https://www.roblox.com/users/1697125474/profile,20,TRUE,,,,
,Missing,not found,,LIABRITSGE,<@713021788342321252>,https://www.roblox.com/users/2026496196/profile,5,TRUE,,,,
,Missing,not found,,merlin_place0,<@988824405683605554>,https://www.roblox.com/users/2011691037/profile,9,TRUE,,,,
,Missing,not found,,12shadow010,<@1115537442603274273>,https://www.roblox.com/users/2994181961/profile,17,TRUE,,,,
,Missing,not found,,JenniferGaming028,<@871729192679661589>,https://www.roblox.com/users/130155342/profile,12,TRUE,,,,
,Missing,not found,,DarkRegrind,<@1431961915382300774>,https://www.roblox.com/users/9802568556/profile,23,TRUE,,,,
,Missing,not found,,nepoleon123a,<@1148571452312928376>,https://www.roblox.com/users/3593139762/profile,14,TRUE,,,,
,Missing,not found,,THTDragon431,<@1074194009041412127>,https://www.roblox.com/users/5121244755/profile,23,TRUE,,,,
,Missing,not found,,deadbodynoobq,<@1174254817355518025>,https://www.roblox.com/users/1972120219/profile,21,TRUE,,,,
,Missing,not found,,h3g0s2,<@1299895666688131193>,https://www.roblox.com/users/6070912148/profile,8,TRUE,,,,
,Missing,not found,,kalebamor08,<@797286136414339082>,https://www.roblox.com/users/114616382/profile,0,TRUE,,,,
,Missing,not found,,DynamicTed,<@473109162016899072>,https://www.roblox.com/users/118606378/profile,3,TRUE,,,,
,Missing,not found,,DecafOdebrecht,<@942890322713780356>,https://www.roblox.com/users/2565915468/profile,22,TRUE,,,,
,Missing,not found,,xianda478,<@1325012777525317745>,https://www.roblox.com/users/7084218831/profile,0,TRUE,,,,
,Missing,not found,,HarithBruv,<@743707143667974184>,https://www.roblox.com/users/1333642646/profile,0,TRUE,,,,
,Missing,not found,,ScripterHellicheur,<@642299354748813322>,https://www.roblox.com/users/7806510828/profile,6,TRUE,,,,
,Missing,not found,,Carlson0566,<@1091980712841859126>,https://www.roblox.com/users/3984426748/profile,13,TRUE,,,,
,Missing,not found,,Get_Bett3rK1d5,<@1331727757364826195>,https://www.roblox.com/users/5368511040/profile,0,TRUE,,,,
,Missing,not found,,PiggyBoy_125theIII,<@1114785935779962880>,https://www.roblox.com/users/3539080820/profile,0,TRUE,,,,
,Missing,not found,,amazingguess06,<@1125024346855981067>,https://www.roblox.com/users/1123570948/profile,2,TRUE,,,,
,Missing,not found,,boltactionfromisle,<@1358281162522628208>,https://www.roblox.com/users/4063997735/profile,0,TRUE,,,,
,Missing,not found,,Jupinout,<@1383647176621555783>,https://www.roblox.com/users/2862911632/profile,6,TRUE,,,,
,Missing,not found,,chenchenlol13214529,<@1235913039233024000>,https://www.roblox.com/users/1367562637/profile,9,TRUE,,,,
,Missing,not found,,Kimhochang,<@1188869645416013928>,https://www.roblox.com/users/2823933024/profile,2,TRUE,,,,
,Missing,not found,,ilovecow30,<@735776720811982868>,https://www.roblox.com/users/1419024732/profile,0,TRUE,,,,
,Missing,not found,,Cryo00,<@505949228498026507>,https://www.roblox.com/users/85476015/profile,0,TRUE,,,,
,Missing,not found,,pig117999,<@1373267799610228887>,https://www.roblox.com/users/3586362799/profile,0,TRUE,,,,
,Missing,not found,,scar_74m,<@1284867692012245087>,https://www.roblox.com/users/5803002458/profile,0,TRUE,,,,
,Missing,not found,,MichTLincoln,<@763326053044846632>,https://www.roblox.com/users/79980677/profile,65,TRUE,,,,
,Missing,not found,,mcdull20,<@839023108882956290>,https://www.roblox.com/users/1472746346/profile,5,TRUE,,,,
,Missing,not found,,DAVE85667,<@745209540336943144>,https://www.roblox.com/users/1705356866/profile,5,TRUE,,,,
,Missing,not found,,SolidSnake734,<@1190983112218378331>,https://www.roblox.com/users/4287166572/profile,24,TRUE,,,,
,Missing,not found,,BaconHair_32213,<@1131894060991389818>,https://www.roblox.com/users/3467720060/profile,15,TRUE,,,,
,Missing,not found,,legendinallgame115,<@1120200852192383078>,https://www.roblox.com/users/3359614322/profile,15,TRUE,,,,
,Missing,not found,,Toppings_Ebert2,<@1173209894787227672>,https://www.roblox.com/users/3655293042/profile,15,TRUE,,,,
,Missing,not found,,fitosline,<@869150402178842634>,https://www.roblox.com/users/2566555410/profile,15,TRUE,,,,
,Missing,not found,,arjosunnn,<@1170248484482449471>,https://www.roblox.com/users/4474833771/profile,20,TRUE,,,,
,Missing,not found,,Amir123465i,<@1067145233093115914>,https://www.roblox.com/users/2688804714/profile,16,TRUE,,,,
,Missing,not found,,Rimukota,<@702533073149100212>,https://www.roblox.com/users/2859884522/profile,15,TRUE,,,,
,Missing,not found,,Test_Bot140,<@1071642763935891546>,https://www.roblox.com/users/2708757589/profile,15,TRUE,,,,
,Missing,not found,,FANG76107,<@814752038289670146>,https://www.roblox.com/users/1495391894/profile,15,TRUE,,,,
,Missing,not found,,XxrobloxrenzocoolxX,<@471995980120588299>,https://www.roblox.com/users/1159989743/profile,16,TRUE,,,,
,Missing,not found,,Bluestoin,<@745779781206802849>,https://www.roblox.com/users/1257641731/profile,15,TRUE,,,,
,Missing,not found,,zardzack112233,<@192926170910556160>,https://www.roblox.com/users/1855712655/profile,15,TRUE,,,,
,Missing,not found,,mrxnoob74,<@796913449724149790>,https://www.roblox.com/users/875640538/profile,24,TRUE,,,,
,Missing,not found,,Slaughterer_Purple,<@1015869326466752583>,https://www.roblox.com/users/2967837557/profile,15,TRUE,,,,
,Missing,not found,,XshahXHEREE,<@693810174032347216>,https://www.roblox.com/users/2686476785/profile,29,TRUE,,,,
,Missing,not found,,Pocox02,<@845142016563478528>,https://www.roblox.com/users/2320568597/profile,18,TRUE,,,,
,Missing,not found,,Mrnjao608,<@806949321256992769>,https://www.roblox.com/users/5560035524/profile,15,TRUE,,,,
,Missing,not found,,justinwithchip,<@987621190963179591>,https://www.roblox.com/users/1682279035/profile,24,TRUE,,,,
,Missing,not found,,ChocoMallowHam,<@547380983268376576>,https://www.roblox.com/users/164416613/profile,16,TRUE,,,,
,Missing,not found,,Enterkey12,<@794165384029929503>,https://www.roblox.com/users/478314822/profile,15,TRUE,,,,
,Missing,not found,,lambofortkid786,<@1026019861144555520>,https://www.roblox.com/users/935275110/profile,24,TRUE,,,,
,Missing,not found,,Barterly,<@1127533162604531803>,https://www.roblox.com/users/4726128499/profile,14,TRUE,,,,
,Missing,not found,,yessir_123441,<@1116557444030681168>,https://www.roblox.com/users/3256211884/profile,12,TRUE,,,,
,Missing,not found,,Lexisaiahzeus,<@1133750252457963570>,https://www.roblox.com/users/2354337919/profile,0,TRUE,,,,
,Missing,not found,,yethlearz,<@910039926756745287>,https://www.roblox.com/users/1709096875/profile,4,TRUE,,,,
,Missing,not found,,MRBEANST1234,<@1323834383475539990>,https://www.roblox.com/users/3365906273/profile,0,TRUE,,,,
,Missing,not found,,Cess_prtty099,<@1405835465252143124>,https://www.roblox.com/users/3775052136/profile,14,TRUE,,,,
,Missing,not found,,DMurksman,<@269995520133431296>,https://www.roblox.com/users/3785122496/profile,9,TRUE,,,,
,Missing,not found,,LeafThroned,<@468072345127354378>,https://www.roblox.com/users/7680351729/profile,0,TRUE,,,,
,Missing,not found,,MyDigger1337,<@1398661746134089820>,https://www.roblox.com/users/8744783606/profile,15,TRUE,,,,
,Missing,not found,,Hibernalz,<@964699280172544052>,https://www.roblox.com/users/3476708630/profile,5,TRUE,,,,
,Missing,not found,,Return_Heart,<@1286640960851148882>,https://www.roblox.com/users/3863327653/profile,3,TRUE,,,,
,Missing,not found,,zaijerverer,<@811823402162585610>,https://www.roblox.com/users/280003822/profile,0,TRUE,,,,
,Missing,not found,,A3DVive,<@802029729271119882>,https://www.roblox.com/users/1340082616/profile,5,TRUE,,,,
,Missing,not found,,PROGOD8794,<@712146090891149372>,https://www.roblox.com/users/1381433930/profile,21,TRUE,,,,
,Missing,not found,,jarenusman,<@1388282252991008979>,,8,TRUE,,,,
,Missing,not found,,Darling_QrQ,<@872759886801432588>,https://www.roblox.com/users/4232407778/profile,0,TRUE,,,,
,Missing,not found,,dissleksiia,<@1111444192699371631>,https://www.roblox.com/users/2502240479/profile,1,TRUE,,,,
,Missing,not found,,0415jammy,<@1065927360010014750>,https://www.roblox.com/users/2932516581/profile,2,TRUE,,,,
,Missing,not found,,BangToonsigma_Faris,<@1158751239304134669>,https://www.roblox.com/users/8096798108/profile,4,TRUE,,,,
,Missing,not found,,rudransh2401,<@1412478433086410753>,https://www.roblox.com/users/2559759823/profile,6,TRUE,,,,
,Missing,not found,,ehjkpi,<@810814391850237953>,https://www.roblox.com/users/1592074746/profile,5,TRUE,,,,
,Missing,not found,,leopardot4,<@667029898178723860>,https://www.roblox.com/users/861533571/profile,0,TRUE,,,,
,Missing,not found,,emcee28,<@733000328324186252>,https://www.roblox.com/users/578559130/profile,10,TRUE,,,,
,Missing,not found,,kvswh,,https://www.roblox.com/users/257486802/profile,3,TRUE,,,,
,Missing,not found,,AussieDelta4,<@1356882612261617797>,https://www.roblox.com/users/1573697984/profile,18,TRUE,,,,
,Missing,not found,,NovaCube16,<@573919621317656576>,https://www.roblox.com/users/986802911/profile,5,TRUE,,,,
,Missing,not found,,ChrisgaVersek,<@528349589116420107>,https://www.roblox.com/users/135431155/profile,0,TRUE,,,,
,Missing,not found,,Russian_man1422,<@889105673974083585>,,6,TRUE,,,,
,Missing,not found,,Am_thebestis1,<@1035186161464909955>,https://www.roblox.com/users/3132794311/profile,4,TRUE,,,,
,Missing,not found,,William1234568588,<@1192498077790113813>,https://www.roblox.com/users/4606054639/profile,2,TRUE,,,,
,Missing,not found,,Cataps0q,<@700218384956260442>,https://www.roblox.com/users/1436771863/profile,17,TRUE,,,,
,Missing,not found,,Edward_Ashmore,<@1043385227919245323>,https://www.roblox.com/users/2818148772/profile,16,TRUE,,,,
,Missing,not found,,hahagetyoy,<@1261914440098381865>,https://www.roblox.com/users/8238609285/profile,14,TRUE,,,,
,Missing,not found,,JaCk_Mit53,  <@1339967343077494824>,https://www.roblox.com/users/8924995663/profile,7,TRUE,,,,
,Missing,not found,,iloveNoobs3330,<@1207941482791571516>,https://www.roblox.com/users/7213799029/profile,0,TRUE,,,,
,Missing,not found,,FER145275834,<@1346787392119377994>,https://www.roblox.com/users/5501823555/profile,5,TRUE,,,,
,Missing,not found,,gsgwhhhh,<@1042660956163014736>,https://www.roblox.com/users/3284335525/profile,6,TRUE,,,,
,Missing,not found,,PsiNintenN64Alt,<@1316734908399620138>,https://www.roblox.com/users/4665705469/profile,7,TRUE,,,,
,Missing,not found,,1enfs,<@800624586168860682>,https://www.roblox.com/users/848684823/profile,8,TRUE,,,,
,Missing,not found,,Bruh10950,<@1301464253982707713>,https://www.roblox.com/users/4027235098/profile,8,TRUE,,,,
,Missing,not found,,quinonsos123,<@756401419602624513>,https://www.roblox.com/users/489549052/profile,0,TRUE,,,,
,Missing,not found,,mikeshne_3,<@1337784699338362970>,https://www.roblox.com/users/5133529207/profile,5,TRUE,,,,
,Missing,not found,,mikeshne_325,<@742298975809568808>,https://www.roblox.com/users/8085576047/profile,0,TRUE,,,,
,Missing,not found,,PN_CVXX,<@1346410981575888908>,https://www.roblox.com/users/7427964360/profile,9,TRUE,,,,
,Missing,not found,,kenken123boy2,<@1346067809834111018>,https://www.roblox.com/users/2665719360/profile,9,TRUE,,,,
,Missing,not found,,RaRadithya,<@821284180331069482>,https://www.roblox.com/users/162001895/profile,9,TRUE,,,,
,Missing,not found,,AWZH000,<@1392705889982615715>,https://www.roblox.com/users/3951981963/profile,8,TRUE,,,,
,Missing,not found,,varkey744,<@1367905560573509742>,https://www.roblox.com/users/7936387337/profile,8,TRUE,,,,
,Missing,not found,,zelenikninko,<@833399702358720523>,https://www.roblox.com/users/2505112869/profile,8,TRUE,,,,
,Missing,not found,,CN_smartnoob,<@1330794343241617491>,https://www.roblox.com/users/7615921158/profile,5,TRUE,,,,
,Missing,not found,,ddfgfgghghghfg,<@1195301208190091335>,,8,TRUE,,,,
,Missing,not found,,itsdannybruh9687,<@1070213265503834162>,https://www.roblox.com/users/1499995738/profile,5,TRUE,,,,
,Missing,not found,,yunojm1000,<@943829888320815144>,https://www.roblox.com/users/1182968838/profile,6,TRUE,,,,
,Missing,not found,,NoneIQalt,<@1271286542983364681>,https://www.roblox.com/users/2893521600/profile,3,TRUE,,,,
,Missing,not found,,jamesplayztv1,<@772381955731488778>,https://www.roblox.com/users/781534752/profile,2,TRUE,,,,
,Missing,not found,,khangbede2349,<@600928032009748527>,https://www.roblox.com/users/1235347385/profile,8,TRUE,,,,
,Missing,not found,,Volksdeustche,<@854249837499646013>,https://www.roblox.com/users/4927611681/profile,5,TRUE,,,,
,Missing,not found,,dantmtristian123,<@889294512013340702>,https://www.roblox.com/users/304606326/profile,5,TRUE,,,,
,Missing,not found,,imagine_gettingscare,<@1023044321978634330>,https://www.roblox.com/users/3688415744/profile,5,TRUE,,,,
,Missing,not found,,RACHE3338,<@724227967596625981>,https://www.roblox.com/users/1484002378/profile,5,TRUE,,,,
,Missing,not found,,Iceman201016,<@833675585912963082>,https://www.roblox.com/users/561084018/profile,6,TRUE,,,,
,Missing,not found,,FIRST73838,<@480512880421109770>,https://www.roblox.com/users/1601682211/profile,5,TRUE,,,,
,Missing,not found,,monkejahamas,<@708287047311425607>,https://www.roblox.com/users/2820769956/profile,4,TRUE,,,,
,Missing,not found,,tiger_wolf053,<@898864180118028309>,https://www.roblox.com/users/961412807/profile,6,TRUE,,,,
,Missing,not found,,STOPis_lost,<@967689724733030430>,https://www.roblox.com/users/3545677776/profile,5,TRUE,,,,
,Missing,not found,,TheOofMasterinthebox,<@1018026468300836924>,https://www.roblox.com/users/2559110855/profile,6,TRUE,,,,
,Missing,not found,,Patrick032211,<@1167793449559408701>,https://www.roblox.com/users/1811204408/profile,5,TRUE,,,,
,Missing,not found,,Demcours,<@706509090930819152>,https://www.roblox.com/users/1266875377/profile,5,TRUE,,,,
,Missing,not found,,YXS4H,<@816284767125372992>,https://www.roblox.com/users/1828949336/profile,7,TRUE,,,,
,Missing,not found,,duck_withrubber,<@933643897563934731>,https://www.roblox.com/users/2550539519/profile,5,TRUE,,,,
,Missing,not found,,Monte65655433221,<@722795157518549012>,https://www.roblox.com/users/1860089674/profile,5,TRUE,,,,
,Missing,not found,,lllboisasuke,<@830802642065555478>,https://www.roblox.com/users/1334187171/profile,5,TRUE,,,,
,Missing,not found,,CloudZYX20,<@1015986318335025152>,https://www.roblox.com/users/607050496/profile,6,TRUE,,,,
,Missing,not found,,jamesdiaroy,<@1220657382430998551>,https://www.roblox.com/users/1793338652/profile,5,TRUE,,,,
,Missing,not found,,archenceev,<@1080715285562142720>,https://www.roblox.com/users/4517215058/profile,5,TRUE,,,,
,Missing,not found,,lordOFyandex,<@1213753821541572618>,https://www.roblox.com/users/3339523640/profile,4,TRUE,,,,
,Missing,not found,,xdraguner5,<@868520550769766400>,https://www.roblox.com/users/945692896/profile,8,TRUE,,,,
,Missing,not found,,Paladiniary,<@1087911228170571867>,https://www.roblox.com/users/314013918/profile,5,TRUE,,,,
,Missing,not found,,SilentYato,<@737589441513652234>,https://www.roblox.com/users/1920959348/profile,5,TRUE,,,,
,Missing,not found,,LordVanix,<@1203279090355015731>,https://www.roblox.com/users/1784083277/profile,5,TRUE,,,,
,Missing,not found,,noipansak,<@368966609672470529>,https://www.roblox.com/users/177912575/profile,5,TRUE,,,,
,Missing,not found,,KarasikLab,<@1077945034067943494>,https://www.roblox.com/users/950692425/profile,5,TRUE,,,,
,Missing,not found,,Ragin153,<@1126428036175249409>,https://www.roblox.com/users/2223563355/profile,11,TRUE,,,,
,Missing,not found,,Vizi0n_StaRz,<@926709109905055764>,https://www.roblox.com/users/2327185415/profile,5,TRUE,,,,
,Missing,not found,,adam_indonesiapro,<@930423643060715540>,https://www.roblox.com/users/1934125878/profile,5,TRUE,,,,
,Missing,not found,,romrom898,<@756428446938300479>,https://www.roblox.com/users/1738524465/profile,5,TRUE,,,,
,Missing,not found,,mateosuper03,<@883285877772677141>,https://www.roblox.com/users/1518837923/profile,5,TRUE,,,,
,Missing,not found,,champikoko1,<@1007239277257691136>,https://www.roblox.com/users/2293202046/profile,5,TRUE,,,,
,Missing,not found,,insanEpiccheese,<@1194276985204133939>,https://www.roblox.com/users/4719898948/profile,5,TRUE,,,,
,Missing,not found,,tengamin11,<@782860251891367987>,https://www.roblox.com/users/2476095867/profile,5,TRUE,,,,
,Missing,not found,,Highlander_Commisar,<@768610301045112833>,https://www.roblox.com/users/4058574293/profile,7,TRUE,,,,
,Missing,not found,,AbuAdeel1,<@1214535544235761689>,https://www.roblox.com/users/5601897109/profile,5,TRUE,,,,
,Missing,not found,,Tasksh,<@931133480107126814>,https://www.roblox.com/users/687884076/profile,5,TRUE,,,,
,Missing,not found,,Pewdi192,<@612953615707144203>,https://www.roblox.com/users/1238779573/profile,5,TRUE,,,,
,Missing,not found,,ibnusina5,<@854961710632271893>,https://www.roblox.com/users/648274190/profile,6,TRUE,,,,
,Missing,not found,,mrflipflop_12XD,<@942775950687481886>,https://www.roblox.com/users/2759334699/profile,5,TRUE,,,,
,Missing,not found,,DENNIS99923,<@915541928995594300>,https://www.roblox.com/users/2666244114/profile,5,TRUE,,,,
,Missing,not found,,Gonmek21477,<@1018374611194359899>,https://www.roblox.com/users/1656940124/profile,5,TRUE,,,,
,Missing,not found,,ilovebacons333progod,<@1207941482791571516>,https://www.roblox.com/users/4641963672/profile,5,TRUE,,,,
,Missing,not found,,harveslian44,<@1103654102560411698>,https://www.roblox.com/users/1149836328/profile,5,TRUE,,,,
,Missing,not found,,COCONUTMILKRRR,<@882542683346841650>,https://www.roblox.com/users/1559776105/profile,5,TRUE,,,,
,Missing,not found,,Lunarwonder25,<@812588378687668236>,https://www.roblox.com/users/3811515220/profile,5,TRUE,,,,
,Missing,not found,,AusgustusKristoff,<@915473036453478450>,https://www.roblox.com/users/574088088/profile,5,TRUE,,,,
,Missing,not found,,dragco_meteor,<@1004601947371884605>,https://www.roblox.com/users/494556921/profile,15,TRUE,,,,
,Missing,not found,,abalamziran,<@1191044451066450045>,https://www.roblox.com/users/4206855680/profile,5,TRUE,,,,
,Missing,not found,,JustANoob_25,<@708122137365577810>,https://www.roblox.com/users/1331978424/profile,9,TRUE,,,,
,Missing,not found,,brentnorber,<@1127844592386068591>,https://www.roblox.com/users/1814711288/profile,8,TRUE,,,,
,Missing,not found,,beestje110,<@1212785014262075495>,https://www.roblox.com/users/1209305245/profile,5,TRUE,,,,
,Missing,not found,,b6220500920,<@580658360047894539>,https://www.roblox.com/users/4277545525/profile,5,TRUE,,,,
,Missing,not found,,Tanqr_Enrique,<@1172433197808746496>,https://www.roblox.com/users/3359292754/profile,6,TRUE,,,,
,Missing,not found,,12345LOLS1,<@865028793902563349>,https://www.roblox.com/users/1532997349/profile,5,TRUE,,,,
,Missing,not found,,loneknight022,<@585599243176116260>,https://www.roblox.com/users/1459087108/profile,9,TRUE,,,,
,Missing,not found,,Hvdrvy,<@1237116502738604167>,https://www.roblox.com/users/3536904293/profile,11,TRUE,,,,
,Missing,not found,,luna_mitsuki64,<@1297458428037566507>,https://www.roblox.com/users/4896811970/profile,11,TRUE,,,,
,Missing,not found,,Eth_nity,<@807979740324560906>,https://www.roblox.com/users/2354631250/profile,5,TRUE,,,,
,Missing,not found,,Noob_Flimflam7,<@900738621961809940>,https://www.roblox.com/users/1917233287/profile,6,TRUE,,,,
,Missing,not found,,1i_c1,<@787341954262106114>,https://www.roblox.com/users/2366910795/profile,6,TRUE,,,,
,Missing,not found,,Tnt1we34,<@866659800167219231>,https://www.roblox.com/users/2584277154/profile,6,TRUE,,,,
,Missing,not found,,x_Stalinz,<@1228862884797222945>,https://www.roblox.com/users/3603625404/profile,6,TRUE,,,,
,Missing,not found,,Isharwarrior07,<@1264176617136328809>,https://www.roblox.com/users/5361752108/profile,6,TRUE,,,,
,Missing,not found,,tgdaylusan29,<@1265259290877231124>,https://www.roblox.com/users/1782490263/profile,10,TRUE,,,,
,Missing,not found,,noob_nampii,<@1296307574575988796>,https://www.roblox.com/users/4017027803/profile,8,TRUE,,,,
,Missing,not found,,lilinjun2,<@1269148402956898314>,https://www.roblox.com/users/6096539347/profile,5,TRUE,,,,
,Missing,not found,,lixuarc,<@764043325912645633>,https://www.roblox.com/users/3854942472/profile,5,TRUE,,,,
,Missing,not found,,mytnxvampire,<@1035959813529673759>,https://www.roblox.com/users/1810650054/profile,5,TRUE,,,,
,Missing,not found,,hotsharkstudio,<@1157644188465246208>,https://www.roblox.com/users/1682621526/profile,7,TRUE,,,,
,Missing,not found,,PandoMaticYT,<@586432326838255627>,https://www.roblox.com/users/1140216863/profile,6,TRUE,,,,
,Missing,not found,,Totosonya192,<@801054463854903296>,https://www.roblox.com/users/1194623552/profile,6,TRUE,,,,
,Missing,not found,,blunderbuss09,<@852961507562094603>,https://www.roblox.com/users/638857682/profile,6,TRUE,,,,
,Missing,not found,,dumbrizz21,<@1119593791339368549>,https://www.roblox.com/users/3864057332/profile,6,TRUE,,,,
,Missing,not found,,GUETTA_YAO,<@1262047078301827122>,https://www.roblox.com/users/7525543753/profile,14,TRUE,,,,
,Missing,not found,,captaintvNoizy2,<@1071580090909077565>,https://www.roblox.com/users/3319487871/profile,9,TRUE,,,,
,Missing,not found,,mrkingL23,<@1352057112632758333>,https://www.roblox.com/users/5394428457/profile,5,TRUE,,,,
,Missing,not found,,ALANOalano1123,<@996245963767300207>,https://www.roblox.com/users/2214125415/profile,5,TRUE,,,,
,Missing,not found,,PurpleBarneyTheDino,<@1121345478676709396>,https://www.roblox.com/users/2584592799/profile,9,TRUE,,,,
,Missing,not found,,14axcvb,<@999287321205686312>,https://www.roblox.com/users/3718569526/profile,3,TRUE,,,,
,Missing,not found,,ILosTMyUsNM2,<@946423589069000796>,https://www.roblox.com/users/1570675279/profile,1,TRUE,,,,
,Missing,not found,,imjustamanwisdom,<@1230109838051246163>,https://www.roblox.com/users/7395897087/profile,5,TRUE,,,,
,Missing,not found,,Master_Klev12,<@1143091611178385408>,https://www.roblox.com/users/1235556535/profile,2,TRUE,,,,
,Missing,not found,,TOPGONBY2,<@1124665191389478964>,https://www.roblox.com/users/3387689682/profile,0,TRUE,,,,
,Missing,not found,,demonslayerbruh123,<@766950651221114880>,https://www.roblox.com/users/2740757571/profile,6,TRUE,,,,
,Missing,not found,,Millesssssssss24,<@694828686171439154>,https://www.roblox.com/users/7227867807/profile,5,TRUE,,,,
,Missing,not found,,ZXRiter,<@689087675801796638>,https://www.roblox.com/users/349094490/profile,14,TRUE,,,,
,Missing,not found,,Vincenza_II,<@948236179453648896>,https://www.roblox.com/users/5717313657/profile,12,TRUE,,,,
,Missing,not found,,ronaldtupaz,<@891133530510331945>,https://www.roblox.com/users/198650058/profile,5,TRUE,,,,
,Missing,not found,,ninjakingblaster,<@1069228355532103791>,https://www.roblox.com/users/2214307168/profile,9,TRUE,,,,
,Missing,not found,,tushargagoi,<@909701369181650966>,,5,TRUE,,,,
,Missing,not found,,wowzers23000,<@963684035522093076>,https://www.roblox.com/users/2671255541/profile,14,TRUE,,,,
,Missing,not found,,Mysisannoying1,<@1247146819637481515>,https://www.roblox.com/users/2868403418/profile,6,TRUE,,,,
,Missing,not found,,xryuu1234,<@927044377031901234>,https://www.roblox.com/users/881850525/profile,0,TRUE,,,,
,Missing,not found,,Moon_Ligh7z,<@1163557390503903392>,https://www.roblox.com/users/260666390/profile,8,TRUE,,,,
,Missing,not found,,Max0586,<@576926711342432276>,https://www.roblox.com/users/529033755/profile,2,TRUE,,,,
,Missing,not found,,Haruko_huri,<@1205717496758280203>,https://www.roblox.com/users/7108072784/profile,14,TRUE,,,,
,Missing,not found,,kasuisuchan,<@875327648509882409>,https://www.roblox.com/users/3954396543/profile,15,TRUE,,,,
,Missing,not found,,s4ndy17,<@744439085158105118>,https://www.roblox.com/users/4053128767/profile,11,TRUE,,,,
,Missing,not found,,poshpert095,<@1168811981466255410>,https://www.roblox.com/users/2584445551/profile,6,TRUE,,,,
,Missing,not found,,OLIHANZZ,<@1303619082679226431>,https://www.roblox.com/users/5031468476/profile,3,TRUE,,,,
,Missing,not found,,Witch_OfEnvy,<@905993929630031872>,https://www.roblox.com/users/5356442570/profile,5,TRUE,,,,
,Missing,not found,,nozomi_V,<@685694339153788959>,https://www.roblox.com/users/2302921172/profile,14,TRUE,,,,
,Missing,not found,,winwati,<@818042241096482828>,https://www.roblox.com/users/2406201046/profile,9,TRUE,,,,
,Missing,not found,,ihatebffsisterhannah,<@969256792871809024>,https://www.roblox.com/users/1762398557/profile,5,TRUE,,,,
,Missing,not found,,mynti2,<@1148043056956846150>,https://www.roblox.com/users/3548545472/profile,2,TRUE,,,,
,Missing,not found,,marrcici,<@805702933655453697>,https://www.roblox.com/users/1357905228/profile,2,TRUE,,,,
,Missing,not found,,Pounc3r_xo,<@655973030190645289>,https://www.roblox.com/users/1170015518/profile,2,TRUE,,,,
,Missing,not found,,Gamingtime_1039,<@1270020157502263309>,https://www.roblox.com/users/4588399054/profile,14,TRUE,,,,
,Missing,not found,,HAO100622,<@1261936940282941503>,https://www.roblox.com/users/3764203456/profile,2,TRUE,,,,
,Missing,not found,,Chiton151423,<@759796827633221653>,https://www.roblox.com/users/528106112/profile,2,TRUE,,,,
,Missing,not found,,ytgv32rg23rg23r,<@1085896922784612372>,https://www.roblox.com/users/797518472/profile,0,TRUE,,,,
,Missing,not found,,vu1133kl,<@1133686559892328460>,https://www.roblox.com/users/1399781910/profile,8,TRUE,,,,
,Missing,not found,,Ultumatered100,<@1145655996941860975>,https://www.roblox.com/users/844286273/profile,0,TRUE,,,,
,Missing,not found,,JelynTubin143,<@1201443852830117923>,https://www.roblox.com/users/7419836595/profile,0,TRUE,,,,
,Missing,not found,,leonidas432157,<@892686089830137867>,https://www.roblox.com/users/1712902366/profile,0,TRUE,,,,
,Missing,not found,,theoneforkobe,<@706078463437701162>,https://www.roblox.com/users/1514421677/profile,0,TRUE,,,,
,Missing,not found,,kamiruha9,<@1319660800771752028>,https://www.roblox.com/users/6134518410/profile,4,TRUE,,,,
,Missing,not found,,DarterInDisguise,<@1258597292433346610>,https://www.roblox.com/users/7646167490/profile,9,TRUE,,,,
,Missing,not found,,Jacob1214596,<@1288075434130669570>,https://www.roblox.com/users/2858273890/profile,7,TRUE,,,,
,Missing,not found,,Zaptiye_Amiri,<@1277193439762583596>,https://www.roblox.com/users/5296528492/profile,2,TRUE,,,,
,Missing,not found,,dreamersmp12,<@1012895980280098867>,https://www.roblox.com/users/2399196532/profile,12,TRUE,,,,
,Missing,not found,,NanbuKirokane,<@707200162161885195>,https://www.roblox.com/users/2006006354/profile,5,TRUE,,,,
,Missing,not found,,bordeaux_guy,<@1148160888419930205>,https://www.roblox.com/users/5785732869/profile,7,TRUE,,,,
,Missing,not found,,Reissieeee,<@913698956725338123>,https://www.roblox.com/users/7953859776/profile,5,TRUE,,,,
,Missing,not found,,xymonjo,<@1358002422491906079>,https://www.roblox.com/users/3348218017/profile,5,TRUE,,,,
,Missing,not found,,gentelman_890,<@1352633928472727634>,https://www.roblox.com/users/8178737874/profile,14,TRUE,,,,
,Missing,not found,,ufuthshu,<@1361676488067256390>,https://www.roblox.com/users/3312664318/profile,2,TRUE,,,,
,Missing,not found,,kingchacha13579,<@883161734716751882>,https://www.roblox.com/users/3932409428/profile,6,TRUE,,,,
,Missing,not found,,Killer_Knight4567,<@712157299132858438>,https://www.roblox.com/users/1611980262/profile,3,TRUE,,,,
,Missing,not found,,Darkdug1,<@1257378646721564806>,https://www.roblox.com/users/3261717115/profile,0,TRUE,,,,
,Missing,not found,,Keiji_Takashii,<@1096016574810435584>,https://www.roblox.com/users/4206025011/profile,0,TRUE,,,,
,Missing,not found,,fredom12456,<@999953111407927409>,https://www.roblox.com/users/1243757927/profile,0,TRUE,,,,
,Missing,not found,,sharkythepuppet,<@910346302439706654>,https://www.roblox.com/users/1486934616/profile,0,TRUE,,,,
,Missing,not found,,De_Montcalm,<@955058073897164810>,https://www.roblox.com/users/8480443585/profile,0,TRUE,,,,
,Missing,not found,,tatosong,<@1352465492174045245>,https://www.roblox.com/users/1495334746/profile,0,TRUE,,,,
,Missing,not found,,Lord_shen863,<@1359889114236846242>,https://www.roblox.com/users/7244821939/profile,0,TRUE,,,,
,Missing,not found,,MrOdyssey17,<@971069142335643689>,https://www.roblox.com/users/3743948711/profile,0,TRUE,,,,
,Missing,not found,,YaserMomento,<@690024017888935980>,https://www.roblox.com/users/2598695823/profile,5,TRUE,,,,
,Missing,not found,,EnEhasmanizar,<@789071327112724501>,https://www.roblox.com/users/1584003311/profile,5,TRUE,,,,
,Missing,not found,,BYDHans,<@1384480385307512844>,https://www.roblox.com/users/8066186610/profile,1,TRUE,,,,
,Missing,not found,,TomPlayz156,<@1183315171930808352>,https://www.roblox.com/users/1822493078/profile,0,TRUE,,,,
,Missing,not found,,Pz819Kant,<@925391501431832597>,https://www.roblox.com/users/1504090233/profile,5,TRUE,,,,
,Missing,not found,,napoleonbonaparteme,<@1119603741381898380>,https://www.roblox.com/users/3388360126/profile,0,TRUE,,,,
,Missing,not found,,pizzaitsgood456,<@1373640691917520966>,https://www.roblox.com/users/4263979984/profile,0,TRUE,,,,
,Missing,not found,,sjisiiii,<@935499562582417428>,https://www.roblox.com/users/1326601951/profile,1,TRUE,,,,
,Missing,not found,,svxony,<@1380204247978610800>,https://www.roblox.com/users/8505728197/profile,0,TRUE,,,,
,Missing,not found,,arkanaovreal123,<@1033227215359443034>,https://www.roblox.com/users/2287253614/profile,5,TRUE,,,,
,Missing,not found,,Bluetoothok,<@1259186920924250227>,https://www.roblox.com/users/4969740970/profile,2,TRUE,,,,
,Missing,not found,,HiraX_top,<@705404493453590551>,https://www.roblox.com/users/1548188224/profile,0,TRUE,,,,
,Missing,not found,,tekst_DIAMOND,<@1303915999430578259>,https://www.roblox.com/users/3133301026/profile,8,TRUE,,,,
,Missing,not found,,armand_pangan13,<@627859593615376395>,https://www.roblox.com/users/1219793701/profile,4,TRUE,,,,
,Missing,not found,,Hawashin_0,<@1132249295278575626>,https://www.roblox.com/users/3442168604/profile,8,TRUE,,,,
,Missing,not found,,K_iNzEo,<@937148424405532742>,https://www.roblox.com/users/150472711/profile,3,TRUE,,,,
,Missing,not found,,NotGoodforme7,<@1401644648975437937>,https://www.roblox.com/users/6048886683/profile,8,TRUE,,,,
,Missing,not found,,polar_express7355,<@1219958002774311033>,https://www.roblox.com/users/3426530403/profile,6,TRUE,,,,
,Missing,not found,,aommmyTHAILAND,<@1224168405343539220>,https://www.roblox.com/users/1485990711/profile,4,TRUE,,,,
,Missing,not found,,sik6com,<@1342830904321773592>,https://www.roblox.com/users/1855799601/profile,3,TRUE,,,,
,Missing,not found,,jeajea60,<@1365372572887158794>,https://www.roblox.com/users/6094763599/profile,2,TRUE,,,,
,Missing,not found,,neagule,<@705404493453590551>,https://www.roblox.com/users/1026783135/profile,0,TRUE,,,,
,Missing,not found,,ZOZOA30,<@439306268411166722>,https://www.roblox.com/users/954465345/profile,3,TRUE,,,,
,Missing,not found,,Chinese_541,<@1365210490128699493>,https://www.roblox.com/users/4719301542/profile,6,TRUE,,,,
,Missing,not found,,Dissentss2,<@1282637759336677438>,https://www.roblox.com/users/8625782592/profile,5,TRUE,,,,
,Missing,not found,,huskylover9314,<@761185410473918464>,https://www.roblox.com/users/1533075501/profile,4,TRUE,,,,
,Missing,not found,,Funny_Account3,<@1355451408786391063>,https://www.roblox.com/users/3629762840/profile,9,TRUE,,,,
,Missing,not found,,qqqqjlpzz,<@1127094252502012045>,https://www.roblox.com/users/4528604661/profile,4,TRUE,,,,
,Missing,not found,,hamywings,<@588634397075570689>,https://www.roblox.com/users/381774364/profile,6,TRUE,,,,
,Missing,not found,,RapidImperium,<@1118907134839619705>,https://www.roblox.com/users/1379441323/profile,4,TRUE,,,,
,Missing,not found,,ghgfgtftgftt,<@746249334936567808>,https://www.roblox.com/users/5124036190/profile,6,TRUE,,,,
,Missing,not found,,gullla344,<@1424330697551646780>,https://www.roblox.com/users/8255547135/profile,8,TRUE,,,,
,Missing,not found,,hdhgjfjfhfjddhfhfjf,<@1368401541375066144>,https://www.roblox.com/users/7088237014/profile,5,TRUE,,,,
,Missing,not found,,lll11111473,<@1422558879744790648>,https://www.roblox.com/users/7989355155/profile,5,TRUE,,,,
,Missing,not found,,RIP_droneprice,<@966617296439238688>,https://www.roblox.com/users/7712903347/profile,5,TRUE,,,,
,Missing,not found,,xeroz_void,<@752094206201298985>,https://www.roblox.com/users/180810745/profile,3,TRUE,,,,
,Missing,not found,,Bluee21431,<@1275635946540240920>,https://www.roblox.com/users/7456162168/profile,1,TRUE,,,,
,Missing,not found,,oop123456op1235,<@1007867325082509424>,https://www.roblox.com/users/2580218738/profile,7,TRUE,,,,
,Missing,not found,,v3_kt,<@1338105349290332160>,https://www.roblox.com/users/6108202845/profile,6,TRUE,,,,
,Missing,not found,,procyruschan, <@1434171884974379109>,https://www.roblox.com/users/1799470684/profile,5,TRUE,,,,
,Missing,not found,,Reapehh,<@379251812445716480>,https://www.roblox.com/users/289848516/profile,2,TRUE,,,,
,Missing,not found,,ewe_407,<@1293496971369254982>,https://www.roblox.com/users/5741297677/profile,3,TRUE,,,,
,Missing,not found,,tylerchiasfreind,<@1003277987422154773>,https://www.roblox.com/users/2279324325/profile,6,TRUE,,,,
,Missing,not found,,Mrspideracacio,<@1385540367247609876>,https://www.roblox.com/users/2364321691/profile,7,TRUE,,,,
,Missing,not found,,Jerpar666,<@582523947749343253>,https://www.roblox.com/users/978563325/profile,8,TRUE,,,,
,Missing,not found,,Ryphoper,<@681782744694652956>,https://www.roblox.com/users/1042728091/profile,2,TRUE,,,,
,Missing,not found,,Basaranpro_pro,<@1021457136854773761>,https://www.roblox.com/users/4139674426/profile,2,TRUE,,,,
,Missing,not found,,Christnewacc,<@1212374217257914392>,https://www.roblox.com/users/4241738843/profile,7,TRUE,,,,
,Missing,not found,,Darkex74,<@1441950827311927428>,https://www.roblox.com/users/5230343381/profile,3,TRUE,,,,
,Missing,not found,,ruel444,<@1414897980292726834>,https://www.roblox.com/users/670976867/profile,0,TRUE,,,,
,Missing,not found,,roys_loys11,<@1410578545591193731>,https://www.roblox.com/users/7356587414/profile,12,TRUE,,,,
,Missing,not found,,PotatoAlternateAlt,<@936596021717401631>,https://www.roblox.com/users/3877417314/profile,6,TRUE,,,,
,Missing,not found,,girrafejjjjjj,<@1237934968877875233>,https://www.roblox.com/users/3567188241/profile,4,TRUE,,,,
,Missing,not found,,Nathe_n3,<@1262432532234764311>,https://www.roblox.com/users/8186805742/profile,4,TRUE,,,,
,Missing,not found,,RUSSIA_1727,<@1200960043013636118>,https://www.roblox.com/users/2311829989/profile,0,TRUE,,,,
,Missing,not found,,MAT24152,<@1320992150065905724>,https://www.roblox.com/users/3226361732/profile,1,TRUE,,,,
,Missing,not found,,Ddfredfh,@737094291364773960,https://www.roblox.com/users/2625942556/profile,3,TRUE,,,,
,Missing,not found,,Zodead1,<@1322059353729138720>,https://www.roblox.com/users/5308272033/profile,0,TRUE,,,,
,Missing,not found,,lokloklok123_Reborn,<@1049225243698405376>,https://www.roblox.com/users/5410689422/profile,0,TRUE,,,,
,Missing,not found,,kerin_warriors,<@1110787025411518554>,https://www.roblox.com/users/3450347781/profile,0,TRUE,,,,
,Missing,not found,,Harukoyama,<@839041874445860875>,https://www.roblox.com/users/531944888/profile,0,TRUE,,,,
,Missing,not found,,Ken_TheSec,<@902467161006678076>,https://www.roblox.com/users/3468250596/profile,3,TRUE,,,,
,Missing,not found,,jowellmanabat02,<@995669898342699008>,https://www.roblox.com/users/3888394258/profile,0,TRUE,,,,
,Missing,not found,,Han_Krick,<@413883065107218432>,https://www.roblox.com/users/499402762/profile,3,TRUE,,,,
,Missing,not found,,dwyane_cod,<@1236959654496440340>,https://www.roblox.com/users/2734538887/profile,0,TRUE,,,,
,Missing,not found,,PQD_cat,<@1275790624557105165>,https://www.roblox.com/users/7064703146/profile,0,TRUE,,,,
,Missing,not found,,DemonHeavenlyGo,<@1053764535141548033>,https://www.roblox.com/users/3568521870/profile,1,TRUE,,,,
,Missing,not found,,Attiqi3226R,<@911679786827522148>,https://www.roblox.com/users/1426633996/profile,0,TRUE,,,,
,Missing,not found,,Loweringmyiq,<@470758046658854912>,https://www.roblox.com/users/8860599753/profile,0,TRUE,,,,
,Missing,not found,,GoldenBrett451,<@1326127302568054784>,https://www.roblox.com/users/8499896429/profile,0,TRUE,,,,
,Missing,not found,,Thenewriders,<@1331612058562859050>,https://www.roblox.com/users/8097647292/profile,0,TRUE,,,,
,Missing,not found,,rnlg0102,<@824503982692761601>,https://www.roblox.com/users/1560191991/profile,8,TRUE,,,,
,Missing,not found,,sus_guy7,<@907623225238900737>,https://www.roblox.com/users/2462257439/profile,0,TRUE,,,,
,Missing,not found,,zafeog2,<@639719018345005059>,https://www.roblox.com/users/1893333479/profile,3,TRUE,,,,
,Missing,not found,,xxmohammedsxxx,<@1266772520573472913>,https://www.roblox.com/users/1895964014/profile,3,TRUE,,,,
,Missing,not found,,MRPEANUT12334,<@1023231326318501929>,https://www.roblox.com/users/1268571169/profile,3,TRUE,,,,
,Missing,not found,,OokFireworks,<@1291983550119415850>,https://www.roblox.com/users/4852266483/profile,3,TRUE,,,,
,Missing,not found,,Successful848,<@1268923238776307722>,https://www.roblox.com/users/7246159447/profile,2,TRUE,,,,
,Missing,not found,,rizky2525,<@692917576489107589>,https://www.roblox.com/users/42104989/profile,3,TRUE,,,,
,Missing,not found,,Pengu1nVic,<@865895833153306625>,https://www.roblox.com/users/2889363909/profile,2,TRUE,,,,
,Missing,not found,,bilibili_manran,<@1355726064789360842>,https://www.roblox.com/users/5591261711/profile,3,TRUE,,,,
,A1. Soldat,"3eme Fusiliers ""Rivoli""",Full Ranker,NATO_123493,<@1449546426710495352>,https://www.roblox.com/users/8638446363/profile,3,FALSE,,,,
,Missing,not found,,Privatehans5,<@1287283803374485527>,https://www.roblox.com/users/7070375684/profile,2,TRUE,,,,
,Missing,not found,,Ariya208,<@1060113253688156180>,https://www.roblox.com/users/1298484413/profile,2,TRUE,,,,
,Missing,not found,,pinoyrobloxpro,<@815112017479991306>,https://www.roblox.com/users/1143332555/profile,2,TRUE,,,,
,Missing,not found,,Manteuffel08,<@1297036454727254098>,https://www.roblox.com/users/8483513672/profile,2,TRUE,,,,
,Missing,not found,,EntirelyPuffstrum1,<@1120485063839195298>,https://www.roblox.com/users/5520628221/profile,2,TRUE,,,,
,Missing,not found,,DonutMuggler,<@1190341712741158993>,https://www.roblox.com/users/3553175342/profile,38,TRUE,,,,
,Missing,not found,,PeterBauer41,<@1000231998545219594>,https://www.roblox.com/users/251397967/profile,5,TRUE,,,,
,Missing,not found,,eyred_y345,<@1168458909078536217>,https://www.roblox.com/users/5760610903/profile,2,TRUE,,,,
,Missing,not found,,pryocal,<@655534994563006484>,https://www.roblox.com/users/99826664/profile,0,TRUE,,,,
,Missing,not found,,jsist01340,<@831799718161809410>,https://www.roblox.com/users/2433297892/profile,0,TRUE,,,,
,Missing,not found,,pogiryukiller,<@825641156129193984>,https://www.roblox.com/users/3105522003/profile,0,TRUE,,,,
,Missing,not found,,SXchickennoodles,<@1252098412627628096>,https://www.roblox.com/users/2859826866/profile,0,TRUE,,,,
,Missing,not found,,Scrimy21savage,<@658896880650027009>,https://www.roblox.com/users/270352342/profile,2,TRUE,,,,
,Missing,not found,,lawbymike_1,<@488268167399997450>,https://www.roblox.com/users/7702368347/profile,0,TRUE,,,,
,Missing,not found,,Demirpro085,<@1092796123053305856>,https://www.roblox.com/users/4085710766/profile,0,TRUE,,,,
,Missing,not found,,strikerz345,<@870642444209913886>,https://www.roblox.com/users/4098993609/profile,0,TRUE,,,,
,Missing,not found,,brykyton,<@1193081339621167114>,https://www.roblox.com/users/3761085718/profile,0,TRUE,,,,
,Missing,not found,,DuncanLai,<@587991764036485131>,https://www.roblox.com/users/286650568/profile,5,TRUE,,,,
,Missing,not found,,Huntr_HD,<@696964097283194891>,https://www.roblox.com/users/2756116525/profile,0,TRUE,,,,
,Missing,not found,,NLCE31,<@757526931263717377>,https://www.roblox.com/users/2958771111/profile,0,TRUE,,,,
,Missing,not found,,zhaozi9,<@1283228068030316607>,https://www.roblox.com/users/3509582001/profile,0,TRUE,,,,
,Missing,not found,,FemaleGory,<@1143831228290711602>,https://www.roblox.com/users/5779608214/profile,0,TRUE,,,,
,Missing,not found,,slayer262672,<@1199356666689355888>,https://www.roblox.com/users/2317819320/profile,0,TRUE,,,,
,Missing,not found,,numzuza1234,<@1110902986152099880>,https://www.roblox.com/users/2641537665/profile,3,TRUE,,,,
,Missing,not found,,miekzie,<@530705041602904074>,https://www.roblox.com/users/312818413/profile,0,TRUE,,,,
,Missing,not found,,Aaravmarch21,<@1143506186507927564>,https://www.roblox.com/users/4948362015/profile,0,TRUE,,,,
,Missing,not found,,yaboiram111,<@739812028633317477>,https://www.roblox.com/users/1879999087/profile,3,TRUE,,,,
,Missing,not found,,TouxhMe_76,<@1199356666689355888>,https://www.roblox.com/users/3862099864/profile,0,TRUE,,,,
,Missing,not found,,Amatek40,<@1232290876110409789>,https://www.roblox.com/users/5799118457/profile,0,TRUE,,,,
,Missing,not found,,bryteng6g,<@1080808119766093884>,https://www.roblox.com/users/2694085075/profile,3,TRUE,,,,
,Missing,not found,,RavenPhenom,<@977813432369827850>,https://www.roblox.com/users/7794512679/profile,0,TRUE,,,,
,Missing,not found,,F3zzzzzzz,<@807285900118982687>,https://www.roblox.com/users/2053796482/profile,0,TRUE,,,,
,Missing,not found,,HXZXM1738,<@550875137340080148>,https://www.roblox.com/users/1433809182/profile,0,TRUE,,,,
,Missing,not found,,jukepex,<@1160940100289568830>,https://www.roblox.com/users/3286042930/profile,2,TRUE,,,,
,Missing,not found,,God_saveme4,<@1215563490190688297>,https://www.roblox.com/users/3841090352/profile,0,TRUE,,,,
,Missing,not found,,Remikicia2005,<@766271163797471243>,https://www.roblox.com/users/129628740/profile,2,TRUE,,,,
,Missing,not found,,biligun3008,<@1140474300781043742>,https://www.roblox.com/users/2590638382/profile,2,TRUE,,,,
,Missing,not found,,aaaooo341214,<@1242116482243104800>,https://www.roblox.com/users/2302504023/profile,2,TRUE,,,,
,Missing,not found,,samuelccc9,<@1265993310363975680>,https://www.roblox.com/users/5730733722/profile,2,TRUE,,,,
,Missing,not found,,Ynigodom,<@1176055243545514066>,https://www.roblox.com/users/1724222052/profile,0,TRUE,,,,
,Missing,not found,,CrR1ms0n,<@651719853023035432>,https://www.roblox.com/users/1066030930/profile,0,TRUE,,,,
,Missing,not found,,chen1229,<@585934190609039383>,https://www.roblox.com/users/409169039/profile,0,TRUE,,,,
,Missing,not found,,ripindra_5944,<@1288085749002141779>,https://www.roblox.com/users/6087445042/profile,0,TRUE,,,,
,Missing,not found,,HelloMyNameIsKuro,<@875327648509882409>,https://www.roblox.com/users/5585695951/profile,2,TRUE,,,,
,Missing,not found,,Drill_Merk,<@948099238225657886>,https://www.roblox.com/users/2451109726/profile,0,TRUE,,,,
,Missing,not found,,MilitaryNoicee,<@701292250776469574>,https://www.roblox.com/users/3460975782/profile,2,TRUE,,,,
,Missing,not found,,tranthevinhXDXD,<@1234666927536865360>,https://www.roblox.com/users/2405156868/profile,0,TRUE,,,,
,Missing,not found,,khielabotz,<@1220675695852781642>,https://www.roblox.com/users/560983876/profile,2,TRUE,,,,
,Missing,not found,,Bonzachap22907,<@1008255240602132561>,https://www.roblox.com/users/1375679996/profile,3,TRUE,,,,
,Missing,not found,,Ahzacliker50,<@1183738739986534440>,https://www.roblox.com/users/4105657585/profile,0,TRUE,,,,
,Missing,not found,,matheusminons,<@1287648218254934088>,https://www.roblox.com/users/142054880/profile,0,TRUE,,,,
,Missing,not found,,longjosephcheng,<@510001518389231616>,https://www.roblox.com/users/99025273/profile,2,TRUE,,,,
,Missing,not found,,VenomDrakennn,<@913321198547533844>,https://www.roblox.com/users/3069141032/profile,2,TRUE,,,,
,Missing,not found,,Immortal_Darrell,<@872464079875362846>,https://www.roblox.com/users/3152121005/profile,3,TRUE,,,,
,Missing,not found,,lilshimmer18,<@1105830638042480673>,https://www.roblox.com/users/4754995070/profile,2,TRUE,,,,
,Missing,not found,,SHINDOIUORA,<@1247198309597319210>,https://www.roblox.com/users/5860973792/profile,3,TRUE,,,,
,Missing,not found,,LUIGICARS,<@580974131177324554>,https://www.roblox.com/users/376745630/profile,0,TRUE,,,,
,Missing,not found,,dyj2233,<@993006429726310431>,https://www.roblox.com/users/5613371084/profile,0,TRUE,,,,
,Missing,not found,,Readythor1223,<@1157865968496820234>,https://www.roblox.com/users/2374484277/profile,2,TRUE,,,,
,Missing,not found,,dangoy6,<@772077902396129290>,https://www.roblox.com/users/259819100/profile,2,TRUE,,,,
,Missing,not found,,Zyber_k123,<@1239512941284560998>,https://www.roblox.com/users/2470203272/profile,2,TRUE,,,,
,Missing,not found,,maybehubdedhu76,<@1254378150943789056>,https://www.roblox.com/users/2428335041/profile,4,TRUE,,,,
,Missing,not found,,spedkrieg,<@931932010182758440>,https://www.roblox.com/users/1755468741/profile,0,TRUE,,,,
,Missing,not found,,galifankrieg,<@848208594092556338>,https://www.roblox.com/users/2465292863/profile,2,TRUE,,,,
,Missing,not found,,jhonkrieg,<@571519630946992128>,https://www.roblox.com/users/574372318/profile,2,TRUE,,,,
,Missing,not found,,zhsgsgshhz,<@905697069329711175>,https://www.roblox.com/users/2498330828/profile,2,TRUE,,,,
,Missing,not found,,Sorcerious24,<@753494571932975106>,https://www.roblox.com/users/1788957039/profile,3,TRUE,,,,
,Missing,not found,,ksh321y,<@1298012130687193091>,https://www.roblox.com/users/2745811553/profile,0,TRUE,,,,
,Missing,not found,,chi_rase,<@620252924408496138>,https://www.roblox.com/users/1532939812/profile,0,TRUE,,,,
,Missing,not found,,uyenprok,<@1212260293892243457>,https://www.roblox.com/users/3221152446/profile,0,TRUE,,,,
,Missing,not found,,hhavbb,<@1130088376993853491>,https://www.roblox.com/users/1782082703/profile,0,TRUE,,,,
,Missing,not found,,J4ckR0bL0xHelL0,<@1173561828408840282>,https://www.roblox.com/users/2946898380/profile,0,TRUE,,,,
,Missing,not found,,Rikuja03,<@521313958720962600>,https://www.roblox.com/users/1303939644/profile,3,TRUE,,,,
,Missing,not found,,ice_ninjamp,<@1264820549293441067>,https://www.roblox.com/users/4264604304/profile,3,TRUE,,,,
,Missing,not found,,queenmarryho,<@1009027826848120852>,https://www.roblox.com/users/1446048104/profile,2,TRUE,,,,
,Missing,not found,,TheAussieKoala,<@1252083672987861017>,https://www.roblox.com/users/1744029492/profile,2,TRUE,,,,
,Missing,not found,,tigerfcdsloio,<@1218059261095972866>,https://www.roblox.com/users/2313970998/profile,2,TRUE,,,,
,Missing,not found,,memenkensin,<@1248585956114698252>,https://www.roblox.com/users/1724294005/profile,0,TRUE,,,,
,Missing,not found,,114514QWEASD114,<@1158632653956849725>,https://www.roblox.com/users/4786840923/profile,2,TRUE,,,,
,Missing,not found,,PhenomStars,<@404438749167091713>,https://www.roblox.com/users/165640193/profile,0,TRUE,,,,
,Missing,not found,,generalgamers38,<@974205964670615592>,https://www.roblox.com/users/3058232506/profile,3,TRUE,,,,
,Missing,not found,,andreyfelix_26,<@971660302917709824>,https://www.roblox.com/users/1772012379/profile,3,TRUE,,,,
,Missing,not found,,Stail_137,<@645294470253903888>,https://www.roblox.com/users/563856683/profile,3,TRUE,,,,
,Missing,not found,,CaoWOhaHD,<@1025011912959860776>,https://www.roblox.com/users/4720389634/profile,0,TRUE,,,,
,Missing,not found,,op2366,<@486765372012363777>,https://www.roblox.com/users/419650814/profile,2,TRUE,,,,
,Missing,not found,,endyeet,<@1151865059191042078>,https://www.roblox.com/users/1663517512/profile,2,TRUE,,,,
,Missing,not found,,korean_from,<@620185504108904459>,https://www.roblox.com/users/549877616/profile,2,TRUE,,,,
,Missing,not found,,aegdufgdhskek,<@1178273230000246810>,https://www.roblox.com/users/3181544457/profile,3,TRUE,,,,
,Missing,not found,,adelaidemister,<@816739907770122270>,https://www.roblox.com/users/1730823305/profile,2,TRUE,,,,
,Missing,not found,,Marlin1_BARIC,<@785236130031075328>,https://www.roblox.com/users/2693304643/profile,3,TRUE,,,,
,Missing,not found,,STRAWHAT_LUFFI200900,<@817038646069821480>,https://www.roblox.com/users/1446069232/profile,2,TRUE,,,,
,Missing,not found,,1549881967iop,<@1270997958334222367>,https://www.roblox.com/users/5654444113/profile,0,TRUE,,,,
,Missing,not found,,CODE_PHYSCOADIL,<@592427298045820940>,https://www.roblox.com/users/1347696746/profile,3,TRUE,,,,
,Missing,not found,,JOHCENA123456789,<@1205525684722864230>,https://www.roblox.com/users/118613083/profile,2,TRUE,,,,
,Missing,not found,,marvinpogihahaha,<@917209897320456293>,https://www.roblox.com/users/2006061677/profile,0,TRUE,,,,
,Missing,not found,,kyrian_hey,<@1091299572833341471>,https://www.roblox.com/users/1744639932/profile,0,TRUE,,,,
,Missing,not found,,rickyrolly135,<@1100280580362469408>,https://www.roblox.com/users/2984631208/profile,2,TRUE,,,,
,Missing,not found,,MUstifire119,<@754624869110382642>,https://www.roblox.com/users/2570937772/profile,2,TRUE,,,,
,Missing,not found,,johnsonbonbon123,<@985079283250786305>,https://www.roblox.com/users/5038622075/profile,0,TRUE,,,,
,Missing,not found,,blackpepper990,<@921396677875757077>,https://www.roblox.com/users/1728200754/profile,0,TRUE,,,,
,Missing,not found,,Boliboli_53,<@1277343458457030843>,https://www.roblox.com/users/6088544902/profile,0,TRUE,,,,
,Missing,not found,,L00K13me,<@502745909663105034>,https://www.roblox.com/users/1372827235/profile,0,TRUE,,,,
,Missing,not found,,megabody20101,<@1233850279431245864>,https://www.roblox.com/users/2830376935/profile,0,TRUE,,,,
,Missing,not found,,wwqwqwqq44,<@586973321925492788>,https://www.roblox.com/users/873966102/profile,1,TRUE,,,,
,Missing,not found,,jihunduck,<@1160925898040672257>,https://www.roblox.com/users/2711697673/profile,2,TRUE,,,,
,Missing,not found,,StonewallJackston,<@1277630946014924972>,https://www.roblox.com/users/6216514878/profile,2,TRUE,,,,
,Missing,not found,,ArkinjuneReborned,<@1255485938201530450>,https://www.roblox.com/users/4725849942/profile,0,TRUE,,,,
,Missing,not found,,fougabin3,<@795728199475527691>,https://www.roblox.com/users/927361472/profile,0,TRUE,,,,
,Missing,not found,,piguchan1,<@934735136472334398>,https://www.roblox.com/users/1164349734/profile,0,TRUE,,,,
,Missing,not found,,whermhact,<@1043872306755276810>,https://www.roblox.com/users/3524234971/profile,0,TRUE,,,,
,Missing,not found,,g45799G5,<@1249644058998079523>,https://www.roblox.com/users/3017475301/profile,0,TRUE,,,,
,Missing,not found,,9fhfddf,<@1133670221345996840>,https://www.roblox.com/users/1810872580/profile,0,TRUE,,,,
,Missing,not found,,MysticGhost012,<@762382248754282507>,https://www.roblox.com/users/1059751328/profile,0,TRUE,,,,
,Missing,not found,,Mikeymikeissmall,<@148097081293144065>,https://www.roblox.com/users/2023948897/profile,2,TRUE,,,,
,Missing,not found,,sitelockdow,<@918069838046449714>,https://www.roblox.com/users/3044186093/profile,3,TRUE,,,,
,Missing,not found,,reuseing2,<@1103946819039395872>,https://www.roblox.com/users/3024331566/profile,1,TRUE,,,,
,Missing,not found,,Wandrebel14,<@596258784637222912>,https://www.roblox.com/users/1905261689/profile,0,TRUE,,,,
,Missing,not found,,iiuuiuo,<@595829221843271680>,https://www.roblox.com/users/1560282206/profile,2,TRUE,,,,
,Missing,not found,,JYJayden22,<@850601547510710282>,https://www.roblox.com/users/1180663082/profile,3,TRUE,,,,
,Missing,not found,,fusiliersky,<@1369955157093257276>,,0,TRUE,,,,
,Missing,not found,,Aerolite101,<@931355355924037632>,https://www.roblox.com/users/3857958735/profile,2,TRUE,,,,
,Missing,not found,,Edelpk,<@639385456953524256>,https://www.roblox.com/users/1148438816/profile,0,TRUE,,,,
,Missing,not found,,H4NT3RGOOD,<@941969435588177930>,,0,TRUE,,,,
,Missing,not found,,Stormgaming106,<@754366490689536151>,https://www.roblox.com/users/1766303620/profile,0,TRUE,,,,
,Missing,not found,,Rex_invidia,<@935347136210563143>,https://www.roblox.com/users/3228773897/profile,0,TRUE,,,,
,Missing,not found,,angelinsnoww,<@1222041280998019162>,https://www.roblox.com/users/12207193/profile,3,TRUE,,,,
,Missing,not found,,LewisEdrik100,<@889321012678762546>,https://www.roblox.com/users/2648224479/profile,4,TRUE,,,,
,Missing,not found,,liruoguta,<@1300410438575460404>,https://www.roblox.com/users/3886165741/profile,0,TRUE,,,,
,Missing,not found,,Drakut777,<@975299793683378206>,https://www.roblox.com/users/3548168140/profile,0,TRUE,,,,
,Missing,not found,,aintreadallat,<@982903612311207956>,https://www.roblox.com/users/5398634900/profile,0,TRUE,,,,
,Missing,not found,,ohioman1032,<@956936932628267051>,https://www.roblox.com/users/4324127175/profile,3,TRUE,,,,
,Missing,not found,,FEELINGLUCKYBVERB,<@1227477808998252554>,https://www.roblox.com/users/4546084956/profile,2,TRUE,,,,
,Missing,not found,,GembelGaming_12345,<@1263134353836216336>,https://www.roblox.com/users/3207674395/profile,0,TRUE,,,,
,Missing,not found,,ganowwww,<@1000034633691431042>,https://www.roblox.com/users/5773079660/profile,0,TRUE,,,,
,Missing,not found,,tamasa088,<@979634959256002570>,https://www.roblox.com/users/608335481/profile,0,TRUE,,,,
,Missing,not found,,Mr_bobo193,<@1131977050840899634>,https://www.roblox.com/users/3979728357/profile,0,TRUE,,,,
,Missing,not found,,Expiredberries_alt0,<@1281963961062916248>,https://www.roblox.com/users/7559587377/profile,0,TRUE,,,,
,Missing,not found,,bohdibohdibohdi,<@916603760858509362>,https://www.roblox.com/users/2266706382/profile,2,TRUE,,,,
,Missing,not found,,ADAM1312499,<@1299199688221917195>,https://www.roblox.com/users/7500008788/profile,0,TRUE,,,,
,Missing,not found,,imwhitedeath,<@1362289416105627648>,https://www.roblox.com/users/2991065644/profile,2,TRUE,,,,
,Missing,not found,,MC951382,<@1291696860867858452>,https://www.roblox.com/users/4822128342/profile,0,TRUE,,,,
,Missing,not found,,reaper092733,<@907091970499936276>,https://www.roblox.com/users/2577263671/profile,3,TRUE,,,,
,Missing,not found,,Beeng_baling,<@1286446010087768115>,https://www.roblox.com/users/7364660377/profile,3,TRUE,,,,
,Missing,not found,,Emilsyyy,<@946450420107190282>,https://www.roblox.com/users/3143342028/profile,2,TRUE,,,,
,Missing,not found,,johnrenz058,<@1311320501737623554>,https://www.roblox.com/users/692245534/profile,3,TRUE,,,,
,Missing,not found,,FieldMarshalGlory,<@1310451987573116989>,https://www.roblox.com/users/2748874344/profile,0,TRUE,,,,
,Missing,not found,,GN240329203754,<@1305057416232173608>,https://www.roblox.com/users/5807343235/profile,2,TRUE,,,,
,Missing,not found,,ElvisBonaparte,<@1136190826339381258>,https://www.roblox.com/users/4802502338/profile,3,TRUE,,,,
,Missing,not found,,Fiqvolin,<@599196185575817216>,https://www.roblox.com/users/7337783668/profile,3,TRUE,,,,
,Missing,not found,,PINUNCH2010,<@922972069963137168>,https://www.roblox.com/users/1594190793/profile,0,TRUE,,,,
,Missing,not found,,aldous023e,<@1024494790387191808>,https://www.roblox.com/users/4638639103/profile,0,TRUE,,,,
,Missing,not found,,RegardingDueRecords,<@311015792869113857>,https://www.roblox.com/users/4909636253/profile,3,TRUE,,,,
,Missing,not found,,juvaaxenue,<@562040568692342814>,https://www.roblox.com/users/7031123812/profile,0,TRUE,,,,
,Missing,not found,,Dan_Baiaxiaohao,<@1279688269822431261>,https://www.roblox.com/users/3506698335/profile,2,TRUE,,,,
,Missing,not found,,DEVYTRC110,<@1128264074652827738>,https://www.roblox.com/users/4464869072/profile,0,TRUE,,,,
,Missing,not found,,demonhazbin1933,<@889868789976535051>,https://www.roblox.com/users/2206908034/profile,0,TRUE,,,,
,Missing,not found,,danial1492,<@833155966438342716>,https://www.roblox.com/users/863986376/profile,2,TRUE,,,,
,Missing,not found,,rip1678v2,<@1251135676913553469>,https://www.roblox.com/users/2999051540/profile,0,TRUE,,,,
,Missing,not found,,modgens_sonic,<@1131031978079162459>,https://www.roblox.com/users/7195496253/profile,0,TRUE,,,,
,Missing,not found,,KINGBaB17,<@1295806433425625193>,https://www.roblox.com/users/1514381739/profile,0,TRUE,,,,
,Missing,not found,,x114xx,<@1175158530999861403>,https://www.roblox.com/users/5190904399/profile,0,TRUE,,,,
,Missing,not found,,BlazingFir3_Yt,<@823743675393638412>,https://www.roblox.com/users/2399436112/profile,2,TRUE,,,,
,Missing,not found,,dead_012,<@839946779712684122>,https://www.roblox.com/users/579935158/profile,2,TRUE,,,,
,Missing,not found,,balo_fr,<@1206289333242437633>,https://www.roblox.com/users/4170165058/profile,0,TRUE,,,,
,Missing,not found,,GreenMadrid,<@1261969300034687016>,https://www.roblox.com/users/7510956932/profile,0,TRUE,,,,
,Missing,not found,,JaroImperatus,<@764451918893547550>,https://www.roblox.com/users/1476186910/profile,0,TRUE,,,,
,Missing,not found,,Drissow,<@1306630580829425756>,https://www.roblox.com/users/7279714682/profile,0,TRUE,,,,
,Missing,not found,,lord_destroyermoon,<@1194323437473235096>,https://www.roblox.com/users/1588551963/profile,0,TRUE,,,,
,Missing,not found,,Airplanelol09,<@1274713755036422227>,https://www.roblox.com/users/2688033537/profile,0,TRUE,,,,
,Missing,not found,,HoseaKenan2,<@1219964931005485120>,https://www.roblox.com/users/5691456139/profile,0,TRUE,,,,
,Missing,not found,,Hunterisrealfrfrfrfr,<@1120200852192383078>,https://www.roblox.com/users/7337554078/profile,0,TRUE,,,,
,Missing,not found,,12kz3us,<@1271659288846405675>,https://www.roblox.com/users/1130100404/profile,0,TRUE,,,,
,Missing,not found,,kontonpontin,<@1003410516103929946>,https://www.roblox.com/users/4576117265/profile,0,TRUE,,,,
,Missing,not found,,Saksi374,<@1322794952979382322>,https://www.roblox.com/users/5674600602/profile,0,TRUE,,,,
,Missing,not found,,modens_sonic,<@1276038916692246547>,,0,TRUE,,,,
,Missing,not found,,Steel_commander48,<@1121826405630623775>,https://www.roblox.com/users/3978512260/profile,0,TRUE,,,,
,Missing,not found,,AccessibleNecak,<@314113589084422158>,,0,TRUE,,,,
,Missing,not found,,ningyanbuyv,<@1325398577656102964>,,0,TRUE,,,,
,Missing,not found,,usarmy08,<@699297941256405013>,,2,TRUE,,,,
,Missing,not found,,Zeri_Two2,<@904892799432945715>,,0,TRUE,,,,
,Missing,not found,,LOVELMX_9,<@1150429872003489792>,,0,TRUE,,,,
,Missing,not found,,EdgarAllanFaustino12,<@1037647574078849036>,,0,TRUE,,,,
,Missing,not found,,ioue_altlol,<@1263515500839833713>,,0,TRUE,,,,
,Missing,not found,,Thechicken_player,<@885360367398711336>,,0,TRUE,,,,
,Missing,not found,,borghand96,<@321225914375471104>,,0,TRUE,,,,
,Missing,not found,,among9111aza,<@862598783816564786>,,0,TRUE,,,,
,Missing,not found,,gffv66666,<@1188223470102917163>,,0,TRUE,,,,
,Missing,not found,,S0L0L0M,<@750434729764847707>,https://www.roblox.com/users/6200588261/profile,4,TRUE,,,,
,Missing,not found,,GetNOOB_Sis,<@774513093437816892>,,4,TRUE,,,,
,Missing,not found,,perolvince123,<@1338412776074510347>,,0,TRUE,,,,
,Missing,not found,,1501sttrooper,<@1040418645609808023>,,0,TRUE,,,,
,Missing,not found,,Kingdhdman,<@1122791369119895563>,https://www.roblox.com/users/3743257819/profile,2,TRUE,,,,
,Missing,not found,,amogus_3672937,<@1058302317092413461>,,0,TRUE,,,,
,Missing,not found,,7012pan,<@746270722732589057>,https://www.roblox.com/users/1248251299/profile,2,TRUE,,,,
,Missing,not found,,TheExcellentBananas,<@702487105804173392>,,0,TRUE,,,,
,Missing,not found,,LTADDK,<@1271292719423291467>,,0,TRUE,,,,
,Missing,not found,,gabigol11ss,<@1367924111178727645>,,0,TRUE,,,,
,Missing,not found,,myaltaccoun141,<@1288007509046460463>,,0,TRUE,,,,
,Missing,not found,,OblivionFry,<@1297182508114247742>,,0,TRUE,,,,
,Missing,not found,,omagh_2015,<@1218658419523981342>,https://www.roblox.com/users/1697325378/profile,0,TRUE,,,,
,Missing,not found,,swaggerdude229,<@894477254300688484>,,0,TRUE,,,,
,Missing,not found,,burimesh,<@887769001063759943>,,0,TRUE,,,,
,Missing,not found,,trono299,<@1124150614528643122>,,0,TRUE,,,,
,Missing,not found,,My_Respecc,<@1025661698025193522>,,0,TRUE,,,,
,Missing,not found,,Gzz_kert,<@1277567481728471073>,,0,TRUE,,,,
,Missing,not found,,iSuperKinni,<@846757120657588284>,,0,TRUE,,,,
,Missing,not found,,ww2sigmahehe,<@1281525910524137568>,,0,TRUE,,,,
,Missing,not found,,MRKAY1010,<@1224586730389110936>,,0,TRUE,,,,
,Missing,not found,,24cx24,<@1283982197677621303>,,0,TRUE,,,,
,Missing,not found,,pudit3200,<@1160562945055526932>,,0,TRUE,,,,
,Missing,not found,,jayjay8423,<@874080845441400852>,https://www.roblox.com/users/671874384/profile,0,TRUE,,,,
,Missing,not found,,catchattacker,<@1310508052457328650>,,0,TRUE,,,,
,Missing,not found,,jamesedsad,<@679995399158628429>,,0,TRUE,,,,
,Missing,not found,,MaskedGuuy,<@1124551603500892301>,,0,TRUE,,,,
,Missing,not found,,booch_iiiii,<@1310452468873957428>,,0,TRUE,,,,
,Missing,not found,,raditya1202,<@1314967847306268786>,,0,TRUE,,,,
,Missing,not found,,TheBogdoner,<@1097881380714721461>,,0,TRUE,,,,
,Missing,not found,,8ry9ryry,<@874211951306227713>,,0,TRUE,,,,
,Missing,not found,,KingJeff_Llama,<@1192557544095350844>,,1,TRUE,,,,
,Missing,not found,,iixxshadowlegend,<@787720908508626954>,,0,TRUE,,,,
,Missing,not found,,Ulkoomaalainen,<@1346514966315925548>,,7,TRUE,,,,
,Missing,not found,,Heavydudey123,<@714519428150198283>,,3,TRUE,,,,
,Missing,not found,,rodadet1024s,<@934096870073057360<,,0,TRUE,,,,
,Missing,not found,,reinharthardisan,<@780962198926524448>,,0,TRUE,,,,
,Missing,not found,,Rip_Sadifu,<@1160196019687010364>,,0,TRUE,,,,
,Missing,not found,,BlatantSmurfAccount,<@804881477539463169>,,0,TRUE,,,,
,Missing,not found,,Mongolianplayz2011,<@1054586202906447942>,,2,TRUE,,,,
,Missing,not found,,ethanhaozhe1,<@903535013444857856>,https://www.roblox.com/users/1529336528/profile,3,TRUE,,,,
,Missing,not found,,MHARCARZ,<@1274612127356682305>,,3,TRUE,,,,
,Missing,not found,,N00bie_2021,<@1354310405018882072>,,0,TRUE,,,,
,Missing,not found,,Manvedra960,<@1153668988044320788>,,0,TRUE,,,,
,Missing,not found,,ami122082,<@1338675313869197334>,,2,TRUE,,,,
,Missing,not found,,alt_accountroghoul26,<@1222835814841454693>,,0,TRUE,,,,
,Missing,not found,,JosueHerreraGT,<@723993994991894548>,,0,TRUE,,,,
,Missing,not found,,spaicelforces,<@1248287003787919375>,,0,TRUE,,,,
,Missing,not found,,MrPotygnist,<@957550979912462346>,,0,TRUE,,,,
,Missing,not found,,FlameCZX,<@892473882064351263>,,0,TRUE,,,,
,Missing,not found,,HARVEYRNG8,<@1315680403113246723>,https://www.roblox.com/users/7220546054/profile,3,TRUE,,,,
,Missing,not found,,Dolbaeb12337483,<@1135094028707311647>,,2,TRUE,,,,
,Missing,not found,,K314Gamer3,<@865550386039488542>,,2,TRUE,,,,
,Missing,not found,,OreoZ_0401,<@244416971611963392>,,0,TRUE,,,,
,Missing,not found,,ManInCaps,<@245101906161041410>,,2,TRUE,,,,
,Missing,not found,,angelou20,<@944522855423561728>,,2,TRUE,,,,
,Missing,not found,,gtay1234ivan,<@968689889111593040>,,0,TRUE,,,,
,Missing,not found,,Burlycurley33,<@662057919424102406>,,2,TRUE,,,,
,Missing,not found,,ghjjhffhjreqj,<@1311287419395506176>,,2,TRUE,,,,
,Missing,not found,,nak3357,<@765410639023308800>,,2,TRUE,,,,
,Missing,not found,,strider12341,<@1021393422675890306>,,2,TRUE,,,,
,Missing,not found,,HarArkhichen,<@1152719861752012832>,,1,TRUE,,,,
,Missing,not found,,toreuoaa,<@998825382558048278>,,0,TRUE,,,,
,Missing,not found,,ChicheerRFL,<@462256888508055552>,,3,TRUE,,,,
,Missing,not found,,raka6792,<@1167769396488437803>,,2,TRUE,,,,
,Missing,not found,,Francis_Guimbatan,<@1266906815220682885>,,3,TRUE,,,,
,Missing,not found,,trigger105unit201,<@958005755779354624>,,0,TRUE,,,,
,Missing,not found,,ahnafbivor,<@469095134043176970>,,2,TRUE,,,,
,Missing,not found,,cat114514191980,<@1342724119904522280.,,0,TRUE,,,,
,Missing,not found,,Ratinvtus,<@1205470690103267359>,,0,TRUE,,,,
,Missing,not found,,BITOY0605,<@823492603788918844>,,2,TRUE,,,,
,Missing,not found,,Ren01540,<@633975562788012033>,,0,TRUE,,,,
,Missing,not found,,JimJamthe_pro,<@731052348000043079>,,2,TRUE,,,,
,Missing,not found,,aradthepersian,<@1185159697293115472>,,0,TRUE,,,,
,Missing,not found,,Amp852,<@817976741997314119>,,2,TRUE,,,,
,Missing,not found,,Decoya_chan,<@724073712172924930>,,2,TRUE,,,,
,Missing,not found,,chitudeptrainhat,<@1344626533452480592>,,0,TRUE,,,,
,Missing,not found,,ShahofShahs,<@1249519181448347650>,https://www.roblox.com/users/3973166501/profile,0,TRUE,,,,
,Missing,not found,,Liampalabrica,<@951414927271280710>,,0,TRUE,,,,
,Missing,not found,,qwe1145415,<@1376877041621663774>,,0,TRUE,,,,
,Missing,not found,,fangamer48,<@852153102878244875>,,0,TRUE,,,,
,Missing,not found,,Mrtriple2doubl,<@1326539373755367464>,,0,TRUE,,,,
,Missing,not found,,ProtectionUnit_427,<@1343123371608637510>,,1,TRUE,,,,
,Missing,not found,,TNTGuy1987,<@671123777941405707>,,0,TRUE,,,,
,Missing,not found,,prsussia_9,<@1307853587698679814>,https://www.roblox.com/users/7625757680/profile,1,TRUE,,,,
,Missing,not found,,superdogtylerfan72,<@1135403930180915210>,,0,TRUE,,,,
,Missing,not found,,Astro_Jc,<@1016586026862510120>,,0,TRUE,,,,
,Missing,not found,,jjkksssmnv,<@1371315263991189646>,,0,TRUE,,,,
,Missing,not found,,zxmmnssyddh,<@1095618906451882024>,,0,TRUE,,,,
,Missing,not found,,AZdagoclouis747,<@1180131788216082453>,,2,TRUE,,,,
,Missing,not found,,CasualSpacey,<@1275823144556429313>,,0,TRUE,,,,
,Missing,not found,,Nattsume123,<@821312465530781708>,,0,TRUE,,,,
,Missing,not found,,greatpro345df,<@992003960456101948>,,0,TRUE,,,,
,Missing,not found,,Legendsneverdie4152,<@926453027093745686>,,0,TRUE,,,,
,Missing,not found,,dustcantshoot2,<@1212725380541317153>,,0,TRUE,,,,
,Missing,not found,,autorrrr,<@550845173127577630>,,0,TRUE,,,,
,Missing,not found,,Itoshi_Rin3,<@1279464240490610792>,,0,TRUE,,,,
,Missing,not found,,MrTalibaaz,<@807962800218570772>,,0,TRUE,,,,
,Missing,not found,,onlyayaniscool,<@1331174353177677916>,,0,TRUE,,,,
,Missing,not found,,Ewovjs1,<@1168846454601830461>,,0,TRUE,,,,
,Missing,not found,,bajablastered,<@730691955473907753>,,0,TRUE,,,,
,Missing,not found,,ur_normalww2soldier,<@1324938841026723952>,,0,TRUE,,,,
,Missing,not found,,friance1secret0ult,<@1376210419286413414>,,0,TRUE,,,,
,Missing,not found,,Gazer12346,<@763735256737775629>,,0,TRUE,,,,
,Missing,not found,,Rylan11_mat,<@1321397003275735082>,,0,TRUE,,,,
,Missing,not found,,SMG0840,<@1103634514632261712>,,0,TRUE,,,,
,Missing,not found,,shoveduppinAs,<@1041333334409740348>,,0,TRUE,,,,
,Missing,not found,,diej54,<@1130802331626258512>,,0,TRUE,,,,
,Missing,not found,,xylaz_1,<@1324985998144176181>,,0,TRUE,,,,
,Missing,not found,,NaturalDude4,<@1356261207882858577>,,0,TRUE,,,,
,Missing,not found,,Ice_Aragon,<@1060753909565632512>,,0,TRUE,,,,
,Missing,not found,,on_firegaming908,<@725647628489982032>,,0,TRUE,,,,
,Missing,not found,,mut2497,<@1273636077395247146>,,0,TRUE,,,,
,Missing,not found,,VexorX22,<@1197601052090978428>,,0,TRUE,,,,
,Missing,not found,,Mang_Ludwig,<@777501363261014067>,,2,TRUE,,,,
,Missing,not found,,Msipower132,<@729237945784991775>,,0,TRUE,,,,
,Missing,not found,,The_Pranataz,<@1378029485840011395>,,0,TRUE,,,,
,Missing,not found,,songdaithn,<@1104350409591627916>,,3,TRUE,,,,
,Missing,not found,,Definetely_notSus,<@691475353281101846>,,0,TRUE,,,,
,Missing,not found,,Solobolo2P,<@708697691252719776>,,2,TRUE,,,,
,Missing,not found,,alvin_ferdinadn,<@1114090570198036510>,,2,TRUE,,,,
,Missing,not found,,Tanggest,<@955894583236104202>,,2,TRUE,,,,
,Missing,not found,,Playernoob9487,<@953225321866481685>,,3,TRUE,,,,
,Missing,not found,,narahiko123,<@1340693842906579066>,,2,TRUE,,,,
,Missing,not found,,Fight_Strategy,<@1312577909029863466>,,0,TRUE,,,,
,Missing,not found,,CelestiaIBlue,<@1389065593294028840>,,0,TRUE,,,,
,Missing,not found,,Cooperjames1004,<@306613182569512961>,https://www.roblox.com/users/93802712/profile,2,TRUE,,,,
,Missing,not found,,MiniLegoMan435,<@1061945966057488425>,,0,TRUE,,,,
,Missing,not found,,jcps4107,<@964769425540661298>,,0,TRUE,,,,
,Missing,not found,,ert027632,<@1158587739873235045>,,0,TRUE,,,,
,Missing,not found,,deglinon,<@938039647798439936>,,0,TRUE,,,,
,Missing,not found,,bleedingninja117,<@1285190856579481625>,,0,TRUE,,,,
,Missing,not found,,Lowissu,<@472382964182024192>,,0,TRUE,,,,
,Missing,not found,,Panzer_Kommandant2,<@1383598047086252203>,,0,TRUE,,,,
,Missing,not found,,MARSHALUgye,<@764212185572311100>,,0,TRUE,,,,
,Missing,not found,,Tactical_Larper,<@1383598047086252203>,,0,TRUE,,,,
,Missing,not found,,HihIMYNAME,<@695916690130731050>,,0,TRUE,,,,
,Missing,not found,,Jedi87438,<@1394218015436046379>,,0,TRUE,,,,
,Missing,not found,,blackmellow321,<@1202434744248438819>,,0,TRUE,,,,
,Missing,not found,,artur_jujubinha,<@1254221084396355738>,,0,TRUE,,,,
,Missing,not found,,sreshthangsu2019,<@971024663788527716>,,0,TRUE,,,,
,Missing,not found,,Chapeeka,<@1221557115261554920>,,1,TRUE,,,,
,Missing,not found,,HighLord_Mattin,<@704982006227795990>,,0,TRUE,,,,
,Missing,not found,,reparity,<@583188501261189130>,,0,TRUE,,,,
,Missing,not found,,Sigmaxboyxox,<@716928806933495848>,,0,TRUE,,,,
,Missing,not found,,celso90919e,<@1170717349188468786>,,0,TRUE,,,,
,Missing,not found,,Frantic_Gold,<@1253090039739711640>,https://www.roblox.com/users/6172859363/profile,0,TRUE,,,,
,Missing,not found,,vershechak123,<@1272841717208322058>,,0,TRUE,,,,
,Missing,not found,,janrexg1234,<@1340999409554685982>,,0,TRUE,,,,
,Missing,not found,,toidrawer012,<@888244973051445269>,,0,TRUE,,,,
,Missing,not found,,ROBLOX_KRALI21,<@1383824732851273888>,,0,TRUE,,,,
,Missing,not found,,Phuveos,<@1217949430834266132>,,0,TRUE,,,,
,Missing,not found,,butterfingertogood2,<@1226699620206514208>,,0,TRUE,,,,
,Missing,not found,,MeBeluga2,<@1136174074800906271>,,0,TRUE,,,,
,Missing,not found,,spacexpuppy,<@782440452657512461>,,0,TRUE,,,,
,Missing,not found,,4kingkranokvoiii,<@1331612058562859050>,,0,TRUE,,,,
,Missing,not found,,culcugiyo22,<@1006320302910873600>,,1,TRUE,,,,
,Missing,not found,,Dam3257853,<@1057173641072230420>,,0,TRUE,,,,
,Missing,not found,,golbsa,<@1145018679604551893>,,0,TRUE,,,,
,Missing,not found,,Enzyzetiz,<@1393957504836309186>,,0,TRUE,,,,
,Missing,not found,,123456pizzath,<@1384568327757758504>,,0,TRUE,,,,
,Missing,not found,,Flurrysnowfall0505,<@754688341034795050>,,0,TRUE,,,,
,Missing,not found,,Valkofar,<@331997722305626122>,,0,TRUE,,,,
,Missing,not found,,anhtho214,<@1352861432789729383>,,0,TRUE,,,,
,Missing,not found,,Astronutzzz,<@819569325920354315>,,0,TRUE,,,,
,Missing,not found,,urafoot_valorant,<@1168169622802018445>,,0,TRUE,,,,
,Missing,not found,,helpmeineedafrien,<@1205487376105734184>,,0,TRUE,,,,
,Missing,not found,,gufcthf_5,<@1306632558615990358>,,0,TRUE,,,,
,Missing,not found,,SpyroThe90th,<@878469086714146856>,,3,TRUE,,,,
,Missing,not found,,achiboyboy2,<@1064096313794367630>,,0,TRUE,,,,
,Missing,not found,,CaptainVieri,<@1264078609585405973>,,0,TRUE,,,,
,Missing,not found,,unpilll,<@1165535248193441835>,,1,TRUE,,,,
,Missing,not found,,Epictrainz123,<@1145299628481335327>,,0,TRUE,,,,
,Missing,not found,,1nxrt2,<@1022101043183620107>,,1,TRUE,,,,
,Missing,not found,,copral_hafi,<@1362386834721607771>,,1,TRUE,,,,
,Missing,not found,,DzakhwanAnjing,<@1411501443042771088>,,1,TRUE,,,,
,Missing,not found,,d_eathtovianRAI,<@1128711693959188531>,,0,TRUE,,,,
,Missing,not found,,rkgamesplay,<@403197310625906698>,,0,TRUE,,,,
,Missing,not found,,HomixideAllex,<@1325071818989633536>,,0,TRUE,,,,
,Missing,not found,,tilinelproo666,<@1066128265900724315>,,0,TRUE,,,,
,Missing,not found,,the_cowboygg,<@1180520938777886776>,,2,TRUE,,,,
,Missing,not found,,W0D33,<@1342872110338674790>,https://www.roblox.com/users/3060941826/profile,0,TRUE,,,,
,Missing,not found,,leomegara0,<@1047832840814985216>,,0,TRUE,,,,
,Missing,not found,,sokvello12,<@1149996872858091530>,,2,TRUE,,,,
,Missing,not found,,akosievdo1010,<@1343867843447619665>,,1,TRUE,,,,
,Missing,not found,,Germany_ww7,<@1408730349458034738>,,0,TRUE,,,,
,Missing,not found,,Mangal_Pandey15,<@1267049022313467966>,,0,TRUE,,,,
,Missing,not found,,jeeyan126,<@1416498719909478410>,https://www.roblox.com/users/10444832317/profile,0,TRUE,,,,
,Missing,not found,,Ugelinst,<@1094980066032758812>,,0,TRUE,,,,
,Missing,not found,,piyayak123,<@1304797671172735028>,,0,TRUE,,,,
,Missing,not found,,ST_BallerThe3rd,<@1368939158797684810>,,0,TRUE,,,,
,Missing,not found,,Baconboy665430,<@1331236394835640414>,,1,TRUE,,,,
,Missing,not found,,amonglanaenae27,<@863648124988162068>,,1,TRUE,,,,
,Missing,not found,,EREVAN079,<@1034192945177432147>,,0,TRUE,,,,
,Missing,not found,,abcd52019,<@822840103213727765>,,0,TRUE,,,,
,Missing,not found,,Doremon0381,<@1342689506800828501>,,1,TRUE,,,,
,Missing,not found,,mifen_114514,<@1231431710634410025>,,0,TRUE,,,,
,Missing,not found,,DestructeurNapoleon,<@1221115681378930801>,,0,TRUE,,,,
,Missing,not found,,Mrtriple2double,<@1326539373755367464>,,0,TRUE,,,,
,Missing,not found,,Frost255,<@610822132972126218>,,0,TRUE,,,,
,Missing,not found,,hsjj857,<@1215854827070820473>,,2,TRUE,,,,
,Missing,not found,,kdz260310,<@1417445662643191849>,,0,TRUE,,,,
,Missing,not found,,THEfLaShbarrr,<@930991953435320360>,,0,TRUE,,,,
,Missing,not found,,Tammam977,<@1411001508522098839>,,3,TRUE,,,,
,Missing,not found,,yoohio_123345,<@1170330799170658376>,,1,TRUE,,,,
,Missing,not found,,dreamfdy,<@1311654311536889909>,,1,TRUE,,,,
,Missing,not found,,ausdfiuwgef,<@1268120257294368825>,,3,TRUE,,,,
,Missing,not found,,MZYDDZB,<@1336620840468615198>,,0,TRUE,,,,
,Missing,not found,,hanzjed8filipino,<@1107661515324129353>,,3,TRUE,,,,
,Missing,not found,,Luqman_indo,<@1243513832324993041>,https://www.roblox.com/users/2816614040/profile,0,TRUE,,,,
,Missing,not found,,DHIPLKO,<@1072873925161263136>,,0,TRUE,,,,
,Missing,not found,,tyuddp_zx,<@1214513064003510312>,https://www.roblox.com/users/3317110803/profile,0,TRUE,,,,
,Missing,not found,,ppppppppl86,<@1409869192877969408>,,2,TRUE,,,,
,Missing,not found,,trishaan_007,<@1367795840751767617>,,0,TRUE,,,,
,Missing,not found,,bloxfritsnoob11,<@1347425736465580068>,,0,TRUE,,,,
,Missing,not found,,Shiotsu_Jiryou,<@1044572415667208252>,,0,TRUE,,,,
,Missing,not found,,shadowNoobyt2005,<@909109665378496554>,,1,TRUE,,,,
,Missing,not found,,BOBBYLARSEN24,<@1278392590311489676>,,0,TRUE,,,,
,Missing,not found,,frutettooth098706,<@1204911057282277379>,https://www.roblox.com/users/1942865507/profile,0,TRUE,,,,
,Missing,not found,,lyamarryl63,<@1208330593973178429>,,0,TRUE,,,,
,Missing,not found,,Officer_099,<@1314738409503199273>,,0,TRUE,,,,
,Missing,not found,,ilovekhmerrepublic,<@951342174111404062>,https://www.roblox.com/users/4788789330/profile,0,TRUE,,,,
,Missing,not found,,Duchuy240,<@957899383062548540>,,0,TRUE,,,,
,Missing,not found,,iamursenseinow,<@1097340792823095326>,,0,TRUE,,,,
,Missing,not found,,sorrymrcool000001,<@1056610828213813368>,,0,TRUE,,,,
,Missing,not found,,T_psss,<@732549473959411763>,https://www.roblox.com/users/2623679164/profile,0,TRUE,,,,
,Missing,not found,,NThuyLinh2k4,<@1281895495886831708>,,0,TRUE,,,,
,Missing,not found,,pizza_time2345,<@781493940783939604>,,0,TRUE,,,,
,Missing,not found,,tamplier115,<@649177846710927361>,,0,TRUE,,,,
,Missing,not found,,Watr0529,<@500866522592575490>,https://www.roblox.com/users/8381492194/profile,0,TRUE,,,,
,Missing,not found,,Holy_cow187,<@826846983334527028>,,0,TRUE,,,,
,Missing,not found,,sokwillyb,<@757621062102941737>,,3,TRUE,,,,
,Missing,not found,,JeremiahMPG7349,<@1014740846500909076>,,0,TRUE,,,,
,Missing,not found,,khhvjehd,<@1212432518096355388>,,0,TRUE,,,,
,Missing,not found,,SUPERCAT14739821,<@1106801633641369620>,,1,TRUE,,,,
,Missing,not found,,sn27_044,<@1286283099495469087>,,0,TRUE,,,,
,Missing,not found,,jjack5646,<@1329423158725447814>,,3,TRUE,,,,
,Missing,not found,,Jimicioo,<@691447780799152191>,https://www.roblox.com/users/2431976344/profile,0,TRUE,,,,
,Missing,not found,,foizver,<@462660399074902017>,,0,TRUE,,,,
,Missing,not found,,team0620,<@1069637045628186756>,,3,TRUE,,,,
,Missing,not found,,Deltax_Zully1955,<@812499886012235806>,https://www.roblox.com/users/8333568325/profile,0,TRUE,,,,
,Missing,not found,,ZFGZFG4,<@1370325949408743485>,,1,TRUE,,,,
,Missing,not found,,bsjwjwusw,<@1175385842370486304>,,1,TRUE,,,,
,Missing,not found,,AsheTheCatLover,<@1221093388531662989>,,0,TRUE,,,,
,Missing,not found,,Danicek,<@1330101381641801769>,,0,TRUE,,,,
,Missing,not found,,Deltax_Aisy1955,<@812499886012235806>,,1,TRUE,,,,
,Missing,not found,,Nugg202,<@1241254930686279722>,,1,TRUE,,,,
,Missing,not found,,ERYER596,<@1384104885326446606>,,0,TRUE,,,,
,Missing,not found,,Hp10117,<@1157982145143390258>,,1,TRUE,,,,
,Missing,not found,,ksvdendentuse08,<@784620576412270612>,,1,TRUE,,,,
,Missing,not found,,hadytre2,<@1419957293000294410>,,1,TRUE,,,,
,Missing,not found,,big1432122,<@1412757999721644072>,https://www.roblox.com/users/3068420533/profile,3,TRUE,,,,
,Missing,not found,,So2XXXT,<@1348531375749464128>,https://www.roblox.com/users/4280573000/profile,0,TRUE,,,,
,Missing,not found,,midshipman_a,<@1417878665013887027>,https://www.roblox.com/users/8998408269/profile,0,TRUE,,,,
,Missing,not found,,Gulag04,<@737963296573096026>,https://www.roblox.com/users/1814913342/profile,0,TRUE,,,,
,Missing,not found,,fNickEvan,<@935388474746478695>,https://www.roblox.com/users/1354385617/profile,0,TRUE,,,,
,Missing,not found,,Slapbattelsman,<@1380996826198446253>,https://www.roblox.com/users/3259706995/profile,0,TRUE,,,,
,Missing,not found,,TrisFris2021,<@1068132092136935556>,https://www.roblox.com/users/2965313074/profile,1,TRUE,,,,
,Missing,not found,,what2000981,<@1400092945872588903>,https://www.roblox.com/users/9068752892/profile,0,TRUE,,,,
,Missing,not found,,pukfuo,<@1341094376687931463>,https://www.roblox.com/users/4314130540/profile,1,TRUE,,,,
,Missing,not found,,ineedhelp135,<@957211714116517948>,https://www.roblox.com/users/863786454/profile,0,TRUE,,,,
,Missing,not found,,lolkean8,<@1342316984741658644>,https://www.roblox.com/users/6079488474/profile,4,TRUE,,,,
,Missing,not found,,DFASFAWDSF,<@1267424192744263710>,https://www.roblox.com/users/2957389520/profile,3,TRUE,,,,
,Missing,not found,,swnbnbznb21,<@1135556477248098385>,https://www.roblox.com/users/3344685041/profile,0,TRUE,,,,
,Missing,not found,,Ibwnbnbn,<@1135556477248098385>,,0,TRUE,,,,
,Missing,not found,,QwQ_laozhen,<@1422633742127599796>,https://www.roblox.com/users/4772954616/profile,3,TRUE,,,,
,Missing,not found,,zbcnmb,<@1335212400093302858>,https://www.roblox.com/users/4140855113/profile,3,TRUE,,,,
,Missing,not found,,HunterVuIpes,<@1423127780589043874>,https://www.roblox.com/users/8302962080/profile,1,TRUE,,,,
,Missing,not found,,axzhguo,<@1298985251439378456>,https://www.roblox.com/users/7221640221/profile,1,TRUE,,,,
,Missing,not found,,197804H,<@1385861649709142126>,https://www.roblox.com/users/7158219366/profile,1,TRUE,,,,
,Missing,not found,,xuminhao11,<@1423242463996284952>,https://www.roblox.com/users/7618803131/profile,2,TRUE,,,,
,Missing,not found,,sksnnm6,<@1372867718973358162>,https://www.roblox.com/users/5547453899/profile,0,TRUE,,,,
,Missing,not found,,ryan063066,<@1043155952217641030>,https://www.roblox.com/users/2668525176/profile,1,TRUE,,,,
,Missing,not found,,HeroTroyRoblox,<@878573377294577744>,https://www.roblox.com/users/1453786919/profile,2,TRUE,,,,
,Missing,not found,,lbwnbnbznb21,<@1135556477248098385>,https://www.roblox.com/users/2796355386/profile,2,TRUE,,,,
,Missing,not found,,topraksercio,<@1113004831376932937>,https://www.roblox.com/users/3591136847/profile,0,TRUE,,,,
,Missing,not found,,L0ne68,<@1352777371899527413>,https://www.roblox.com/users/5772917506/profile,4,TRUE,,,,
,Missing,not found,,StuSpectular,<@955004885785530398>,https://www.roblox.com/users/3722114204/profile,1,TRUE,,,,
,Missing,not found,,supmagiatethanos,<@1177131505202495520>,https://www.roblox.com/users/5088088266/profile,3,TRUE,,,,
,Missing,not found,,luke114514,<@1096773127888982036>,https://www.roblox.com/users/3470201992/profile,0,TRUE,,,,
,Missing,not found,,ZKpozhikeOWO,<@1140876861195427933>,https://www.roblox.com/users/4144502839/profile,0,TRUE,,,,
,Missing,not found,,Saya_frosty,<@1380507476520210522>,https://www.roblox.com/users/2866185216/profile,0,TRUE,,,,
,Missing,not found,,Nonguht,<@1342900726996930600>,https://www.roblox.com/users/3205869233/profile,3,TRUE,,,,
,Missing,not found,,dragonbailey28,<@536802153776414732>,https://www.roblox.com/users/821583384/profile,1,TRUE,,,,
,Missing,not found,,123456xcv0,<@1273195199052644362>,https://www.roblox.com/users/5616871211/profile,0,TRUE,,,,
,Missing,not found,,leesm110354,<@908751069989990441>,https://www.roblox.com/users/3052060395/profile,2,TRUE,,,,
,Missing,not found,,eymenpro064a,<@1408819681896431727>,https://www.roblox.com/users/2446638519/profile,0,TRUE,,,,
,Missing,not found,,volt_TheOddOne,<@763202427805368341>,https://www.roblox.com/users/1270995728/profile,0,TRUE,,,,
,Missing,not found,,Josephisthe_legend,<@1019975322478854154>,https://www.roblox.com/users/3735969924/profile,0,TRUE,,,,
,Missing,not found,,Shark_gaming2236,<@1347119170541715507>,https://www.roblox.com/users/4454326978/profile,0,TRUE,,,,
,Missing,not found,,DeGroteKerel,<@1332338734883930122>,https://www.roblox.com/users/7914320212/profile,0,TRUE,,,,
,Missing,not found,,jeff290724,<@1007184674503802971>,https://www.roblox.com/users/3618680950/profile,1,TRUE,,,,
,Missing,not found,,Longghp9,<@1297513918834544673>,https://www.roblox.com/users/8130327767/profile,2,TRUE,,,,
,Missing,not found,,MikesGood45,<@1289158651851837471>,https://www.roblox.com/users/6096551411/profile,1,TRUE,,,,
,Missing,not found,,fischcd,<@1210669670617710614>,https://www.roblox.com/users/1428940181/profile,1,TRUE,,,,
,Missing,not found,,monday_663,<@1207655961263607828>,https://www.roblox.com/users/3935867643/profile,4,TRUE,,,,
,Missing,not found,,Ryokish_iialt,<@1293154459970572288>,https://www.roblox.com/users/7872313789/profile,0,TRUE,,,,
,Missing,not found,,Elvispage17,<@1426978684337913916>,https://www.roblox.com/users/3217027390/profile,4,TRUE,,,,
,Missing,not found,,ilikemydad58,<@1052890473901068298>,https://www.roblox.com/users/7368888822/profile,1,TRUE,,,,
,Missing,not found,,DarkFall_sunkenArrow,<@1310600177119400040>,https://www.roblox.com/users/6036585165/profile,4,TRUE,,,,
,Missing,not found,,triptobeijing,<@877211147399479306>,https://www.roblox.com/users/7252699060/profile,1,TRUE,,,,
,Missing,not found,,Sheikh_SquidwardYT,<@1085932946185277440>,https://www.roblox.com/users/4744583622/profile,0,TRUE,,,,
,Missing,not found,,killeruser_11,<@711187725054771282>,https://www.roblox.com/users/1461670966/profile,1,TRUE,,,,
,Missing,not found,,hazashshhs842,<@1023504353098739722>,https://www.roblox.com/users/2719659203/profile,1,TRUE,,,,
,Missing,not found,,The_oldnewbie,<@1317707804634644532>,https://www.roblox.com/users/5570264621/profile,1,TRUE,,,,
,Missing,not found,,beefbroth18,<@1351477294027509810>,https://www.roblox.com/users/8159942865/profile,0,TRUE,,,,
,Missing,not found,,bludwithnoanxiety,<@1428973786098569267>,,0,TRUE,,,,
,Missing,not found,,esselunga757,<@1202698983416401980>,https://www.roblox.com/users/1661805833/profile,1,TRUE,,,,
,Missing,not found,,nuen999,<@1408046346291642489>,https://www.roblox.com/users/1218212522/profile,2,FALSE,,,,
,Missing,not found,,Bryant_wky,<@1386543622605901885>,https://www.roblox.com/users/2659187410/profile,0,TRUE,,,,
,Missing,not found,,xypherion_1,<@1360963604333072436>,https://www.roblox.com/users/7805121200/profile,3,TRUE,,,,
,Missing,not found,,Vanilla3865,<@1429064958376939564>,https://www.roblox.com/users/3372875772/profile,1,TRUE,,,,
,Missing,not found,,John_omar159,<@1000027815086932089>,https://www.roblox.com/users/1880323178/profile,1,TRUE,,,,
,Missing,not found,,ssjznziem,<@1429088400585265154>,https://www.roblox.com/users/4638624965/profile,0,TRUE,,,,
,Missing,not found,,IDK_60893,<@1413872574135533730>,https://www.roblox.com/users/7310261777/profile,3,TRUE,,,,
,Missing,not found,,rythimical,<@1380056518321504267>,https://www.roblox.com/users/7002219076/profile,2,TRUE,,,,
,Missing,not found,,nolan_ggez,<@1315914990284439583>,https://www.roblox.com/users/8967136191/profile,1,TRUE,,,,
,Missing,not found,,nolanbroken,<@1315914990284439583>,https://www.roblox.com/users/4574406983/profile,0,TRUE,,,,
,Missing,not found,,Rpbora15,<@1346990690650816555>,https://www.roblox.com/users/2882260852/profile,0,TRUE,,,,
,Missing,not found,,parrota1234,<@628954082186493974>,https://www.roblox.com/users/1851407156/profile,0,TRUE,,,,
,Missing,not found,,MitterAlpennau,<@1342139063058169978>,https://www.roblox.com/users/7853908815/profile,0,TRUE,,,,
,Missing,not found,,DJ708henry,<@1377538687490986064>,https://www.roblox.com/users/3666177014/profile,1,TRUE,,,,
,Missing,not found,,Urbiggestfan_7,<@1044166442645458997>,https://www.roblox.com/users/8885044339/profile,1,TRUE,,,,
,Missing,not found,,narotalosm,<@1111889798970478662>,https://www.roblox.com/users/3929586900/profile,1,TRUE,,,,
,Missing,not found,,ERH_32,<@772352129180237845>,https://www.roblox.com/users/3512828079/profile,1,TRUE,,,,
,Missing,not found,,Almaz5zz,<@1231547813763219509>,https://www.roblox.com/users/4229722370/profile,1,TRUE,,,,
,Missing,not found,,Bag91038,<@1432341206259732562>,https://www.roblox.com/users/9453203281/profile,4,TRUE,,,,
,Missing,not found,,Boatsfan12345_taken,<@1416301485536313364>,https://www.roblox.com/users/9473667650/profile,2,TRUE,,,,
,Missing,not found,,spaicelforces1,<@1421184942200717426>,https://www.roblox.com/users/9580319027/profile,0,TRUE,,,,
,Missing,not found,,hwnehzm5,<@1178095206172737618>,https://www.roblox.com/users/8205619627/profile,0,TRUE,,,,
,Missing,not found,,Lone_Militia,<@1121652624903643286>,https://www.roblox.com/users/4577208481/profile,1,TRUE,,,,
,Missing,not found,,akosievdo105,"<@1228295825860460547>
",https://www.roblox.com/users/4398623289/profile,12,TRUE,,,,
,Missing,not found,,isjsiehxm,<@1035088769218510878>,https://www.roblox.com/users/1786435982/profile,1,TRUE,,,,
,Missing,not found,,akosievdo1,<@1407755756664520857>,https://www.roblox.com/users/3539709806/profile,3,TRUE,,,,
,Missing,not found,,Lawrence_gwa1,<@1277202429141848125>,https://www.roblox.com/users/2027795748/profile,3,TRUE,,,,
,A1. Soldat,not found,Full Ranker,hesmoyan1234567,<@1335844332363579492>,https://www.roblox.com/users/4405042770/profile,3,TRUE,,,,
,Missing,not found,,Sherexpress,<@1312717236166852670>,https://www.roblox.com/users/4287353547/profile,2,TRUE,,,,
,Missing,not found,,yht3332,<@1432216021632028682>,https://www.roblox.com/users/7103796602/profile,1,TRUE,,,,
,Missing,not found,,Napoleon_bonapartes3,<@843379606043492372>,https://www.roblox.com/users/6188859776/profile,0,TRUE,,,,
,Missing,not found,,xSrxTe,<@1114445982529232936>,https://www.roblox.com/users/2595601492/profile,1,TRUE,,,,
,Missing,not found,,nitaerugg,<@1134860156442779709>,https://www.roblox.com/users/3948083355/profile,1,TRUE,,,,
,Missing,not found,,Duanyulow123,<@629364731752349697>,https://www.roblox.com/users/541302842/profile,2,TRUE,,,,
,Missing,not found,,Miminers_Malaysia,<@1201044772635291781>,https://www.roblox.com/users/2808169017/profile,3,TRUE,,,,
,Missing,not found,,kylewilly,<@1427624227581726772>,https://www.roblox.com/users/5494533/profile,1,TRUE,,,,
,Missing,not found,,abchihba_228,<@1348416912488530064>,https://www.roblox.com/users/2596494311/profile,1,TRUE,,,,
,Missing,not found,,mirul_aqmar23,<@1103537257727672362>,https://www.roblox.com/users/3054432631/profile,0,TRUE,,,,
,Missing,not found,,AAAcyyyanhuapifa,<@1345256564608733314>,https://www.roblox.com/users/5530538134/profile,2,TRUE,,,,
,Missing,not found,,tientaolao6, <@1137345183663525961>,https://www.roblox.com/users/7533069160/profile,0,TRUE,,,,
,Missing,not found,,Lord_Ponpondraws, <@1387362648672436314>,https://www.roblox.com/users/3221058857/profile,1,TRUE,,,,
,Missing,not found,,RaizuCemalligator, <@1265579943144849430>,https://www.roblox.com/users/4905959125/profile,1,TRUE,,,,
,Missing,not found,,ql6ab7svjdrj7s,<@1434246896540450991>,https://www.roblox.com/users/1887874462/profile,0,TRUE,,,,
,Missing,not found,,Obamath2rd1,<@1105819030239064175>,https://www.roblox.com/users/7720620381/profile,1,TRUE,,,,
,Missing,not found,,CHUBBYCHICKENSSS,<@940514999229640764>,https://www.roblox.com/users/1893868579/profile,3,TRUE,,,,
,Missing,not found,,markavaxr9,<@1379169880716087368>,https://www.roblox.com/users/2574556363/profile,1,TRUE,,,,
,Missing,not found,,ThanhProTop_1,<@1192723081249177643>,https://www.roblox.com/users/3841872789/profile,6,TRUE,,,,
,Missing,not found,,JJJBantola,<@1349313305415778376>,https://www.roblox.com/users/2462185642/profile,1,TRUE,,,,
,Missing,not found,,Bludes84,<@1221464293199839353>,https://www.roblox.com/users/7326777114/profile,1,TRUE,,,,
,Missing,not found,,zigglerstuff,<@765831234836234260>,https://www.roblox.com/users/6156437172/profile,3,TRUE,,,,
,Missing,not found,,rizkivirtual6,<@809435334223593512>,https://www.roblox.com/users/1347776914/profile,2,TRUE,,,,
,Missing,not found,,KaitoAware,<@1369955157093257276>,https://www.roblox.com/users/5414302817/profile,1,TRUE,,,,
,Missing,not found,,ghypvbr,<@1392163741289938995>,https://www.roblox.com/users/5097223508/profile,1,TRUE,,,,
,Missing,not found,,icebear20205,<@1035543051805925496>,https://www.roblox.com/users/7449987041/profile,0,TRUE,,,,
,Missing,not found,,lucasngoxuan,<@1438168480783405147>,https://www.roblox.com/users/1425819653/profile,1,TRUE,,,,
,Missing,not found,,danhbedebudu,<@1347885307428737085>,https://www.roblox.com/users/4146654356/profile,3,TRUE,,,,
,Missing,not found,,Racolini1978,<@1254661520969961589>,https://www.roblox.com/users/2839859642/profile,1,TRUE,,,,
,Missing,not found,,madmansocrazy12345,<@711139804280258572>,https://www.roblox.com/users/1449116142/profile,2,TRUE,,,,
,Missing,not found,,fictional_shade5,<@1175617702019215403>,https://www.roblox.com/users/7200096849/profile,1,TRUE,,,,
,Missing,not found,,EroXUz,<@808054339180298310>,https://www.roblox.com/users/1520153868/profile,0,TRUE,,,,
,Missing,not found,,ESNatividad,<@1358448007883919493>,https://www.roblox.com/users/1671862400/profile,1,TRUE,,,,
,Missing,not found,,swame04,<@1439466252320903228>,https://www.roblox.com/users/9872302696/profile,0,TRUE,,,,
,Missing,not found,,Mysterysped,<@624824900804149258>,https://www.roblox.com/users/2917681885/profile,1,TRUE,,,,
,Missing,not found,,veirzaza,<@805068493627981855>,https://www.roblox.com/users/780174708/profile,1,TRUE,,,,
,Missing,not found,,WDGASTER,<@1421065641783332915>,https://www.roblox.com/users/96133564/profile,0,TRUE,,,,
,Missing,not found,,MarshieBirby,<@903588864394928138>,https://www.roblox.com/users/37290/profile,0,TRUE,,,,
,Missing,not found,,NCayden27,<@965105449311547394>,https://www.roblox.com/users/2218150184/profile,5,TRUE,,,,
,Missing,not found,,Razifhesmesssssm,<@1094980032105033768>,https://www.roblox.com/users/4181827236/profile,3,TRUE,,,,
,Missing,not found,,gamingmanlol123,<@805351866518732811>,https://www.roblox.com/users/389452020/profile,1,TRUE,,,,
,Missing,not found,,playshubhplay123,<@913386516355612672>,https://www.roblox.com/users/3055126755/profile,1,TRUE,,,,
,Missing,not found,,totalynotreece,<@1096039271040815145>,https://www.roblox.com/users/4368079077/profile,2,TRUE,,,,
,Missing,not found,,Carl1238432,<@1042289549965017208>,https://www.roblox.com/users/3831862664/profile,1,TRUE,,,,
,Missing,not found,,Mc_ronSlide,<@1269528843144925194>,https://www.roblox.com/users/3050553935/profile,0,TRUE,,,,
,Missing,not found,,ROEFLeader,<@1161528900728410112>,https://www.roblox.com/users/4741566175/profile,1,TRUE,,,,
,Missing,not found,,elgemoiii,<@1221076412799258735>,https://www.roblox.com/users/5066979363/profile,3,TRUE,,,,
,Missing,not found,,NOBO20102000,<@1092316446824075274>,https://www.roblox.com/users/5848544047/profile,0,TRUE,,,,
,Missing,not found,,DeHavilland_Vampire,<@767400320607059969>,https://www.roblox.com/users/2654777171/profile,0,TRUE,,,,
,Missing,not found,,mrflopflopmrflop,<@1387323984177266709>,https://www.roblox.com/users/2759042364/profile,1,TRUE,,,,
,Missing,not found,,Nothingtodo805,<@1374773726796841136>,https://www.roblox.com/users/8417377671/profile,0,TRUE,,,,
,Missing,not found,,helloch1727,<@1391072493745475746>,https://www.roblox.com/users/3357877021/profile,1,TRUE,,,,
,Missing,not found,,restinhasclaw2,<@1373848097246941204>,https://www.roblox.com/users/3423964734/profile,0,TRUE,,,,
,Missing,not found,,gerraldnekr,<@1390646133134725212>,https://www.roblox.com/users/2366432139/profile,0,TRUE,,,,
,Missing,not found,,vaaaas_11,<@1029282035354837002>,https://www.roblox.com/users/3231057548/profile,2,TRUE,,,,
,Missing,not found,,Witannn18,<@1386559314797269062>,https://www.roblox.com/users/8767400522/profile,1,TRUE,,,,
,Missing,not found,,readytf24,<@1390381017105170532>,https://www.roblox.com/users/1631249204/profile,3,TRUE,,,,
,Missing,not found,,nooblol092134,<@1013738567949881344>,https://www.roblox.com/users/3444022682/profile,3,TRUE,,,,
,Missing,not found,,hydrteighydrteig,<@1319857389767495750>,https://www.roblox.com/users/5049583653/profile,0,TRUE,,,,
,Missing,not found,,Lord_Explainable,<@1279987355696103530>,https://www.roblox.com/users/475814891/profile,1,TRUE,,,,
,Missing,not found,,TebyxXD,<@1007182468576718858>,https://www.roblox.com/users/4486403805/profile,2,TRUE,,,,
,Missing,not found,,japan05sb,<@1434433494276116543>,https://www.roblox.com/users/1650723770/profile,1,TRUE,,,,
,Missing,not found,,keenan_SELLFLAG,<@659350203123367948>,https://www.roblox.com/users/3239017/profile,1,TRUE,,,,
,Missing,not found,,pierregg4573,<@1273450730451374122>,https://www.roblox.com/users/2370393225/profile,1,TRUE,,,,
,Missing,not found,,RezhaiCraft,<@574925249217298433>,https://www.roblox.com/users/677878108/profile,1,TRUE,,,,
,Missing,not found,,iLikEJJBA_545,<@878134430483501136>,https://www.roblox.com/users/1453947612/profile,1,TRUE,,,,
,Missing,not found,,aditya210416,<@1019524990879678534>,https://www.roblox.com/users/2780172541/profile,0,TRUE,,,,
,Missing,not found,,conga9953,<@987499192048025622>,https://www.roblox.com/users/1141552632/profile,2,TRUE,,,,
,Missing,not found,,Kai_Red55,<@1204304246032564254>,https://www.roblox.com/users/4667645500/profile,1,TRUE,,,,
,Missing,not found,,ifjknbjf,<@1126771410019299340>,https://www.roblox.com/users/1052954586/profile,2,TRUE,,,,
,Missing,not found,,ExecutiveLemonade,<@1137384853323649046>,https://www.roblox.com/users/3458875342/profile,2,TRUE,,,,
,Missing,not found,,556qqwwee,<@1337775495072190489>,https://www.roblox.com/users/7094124688/profile,0,TRUE,,,,
,Missing,not found,,UntzerOffizier,<@1317986158805913752>,https://www.roblox.com/users/2242579921/profile,1,TRUE,,,,
,Missing,not found,,laklay1,<@1228347380013990039>,https://www.roblox.com/users/3099042292/profile,7,TRUE,,,,
,Missing,not found,,soccerjames132,<@784354919762886667>,https://www.roblox.com/users/1919015218/profile,1,TRUE,,,,
,Missing,not found,,mining_god322,<@751577233407082576>,https://www.roblox.com/users/768547626/profile,1,TRUE,,,,
,Missing,not found,,TheGoodJi,<@770113393431674880>,https://www.roblox.com/users/1790373712/profile,2,TRUE,,,,
,Missing,not found,,UndercoverCoverunder,<@1447442430268936223>,https://www.roblox.com/users/4741085516/profile,2,TRUE,,,,
,Missing,not found,,able02,<@898523949812555807>,https://www.roblox.com/users/423535680/profile,2,TRUE,,,,
,Missing,not found,,lspoken,<@468656251996340224>,https://www.roblox.com/users/404700485/profile,4,TRUE,,,,
,Missing,not found,,Notaflusson2,<@449756369680072716>,https://www.roblox.com/users/139726976/profile,0,TRUE,,,,
,Missing,not found,,Indiana_Bones124,<@830984190291214376>,https://www.roblox.com/users/3482135004/profile,0,TRUE,,,,
,Missing,not found,,TDCCHI,<@1167782460508094485>,https://www.roblox.com/users/8917142340/profile,0,TRUE,,,,
,Missing,not found,,Maxi_1234,<@1113743086821068820>,https://www.roblox.com/users/150723369/profile,1,TRUE,,,,
,Missing,not found,,anasdwasd,<@833902837087207524>,https://www.roblox.com/users/1738400928/profile,3,TRUE,,,,
,Missing,not found,,battulga62,<@1118169107997667449>,https://www.roblox.com/users/2476606381/profile,1,TRUE,,,,
,Missing,not found,,Ledhendrix,<@1417457667009675365>,https://www.roblox.com/users/414966878/profile,3,TRUE,,,,
,Missing,not found,,lalmuansanga321,<@856882520675319868>,https://www.roblox.com/users/2432649643/profile,1,TRUE,,,,
,Missing,not found,,ZuperReBirth,<@912535101705953322>,https://www.roblox.com/users/1596457055/profile,0,TRUE,,,,
,Missing,not found,,akunbaru3E,<@1317499146055454780>,https://www.roblox.com/users/1826507780/profile,4,TRUE,,,,
,Missing,not found,,ShinyArceusGaming,<@651403392605880330>,https://www.roblox.com/users/848479202/profile,1,TRUE,,,,
,Missing,not found,,trungkami,<@866867033156222976>,https://www.roblox.com/users/3890301913/profile,1,TRUE,,,,
,Missing,not found,,Althansfr,<@1195759312497283112>,https://www.roblox.com/users/7716799850/profile,1,TRUE,,,,
,Missing,not found,,xantheniel,<@871741878972874762>,https://www.roblox.com/users/1345252310/profile,3,TRUE,,,,
,Missing,not found,,Iro_dador25,<@1448205122521006173>,https://www.roblox.com/users/10157791201/profile,0,TRUE,,,,
,Missing,not found,,M200Cheyanne,<@1445485614874231032>,https://www.roblox.com/users/1182561170/profile,1,TRUE,,,,
,Missing,not found,,Lithulet,<@1432648646930989117>,https://www.roblox.com/users/2353998013/profile,0,TRUE,,,,
,Missing,not found,,bradlycasier,<@1086227043949223936>,https://www.roblox.com/users/2006204788/profile,0,TRUE,,,,
,Missing,not found,,ashthebeast,<@1050697365897617418>,https://www.roblox.com/users/15595144/profile,0,TRUE,,,,
,Missing,not found,,beemiachaBFF,<@1361218638899576833>,https://www.roblox.com/users/5708165569/profile,0,TRUE,,,,
,Missing,not found,,FIEXtapexdaltalt,<@882424674296930334>,https://www.roblox.com/users/2827412391/profile,0,TRUE,,,,
,Missing,not found,,FireGod_0925,<@1152560855444103208>,https://www.roblox.com/users/3977763397/profile,9,TRUE,,,,
,Missing,not found,,KaMiN1sON,<@1177268922886672506>,https://www.roblox.com/users/3701354510/profile,0,TRUE,,,,
,Missing,not found,,BaileyJames12341,<@1099726098041929869>,https://www.roblox.com/users/841711263/profile,0,TRUE,,,,
,Missing,not found,,sorcerer881,<@1391779539327123516>,https://www.roblox.com/users/5859109089/profile,0,TRUE,,,,
,Missing,not found,,Ragester_2,<@987658989661749248>,https://www.roblox.com/users/5288723652/profile,0,TRUE,,,,
,Missing,not found,,fg25gg52,<@937288063384715316>,https://www.roblox.com/users/2691305123/profile,0,TRUE,,,,
,Missing,not found,,gyozachie,<@1406055205883084901>,https://www.roblox.com/users/5139230217/profile,0,TRUE,,,,
,Missing,not found,,UZN5R,<@1063813007647445044>,https://www.roblox.com/users/3748190342/profile,0,TRUE,,,,
,Missing,not found,,egg_Edward0,<@1389594201863356476>,https://www.roblox.com/users/8222632983/profile,0,TRUE,,,,
,Missing,not found,,reborndusty,<@1147803351220760657>,https://www.roblox.com/users/4166440702/profile,0,TRUE,,,,
,Missing,not found,,ayaaamm_come,<@1242124273158717481>,https://www.roblox.com/users/3179471373/profile,0,TRUE,,,,
,Missing,not found,,fatkli,<@760677297979392051>,https://www.roblox.com/users/530090858/profile,0,TRUE,,,,
,Missing,not found,,BloodAxe_Gaming,<@1398256102444896307>,https://www.roblox.com/users/680533671/profile,0,TRUE,,,,
,Missing,not found,,LizxVinxenzo,<@1392714083362406553>,https://www.roblox.com/users/9231507806/profile,0,TRUE,,,,
,Missing,not found,,Ks23223,<@1398702332983775422>,https://www.roblox.com/users/2709007513/profile,0,TRUE,,,,
,Missing,not found,,protrex1234nood,<@958332200036745306>,https://www.roblox.com/users/1127439944/profile,0,TRUE,,,,
,Missing,not found,,hanle418,<@1383629513036005456>,https://www.roblox.com/users/8625354168/profile,0,TRUE,,,,
,Missing,not found,,ImNotUSSR06,<@1145300474166259792>,https://www.roblox.com/users/1887184149/profile,0,TRUE,,,,
,Missing,not found,,Mhssye123king,<@1235928322161119272>,https://www.roblox.com/users/2516202441/profile,0,TRUE,,,,
,Missing,not found,,LollmaoHarts,<@754308956385706044>,https://www.roblox.com/users/1212933927/profile,0,TRUE,,,,
,Missing,not found,,darkexpogaming,<@1074538868545699860>,https://www.roblox.com/users/3303046525/profile,0,TRUE,,,,
,Missing,not found,,TADASHIBIGESTBISAKOL,<@1365750246092705938>,https://www.roblox.com/users/5763457187/profile,0,TRUE,,,,
,Missing,not found,,Aimbotter_Renz,<@1365354243044675614>,,0,TRUE,,,,
,Missing,not found,,bilinhquandoi,<@1131898160973873183>,https://www.roblox.com/users/2460440529/profile,0,TRUE,,,,
,Missing,not found,,Robloxnoscam22,<@1239781247228579914>,https://www.roblox.com/users/7388977269/profile,0,TRUE,,,,
,Missing,not found,,kingkraken490,<@798495349705801769>,https://www.roblox.com/users/293132854/profile,0,TRUE,,,,
,Missing,not found,,Txlaylnwza,<@1291418453118550090>,https://www.roblox.com/users/4351718324/profile,0,TRUE,,,,
,Missing,not found,,Regulus0_o,<@1109110723428233246>,https://www.roblox.com/users/5587212265/profile,0,TRUE,,,,
,Missing,not found,,dyczz615,<@1069113435234762833>,https://www.roblox.com/users/3400526150/profile,0,TRUE,,,,
,Missing,not found,,kian_shadow17,<@765624502477652018>,https://www.roblox.com/users/912570695/profile,0,TRUE,,,,
,Missing,not found,,captvanos,<@1292392701374890066>,https://www.roblox.com/users/1920981257/profile,0,TRUE,,,,
,Missing,not found,,DX9WARRIORUSER,<@1366044781360185345>,https://www.roblox.com/users/3943435428/profile,0,TRUE,,,,
,Missing,not found,,bielajapanda,<@1165572771749826560>,https://www.roblox.com/users/4391604865/profile,0,TRUE,,,,
,Missing,not found,,Tharnaw1997,<@1244512817017520189>,https://www.roblox.com/users/7190676294/profile,0,TRUE,,,,
,Missing,not found,,jjfire_123,<@1166612265903063040>,https://www.roblox.com/users/4638010894/profile,0,TRUE,,,,
,Missing,not found,,Mackpop_mack,<@1274697557750054934>,https://www.roblox.com/users/5642939528/profile,0,TRUE,,,,
,Missing,not found,,XxIronSky10xX,<@754233134798733363>,,0,TRUE,,,,
,Missing,not found,,XmanX008,<@1076790626881908817>,https://www.roblox.com/users/7221037177/profile,0,TRUE,,,,
,Missing,not found,,GJIWJAD,<@1014908470870425660>,https://www.roblox.com/users/4988790171/profile,0,TRUE,,,,
,Missing,not found,,awisyadeeb,<@1332245258787880964>,https://www.roblox.com/users/2226625098/profile,0,TRUE,,,,
,Missing,not found,,jackmasseywelsh3,<@1285063059962069004>,https://www.roblox.com/users/7913633346/profile,0,TRUE,,,,
,Missing,not found,,yohnsen12345,<@1311278053611278448>,https://www.roblox.com/users/2617429127/profile,0,TRUE,,,,
,Missing,not found,,Mr_SorrowMen8,<@1181999001957052477>,https://www.roblox.com/users/1431675899/profile,0,TRUE,,,,
,Missing,not found,,Johnny097671,<@1091685646013313066>,https://www.roblox.com/users/3349013225/profile,0,TRUE,,,,
,Missing,not found,,DinoHookeh,<@731872773399511080>,https://www.roblox.com/users/942803903/profile,0,TRUE,,,,
,Missing,not found,,murphieey,<@569072002963341316>,https://www.roblox.com/users/7958980294/profile,0,TRUE,,,,
,Missing,not found,,SabZero65748,<@1322244971797151826>,https://www.roblox.com/users/1639950350/profile,0,TRUE,,,,
,Missing,not found,,thatguynexttoyou241,<@1142430617577979985>,https://www.roblox.com/users/385935649/profile,0,TRUE,,,,
,Missing,not found,,ZTS_0907,<@804542324306214952>,https://www.roblox.com/users/1612115165/profile,0,TRUE,,,,
,Missing,not found,,ace_playz2011,<@1241179707953774652>,https://www.roblox.com/users/4817081056/profile,0,TRUE,,,,
,Missing,not found,,kerby506,<@809768556065587220>,https://www.roblox.com/users/1966895978/profile,0,TRUE,,,,
,Missing,not found,,Nolkanr,<@1299355800665325609>,https://www.roblox.com/users/7833562251/profile,0,TRUE,,,,
,Missing,not found,,miljak_333,<@1261799017004929076>,https://www.roblox.com/users/3106854448/profile,0,TRUE,,,,
,Missing,not found,,myalt123825,<@1323102775222993027>,https://www.roblox.com/users/7415115822/profile,0,TRUE,,,,
,Missing,not found,,jmeoo246,<@1275132296776646712>,https://www.roblox.com/users/5566616314/profile,0,TRUE,,,,
,Missing,not found,,Freddy11451401,<@1342470748865822760>,https://www.roblox.com/users/6129844910/profile,0,TRUE,,,,
,Missing,not found,,Ict_fab4518,<@1203613846149791814>,https://www.roblox.com/users/7752352004/profile,0,TRUE,,,,
,Missing,not found,,your_localLouie,<@1141903014039388180>,https://www.roblox.com/users/4945153673/profile,0,TRUE,,,,
,Missing,not found,,Tim20601,<@1365624923804008499>,https://www.roblox.com/users/1846896394/profile,0,TRUE,,,,
,Missing,not found,,Strikemethebest0_0,<@1342369699039674368>,https://www.roblox.com/users/6192481578/profile,0,TRUE,,,,
,Missing,not found,,rewatj67,<@1341304766671880253>,,0,TRUE,,,,
,Missing,not found,,Tick3_3,<@757905040672292906>,https://www.roblox.com/users/3308022469/profile,0,TRUE,,,,
,Missing,not found,,don_marco20098,<@1052505803023712266>,https://www.roblox.com/users/7745529071/profile,0,TRUE,,,,
,Missing,not found,,te6c327,<@1299683248061808721>,https://www.roblox.com/users/4129087701/profile,0,TRUE,,,,
,Missing,not found,,bnnplower,<@756097031533101117>,https://www.roblox.com/users/752399764/profile,0,TRUE,,,,
,Missing,not found,,prevta,<@634793922333376543>,https://www.roblox.com/users/1767608344/profile,0,TRUE,,,,
,Missing,not found,,JudasFolyd,<@1353287421533356074>,https://www.roblox.com/users/6188399603/profile,0,TRUE,,,,
,Missing,not found,,BYTHGJB,<@1345731261892788296>,https://www.roblox.com/users/7642337478/profile,0,TRUE,,,,
,Missing,not found,,1234sudip,<@1346563842196377690>,https://www.roblox.com/users/2986292041/profile,0,TRUE,,,,
,Missing,not found,,qian123guang,<@1188371103576494091>,https://www.roblox.com/users/3863859031/profile,0,TRUE,,,,
,Missing,not found,,Chinask66,<@1346123295732531234>,https://www.roblox.com/users/7912827648/profile,0,TRUE,,,,
,Missing,not found,,lumbagoHgravavideos3,<@705590111513084044>,https://www.roblox.com/users/1595387277/profile,0,TRUE,,,,
,Missing,not found,,jpcpablo1995,<@300070812185133057>,https://www.roblox.com/users/2644737278/profile,0,TRUE,,,,
,Missing,not found,,SERKET222,<@979289001188028436>,https://www.roblox.com/users/3504473240/profile,0,TRUE,,,,
,Missing,not found,,jokers21113,<@1347789598759194624>,https://www.roblox.com/users/8123082482/profile,0,TRUE,,,,
,Missing,not found,,bjispogi,<@747657363644874793>,https://www.roblox.com/users/98680026/profile,0,TRUE,,,,
,Missing,not found,,boomnet1239,<@955986770292531232>,https://www.roblox.com/users/3287239992/profile,0,TRUE,,,,
,Missing,not found,,YBA_Fan963,<@1283968919891349516>,https://www.roblox.com/users/2815947983/profile,0,TRUE,,,,
,Missing,not found,,Greenis_sogood,<@1200636869541642302>,https://www.roblox.com/users/3200243645/profile,0,TRUE,,,,
,Missing,not found,,SoupVisor,<@1068140261248598116>,https://www.roblox.com/users/3050313917/profile,0,TRUE,,,,
,Missing,not found,,ShahmeeRCooLBoY12,<@1254341382215176264>,https://www.roblox.com/users/3285980891/profile,0,TRUE,,,,
,Missing,not found,,Guest_1338newguest3,<@1304874191279099944>,https://www.roblox.com/users/7118900679/profile,0,TRUE,,,,
,Missing,not found,,tacker_god,<@1181931104001859587>,https://www.roblox.com/users/1766079891/profile,0,TRUE,,,,
,Missing,not found,,khfhv60,<@1353220179026509856>,,0,TRUE,,,,
,Missing,not found,,djchampp,<@1147370266498965684>,https://www.roblox.com/users/1824377542/profile,0,TRUE,,,,
,Missing,not found,,jjthe1gamer,<@1336000908831490128>,https://www.roblox.com/users/1839714940/profile,0,TRUE,,,,
,Missing,not found,,NotBabydu,<@1364964818536366110>,https://www.roblox.com/users/2921289489/profile,0,TRUE,,,,
,Missing,not found,,panzerkapmfwagenn,<@937145524316942336>,https://www.roblox.com/users/4783688933/profile,0,TRUE,,,,
,Missing,not found,,hotdoges142,<@988052049998516226>,https://www.roblox.com/users/3590626094/profile,0,TRUE,,,,
,Missing,not found,,sesarakbar01,<@1311295083655598122>,https://www.roblox.com/users/6221110388/profile,0,TRUE,,,,
,Missing,not found,,vibinextou,<@1351709039700082768>,https://www.roblox.com/users/8134499177/profile,0,TRUE,,,,
,Missing,not found,,BigGazzaBro,<@775064010650288138>,https://www.roblox.com/users/4278972852/profile,0,TRUE,,,,
,Missing,not found,,You_arecoolmanreal,<@1111292570073571419>,https://www.roblox.com/users/4075387004/profile,0,TRUE,,,,
,Missing,not found,,Lordheru3,<@1324673838067224658>,https://www.roblox.com/users/7806755786/profile,0,TRUE,,,,
,Missing,not found,,R3LuGuS,<@1281257549802508390>,https://www.roblox.com/users/5381484758/profile,0,TRUE,,,,
,Missing,not found,,annotando9o,<@1324403123187351562>,https://www.roblox.com/users/5815985610/profile,0,TRUE,,,,
,Missing,not found,,ijupbhanar,<@1325740730844577864>,https://www.roblox.com/users/8119060467/profile,0,TRUE,,,,
,Missing,not found,,adas130,<@967468793645392082>,https://www.roblox.com/users/425211544/profile,0,TRUE,,,,
,Missing,not found,,TuyulbacotGaming,<@1322201308182085715>,https://www.roblox.com/users/1339707027/profile,0,TRUE,,,,
,Missing,not found,,gamingbrothers1244,<@1156859271020036168>,https://www.roblox.com/users/3515359565/profile,0,TRUE,,,,
,Missing,not found,,SpeedyJL28,<@1265481758917394443>,https://www.roblox.com/users/3114804804/profile,0,TRUE,,,,
,Missing,not found,,Filo_508,<@1337036406840627253>,https://www.roblox.com/users/4201020025/profile,0,TRUE,,,,
,Missing,not found,,xczNinjaDan,<@840990572973391872>,https://www.roblox.com/users/1545441285/profile,0,TRUE,,,,
,Missing,not found,,Roblox_yt543kj,<@1030460792069423124>,https://www.roblox.com/users/2600099774/profile,0,TRUE,,,,
,Missing,not found,,aaliyev543,<@1305654564984459346>,https://www.roblox.com/users/3458575440/profile,0,TRUE,,,,
,Missing,not found,,han_lek135,<@1068448688306929754>,https://www.roblox.com/users/2053730342/profile,0,TRUE,,,,
,Missing,not found,,Haraket_Alayi,<@1301272852405813482>,https://www.roblox.com/users/5226913800/profile,0,TRUE,,,,
,Missing,not found,,iKxngJayXl,<@1297176745644003341>,https://www.roblox.com/users/65929779/profile,0,TRUE,,,,
,Missing,not found,,bobogamings,<@1273504623348416569>,https://www.roblox.com/users/311863087/profile,0,TRUE,,,,
,Missing,not found,,eljlkbanget,<@1327952703090987083>,https://www.roblox.com/users/1068785662/profile,0,TRUE,,,,
,Missing,not found,,BaconBaffoon,<@923250405054509097>,https://www.roblox.com/users/3014347668/profile,0,TRUE,,,,
,Missing,not found,,wenman2343,<@913295862183104532>,https://www.roblox.com/users/1896801424/profile,0,TRUE,,,,
,Missing,not found,,Yoyowh50,<@1167972435350519808>,https://www.roblox.com/users/5773456216/profile,0,TRUE,,,,
,Missing,not found,,mexxi_970,<@813596518439321601>,https://www.roblox.com/users/7789419768/profile,0,TRUE,,,,
,Missing,not found,,markom0606,<@1334246880460279920>,,0,TRUE,,,,
,Missing,not found,,Xxronaldo_toxicxX,<@1091250777982500954>,,0,TRUE,,,,
,Missing,not found,,xkierra16,<@996398613460701265>,,0,TRUE,,,,
,Missing,not found,,dddd22411,<@1355920573049475202>,,0,TRUE,,,,
,Missing,not found,,Aqilindogamer,<@1281829331936481353>,,0,TRUE,,,,
,Missing,not found,,anaksultankw,<@1165924788984881204>,,,TRUE,,,,
,Missing,not found,,kmkz202477,<@1346851389292413038>,,0,TRUE,,,,
,Missing,not found,,engiscoFRA,<@977919361429934200>,,0,TRUE,,,,
,Missing,not found,,Jenov_o,<@746150009581469776>,,0,TRUE,,,,
,Missing,not found,,bigbtoni,<@723814962056659014>,,0,TRUE,,,,
,Missing,not found,,degerrrr2,<@895478313395556372>,,0,TRUE,,,,
,Missing,not found,,Iam_nothing20,<@1352628649811120198>,,0,TRUE,,,,
,Missing,not found,,liyoue728,<@1272005603958591550>,,0,TRUE,,,,
,Missing,not found,,AkiroPanget1010,<@776291208087470100>,,0,TRUE,,,,
,Missing,not found,,Rnxazs,<@1365354243044675614>,,0,TRUE,,,,
,Missing,not found,,Protfms,<@1365741496761978992>,,0,TRUE,,,,
,Missing,not found,,newkungmasertv19,<@421669298449416192>,,0,TRUE,,,,
,Missing,not found,,LiquidGasPowder,<@921545890123100201>,,0,TRUE,,,,
,Missing,not found,,DarkknightTehcat111,<@953465906032422922>,https://www.roblox.com/users/1543916563/profile,0,TRUE,,,,
,Missing,not found,,AboveComplicated,<@811051614625333248>,,0,TRUE,,,,
,Missing,not found,,LisaKoto14215,<@798067464436842497>,,0,TRUE,,,,
,Missing,not found,,Rip_Ondrew,<@1349398850548531222>,,0,TRUE,,,,
,Missing,not found,,Atomic0400,<@1236541811732910110>,,0,TRUE,,,,
,Missing,not found,,NOOB964p1,<@1063636987099238530>,https://www.roblox.com/users/6217119657/profile,0,TRUE,,,,
,Missing,not found,,Germanygaming700,<@1131515957945307167>,https://www.roblox.com/users/4247605683/profile,0,TRUE,,,,
,Missing,not found,,skdofhs_6,<@1208275838731157525>,,0,TRUE,,,,
,Missing,not found,,krvza1,<@1009729630430838886>,,0,TRUE,,,,
,Missing,not found,,andriegwapo199,<@1370680327772569612>,,0,TRUE,,,,
,Missing,not found,,johnplays095,<@1199268928938065930>,https://www.roblox.com/users/5236673477/profile,0,TRUE,,,,
,Missing,not found,,YulyaXSC,<@751794143419695175>,,0,TRUE,,,,
,Missing,not found,,Overlord_2060,<@878960705502601246>,,0,TRUE,,,,
,Missing,not found,,saluyutgf,<@1242123021099991080>,,0,TRUE,,,,
,Missing,not found,,gabrielmmrossario,<@1286618801902714912>,,0,TRUE,,,,
,Missing,not found,,yymmjjyy2019,<@1372844336898773088>,,0,TRUE,,,,
,Missing,not found,,Honor_GAOFANGHP,<@1093868561828683778>,,0,TRUE,,,,
,Missing,not found,,mohinia2314,<@1289266585390940227>,,0,TRUE,,,,
,Missing,not found,,orchonly,<@840902707744604180>,https://www.roblox.com/users/2869543570/profile,0,TRUE,,,,
,Missing,not found,,Vazhazz,<@1218654910598611137>,,0,TRUE,,,,
,Missing,not found,,Khang5a134,<@1329656574075076640>,,0,TRUE,,,,
,Missing,not found,,HOMElander836422,<@1195372782318526565>,,0,TRUE,,,,
,Missing,not found,,iceyadmiral21,<@1282587719536607233>,,0,TRUE,,,,
,Missing,not found,,Zayanthegoat84,<@1292175593051390003>,https://www.roblox.com/users/8485404681/profile,0,TRUE,,,,
,Missing,not found,,Y1sf3,<@1211577045038137358>,,0,TRUE,,,,
,Missing,not found,,Gadyydhshsfz,<@965155672410947635>,,0,TRUE,,,,
,Missing,not found,,Ninja_heyper24,<@1088105317570719796>,,0,TRUE,,,,
,Missing,not found,,Dysfunctionzee,<@1367327340102811750>,,0,TRUE,,,,
,Missing,not found,,wolfpa091,<@1129447337308209242>,,0,TRUE,,,,
,Missing,not found,,ripooffffffffff,<@1372110689451380818>,https://www.roblox.com/users/4524580000/profile,0,TRUE,,,,
,Missing,not found,,TakamitsuAkechi,<@1371776142171701260>,,0,TRUE,,,,
,Missing,not found,,SWATR73,<@1363860569118998672>,,1,TRUE,,,,
,Missing,not found,,icemale7,<@1148205854634557482>,https://www.roblox.com/users/4540857333/profile,0,TRUE,,,,
,Missing,not found,,Doggerson44,<@1128031742536732813>,,0,TRUE,,,,
,Missing,not found,,PoundAlbobadsAss,<@948996693997793290>,,0,TRUE,,,,
,Missing,not found,,400bonnie,<@1074303474981941378>,,0,TRUE,,,,
,Missing,not found,,GAMERBOY_12345623,<@1284531666454446110>,https://www.roblox.com/users/5702962636/profile,0,TRUE,,,,
,Missing,not found,,ImNotJeyemDaNoob,<@1272410858915631107>,,0,TRUE,,,,
,Missing,not found,,LIL_DWZ,<@1377188673573093426>,,0,TRUE,,,,
,Missing,not found,,moosemarky5,<@949169548920250389>,,0,TRUE,,,,
,Missing,not found,,rezstone,<@843223676781461545>,,0,TRUE,,,,
,Missing,not found,,strakitee,<@1301357577921106044>,,0,TRUE,,,,
,Missing,not found,,JDN168,<@607158488027758602>,,0,TRUE,,,,
,Missing,not found,,Fortnitekoolgamer,<@1379394826285613096>,,0,TRUE,,,,
,Missing,not found,,mikofying,<@1380074585759944745>,,0,TRUE,,,,
,Missing,not found,,wildren_forever123,<@1379699082049622016>,,0,TRUE,,,,
,Missing,not found,,0412princedaniel,<@1241962894049148928>,,0,TRUE,,,,
,Missing,not found,,Johnny_SoapMactavish,<@1327508857227968543>,,0,TRUE,,,,
,Missing,not found,,bhbh5100,<@1380129263398686836>,,0,TRUE,,,,
,Missing,not found,,rrrrrrrryifd,<@1079027011030351902>,,0,TRUE,,,,
,Missing,not found,,Roblox903f,<@969808312591851610>,,0,TRUE,,,,
,Missing,not found,,Buur1479,<@1078646850921431100>,,0,TRUE,,,,
,Missing,not found,,Charizartbo,<@1124315640291921993>,,0,TRUE,,,,
,Missing,not found,,ClammyCheetah20,<@907997691768885288>,,0,TRUE,,,,
,Missing,not found,,Maxthecaptain12,<@1084840764418314302>,,0,TRUE,,,,
,Missing,not found,,tanqr147xgaming,<@1372821043491770469>,,0,TRUE,,,,
,Missing,not found,,6O1QF,<@1384552096837402654>,,0,TRUE,,,,
,Missing,not found,,Krotfz96,<@1162761526801879170>,https://www.roblox.com/users/3766955911/profile,0,TRUE,,,,
,Missing,not found,,BlueLockGlazer2205,<@1293161815114776616>,,0,TRUE,,,,
,Missing,not found,,Carusuo,<@1317087455198838819>,,0,TRUE,,,,
,Missing,not found,,LuckyKitsuneTR,<@1341475697390256279>,,0,TRUE,,,,
,Missing,not found,,Yahknowdude,<@1368787719270174734>,https://www.roblox.com/users/3138488832/profile,0,TRUE,,,,
,Missing,not found,,LeInfernoTheIII,<@829256124175745044>,,0,TRUE,,,,
,Missing,not found,,V_IG0R,<@733471759197798431>,,0,TRUE,,,,
,Missing,not found,,TISKER0793,<@1381903770476347433>,,0,TRUE,,,,
,Missing,not found,,xxxd_373,<@1218437681843802256>,,0,TRUE,,,,
,Missing,not found,,BripdaNathan,<@1390349147185352804>,,0,TRUE,,,,
,Missing,not found,,YAKEYNO2715,<@969639134601818142>,https://www.roblox.com/users/3449344443/profile,0,TRUE,,,,
,Missing,not found,,gydhyrwww,<@1353220179026509856>,https://www.roblox.com/users/2646162929/profile,0,TRUE,,,,
,Missing,not found,,Virtuoso_002,<@1390325924544647248>,,0,TRUE,,,,
,Missing,not found,,Lord_ImperiumAss,<@1385647238268583967>,https://www.roblox.com/users/8722517620/profile,0,TRUE,,,,
,Missing,not found,,Aceocean1,<@756561640211742761>,,0,TRUE,,,,
,Missing,not found,,Rara_Anatta,<@710644018027167766>,,0,TRUE,,,,
,Missing,not found,,real_alewgf11,<@1139255292538912818>,https://www.roblox.com/users/1676705168/profile,0,TRUE,,,,
,Missing,not found,,thomitoka,<@1000034372864446556>,,0,TRUE,,,,
,Missing,not found,,Freerunnerteun1,<@1142473462435299488>,https://www.roblox.com/users/3521808471/profile,0,TRUE,,,,
,Missing,not found,,TheoCabasag13045,<@1327885055644930140>,,0,TRUE,,,,
,Missing,not found,,RosboMC,<@860304919403823105>,https://www.roblox.com/users/5694633317/profile,0,TRUE,,,,
,Missing,not found,,calboyninjanubog,<@945792496187895888>,,0,TRUE,,,,
,Missing,not found,,adenorde,<@564070232604409878>,,0,TRUE,,,,
,Missing,not found,,straw04032015,<@1332543666798989363>,https://www.roblox.com/users/8418620894/profile,0,TRUE,,,,
,Missing,not found,,hansgaming0_0,<@1136120270722191410>,,0,TRUE,,,,
,Missing,not found,,ggffttrreeso,<@1365358186206462095>,,0,TRUE,,,,
,Missing,not found,,wdnmdtmdQWQ,<@984025955163062292>,,0,TRUE,,,,
,Missing,not found,,Rgaming09873,<@1341059582687969300>,,0,TRUE,,,,
,Missing,not found,,Sae_itoshi1209,<@1165477943271772195>,,0,TRUE,,,,
,Missing,not found,,1096_lolez,<@1303996978006331472>,,0,TRUE,,,,
,Missing,not found,,brokenleaf506,<@1297847286038269987>,,0,TRUE,,,,
,Missing,not found,,ytyjycuytyoy,<@1335186773046726696>,https://www.roblox.com/users/1624905122/profile,0,TRUE,,,,
,Missing,not found,,bartek_m2013,<@1367930399929536564>,https://www.roblox.com/users/928088655/profile,0,TRUE,,,,
,Missing,not found,,dark_monsterdragon,<@1133732685865570355>,,0,TRUE,,,,
,Missing,not found,,fundamental27,<@1392524158491168779>,,0,TRUE,,,,
,Missing,not found,,Zhuxuanxuan2022,<@1142986562552995892>,,0,TRUE,,,,
,Missing,not found,,WinterSoldierXI,<@1073815338921250836>,,0,TRUE,,,,
,Missing,not found,,MrPassive_7525,<@1078279684472717352>,,0,TRUE,,,,
,Missing,not found,,djgato_yury2,<@1012992265565782058>,,0,TRUE,,,,
,Missing,not found,,koulouriuessalonikhs,<@807609824954286140>,,0,TRUE,,,,
,Missing,not found,,Msxti_ded,<@1236324703749017711>,,0,TRUE,,,,
,Missing,not found,,Ryanno_pro,<@1151838774343520256>,,0,TRUE,,,,
,Missing,not found,,adisyajanitra4,<@1350772127044861954>,,0,TRUE,,,,
,Missing,not found,,bacon_guynoob3,<@1398637337222582468>,,0,TRUE,,,,
,A0. Conscrit,Depot de Montbéliard,Trial Ranker,rinorihorn,<@1312160360563998792>,https://www.roblox.com/users/267171869/profile,0,FALSE,,,,
,Missing,not found,,Dwiekayanovsky,<@1176533973241958401>,,0,TRUE,,,,
,Missing,not found,,philipiiiii,<@465180083280412731>,,0,TRUE,,,,
,Missing,not found,,CorpsesInTheLoneWood,<@1239156006693507137>,,0,TRUE,,,,
,Missing,not found,,tienphan120307,<@1253870047705698387>,https://www.roblox.com/users/314242465/profile,0,TRUE,,,,
,Missing,not found,,siambye,<@1404752995190837338>,,0,TRUE,,,,
,Missing,not found,,57xfun,<@1291676217648484446>,https://www.roblox.com/users/647403048/profile,0,TRUE,,,,
,Missing,not found,,rupuking1bacon,<@1261971931788349512>,https://www.roblox.com/users/3761197703/profile,0,TRUE,,,,
,Missing,not found,,onucoreasy,<@523195787967201290>,,0,TRUE,,,,
,Missing,not found,,mencuino,<@1268601185645101148>,,0,TRUE,,,,
,Missing,not found,,avoma_33749,<@1392413236162461736>,https://www.roblox.com/users/7828933166/profile,0,TRUE,,,,
,Missing,not found,,bydxiaobailong,<@1403353569096237107>,,0,TRUE,,,,
,Missing,not found,,Hybrid_Banshee,<@241710533059936266>,,0,TRUE,,,,
,Missing,not found,,eldenlordxd,<@320432506593607681>,https://www.roblox.com/users/7294476457/profile,0,TRUE,,,,
,Missing,not found,,RUYTUYUI,<@520870799603662848>,,0,TRUE,,,,
,Missing,not found,,alexandervc_3827,<@758335258302218332>,https://www.roblox.com/users/4368746936/profile,0,TRUE,,,,
,Missing,not found,,Farzin377,<@1250344979033882644>,,0,TRUE,,,,
,Missing,not found,,Paradox_noob0,<@865090378914856960>,,0,TRUE,,,,
,Missing,not found,,tricera89,<@678342211670245376>,,0,TRUE,,,,
,Missing,not found,,OnePieceIsReal20002,<@1371675479869751367>,,0,TRUE,,,,
,Missing,not found,,nippoxi1,<@1404376983969857640>,,0,TRUE,,,,
,Missing,not found,,ProGamer137915,<@965206363087183902>,,0,TRUE,,,,
,Missing,not found,,Minko504,<@1259117233288908833>,,0,TRUE,,,,
,Missing,not found,,jfiweforiohfioew1,<@1309104666965180486>,https://www.roblox.com/users/5762640734/profile,0,TRUE,,,,
,Missing,not found,,liljaylegaspi,<@1281963963344486544>,,0,TRUE,,,,
,Missing,not found,,Lord_Nekone,<@552831683607527435>,https://www.roblox.com/users/4042973468/profile,0,TRUE,,,,
,Missing,not found,,SUSBETTER_A101,<@1397680603444412588>,,0,TRUE,,,,
,Missing,not found,,212attack,<@1390477739009638512>,,0,TRUE,,,,
,Missing,not found,,Slackiver,<@1286084888239280181>,https://www.roblox.com/users/1215975423/profile,0,TRUE,,,,
,Missing,not found,,NAPOLEON12083,<@1412112606738776135>,https://www.roblox.com/users/7575798165/profile,0,TRUE,,,,
,Missing,not found,,speedy12345578,<@976277058227421195>,,0,TRUE,,,,
,Missing,not found,,Starcode_EstX,<@1408745238318813186>,,0,TRUE,,,,
,Missing,not found,,Roksk2098,<@1182338380894306316>,,0,TRUE,,,,
,Missing,not found,,TheJrBanik,<@876165215945912320>,https://www.roblox.com/users/2567396258/profile,0,TRUE,,,,
,Missing,not found,,marshal_ney0,<@1384788115318640753>,https://www.roblox.com/users/8598766280/profile,0,TRUE,,,,
,Missing,not found,,JAIKEYCARD,<@974640565964652585>,https://www.roblox.com/users/1159832339/profile,0,TRUE,,,,
,Missing,not found,,Anhquan513,<@1160187735395545189>,https://www.roblox.com/users/4649450712/profile,0,TRUE,,,,
,Missing,not found,,M3taReaper,<@1240206983043354678>,https://www.roblox.com/users/5501054879/profile,0,TRUE,,,,
,Missing,not found,,123music2000000,<@1410284294148067473>,https://www.roblox.com/users/51048654/profile,0,TRUE,,,,
,Missing,not found,,accacacacac,<@417122984537358338>,https://www.roblox.com/users/484240438/profile,0,TRUE,,,,
,Missing,not found,,thegoatofthegoa,<@1074955564372725792>,,0,TRUE,,,,
,Missing,not found,,nataguma590252,<@1410533220469968896>,,0,TRUE,,,,
,Missing,not found,,taranta6496,<@1175633178719944726>,,0,TRUE,,,,
,Missing,not found,,mc_44622,<@1363659729238364301>,https://www.roblox.com/users/5096274215/profile,0,TRUE,,,,
,Missing,not found,,HinataHVM,<@1117376118283063346>,,0,TRUE,,,,
,Missing,not found,,Kenneth_ggl,<@1311496745200386079>,,0,TRUE,,,,
,Missing,not found,,reioeoopro,<@1064731702829793331>,,0,TRUE,,,,
,Missing,not found,,amonetupa2021,<@1235508822395719680>,,0,TRUE,,,,
,Missing,not found,,pocoketand,<@1317028233509732386>,https://www.roblox.com/users/7272563442/profile,0,TRUE,,,,
,Missing,not found,,wesleycolizabjoy,<@1356579979214983312>,,0,TRUE,,,,
,Missing,not found,,BrokenGuyForEver,<@1078712479049330791>,https://www.roblox.com/users/4061325862/profile,0,TRUE,,,,
,Missing,not found,,realmskn,<@226690023607500801>,,0,TRUE,,,,
,Missing,not found,,darktorracat132,<@1127488146091814912>,,0,TRUE,,,,
,Missing,not found,,HellasCyprus,<@1394593250802794677>,https://www.roblox.com/users/1556012717/profile,0,TRUE,,,,
,Missing,not found,,shoryasingh1763,<@1413413803055382558>,https://www.roblox.com/users/9222057151/profile,0,TRUE,,,,
,Missing,not found,,Zz520131,<@963423853357461594>,,0,TRUE,,,,
,Missing,not found,,maypexb,<@1134024257475711038>,https://www.roblox.com/users/9228204406/profile,0,TRUE,,,,
,Missing,not found,,FrostByte_70,<@1265710803269714061>,,0,TRUE,,,,
,Missing,not found,,draxcooh,<@1255046327079796746>,https://www.roblox.com/users/3758564802/profile,0,TRUE,,,,
,Missing,not found,,matrap615,<@1327314307809280152>,,0,TRUE,,,,
,Missing,not found,,shhxsvsss2,<@1074257514775973948>,,0,TRUE,,,,
,Missing,not found,,rywz725,<@1271202523843268653>,,0,TRUE,,,,
,Missing,not found,,GeorgeNotFoundAtHere,<@881232040849199104>,,0,TRUE,,,,
,Missing,not found,,ccffgvX,<@1125451010136092734>,https://www.roblox.com/users/4806110962/profile,0,TRUE,,,,
,Missing,not found,,epik_xc,<@1199193643605569567>,https://www.roblox.com/users/7974058083/profile,0,TRUE,,,,
,Missing,not found,,darkphoniex43,<@939828239755526146>,https://www.roblox.com/users/2648134809/profile,0,TRUE,,,,
,Missing,not found,,proff_ninja2211,<@870408955418009672>,https://www.roblox.com/users/2221102848/profile,0,TRUE,,,,
,Missing,not found,,cream_team1232,<@909264302266024008>,https://www.roblox.com/users/1141404198/profile,0,TRUE,,,,
,Missing,not found,,firman_cekerayam,<@1416666629080879184>,,0,TRUE,,,,
,Missing,not found,,Prussiaiscool124,<@1067714002022580284>,https://www.roblox.com/users/4274168738/profile,0,TRUE,,,,
,Missing,not found,,PROOFTHEYEAR_123,<@716918191917629473>,,0,TRUE,,,,
,Missing,not found,,And68094,<@1418447586536329347>,https://www.roblox.com/users/4893078249/profile,0,TRUE,,,,
,Missing,not found,,ken007736,<@1335599174468636672>,https://www.roblox.com/users/8027131538/profile,0,TRUE,,,,
,Missing,not found,,TUV4531,<@1410998686938566729>,,0,TRUE,,,,
,Missing,not found,,metyrdon,<@1248232623881322531>,,0,TRUE,,,,
,Missing,not found,,RIP_LeXgE,<@1098217013488394381>,https://www.roblox.com/users/3408669281/profile,0,TRUE,,,,
,Missing,not found,,vova230222,<@1145671314061934662>,https://www.roblox.com/users/5331581473/profile,0,TRUE,,,,
,Missing,not found,,kucing_asepp,<@1292376136361316362>,,0,TRUE,,,,
,Missing,not found,,banette77340_77,<@1212112592957349930>,https://www.roblox.com/users/5010102866/profile,0,TRUE,,,,
,Missing,not found,,QuYsToC7,<@1165490138684596275>,https://www.roblox.com/users/6071572013/profile,0,TRUE,,,,
,Missing,not found,,pro0611Army,<@998419432521072761>,,0,TRUE,,,,
,Missing,not found,,Sartain123456,<@1098605090555822252>,https://www.roblox.com/users/3415716940/profile,0,TRUE,,,,
,Missing,not found,,ssddrred,<@989894326056255538>,,0,TRUE,,,,
,Missing,not found,,010102p,<@1392085289031176344>,,0,TRUE,,,,
,Missing,not found,,sirenhetpp,<@953695086116474920>,https://www.roblox.com/users/2418507339/profile,0,TRUE,,,,
,Missing,not found,,Train_Driver79,<@1400461501458026606>,https://www.roblox.com/users/8048349435/profile,0,TRUE,,,,
,Missing,not found,,skibiditoaleta_333,<@1214581178766729266>,,0,TRUE,,,,
,Missing,not found,,Gktftkf,<@1219636448269963377>,https://www.roblox.com/users/2638819373/profile,0,TRUE,,,,
,Missing,not found,,blaaaasttt,<@500437884076032000>,https://www.roblox.com/users/9446987665/profile,0,TRUE,,,,
,Missing,not found,,yshkrck3o,<@1421385792516919367>,https://www.roblox.com/users/4335450774/profile,0,TRUE,,,,
,Missing,not found,,sad212133,<@1274981560847695954>,https://www.roblox.com/users/3611126656/profile,0,TRUE,,,,
,Missing,not found,,Mehjersa3s,<@766597280588759060>,https://www.roblox.com/users/3636897342/profile,0,TRUE,,,,
,Missing,not found,,beiyangqwq,<@1299565552985182229>,https://www.roblox.com/users/5704564298/profile,0,TRUE,,,,
,Missing,not found,,humanvirus_5576,<@1050667954569740318>,https://www.roblox.com/users/1854980694/profile,0,TRUE,,,,
,Missing,not found,,etrnldev,<@1063118415310630953>,https://www.roblox.com/users/2432854359/profile,0,TRUE,,,,
,Missing,not found,,hokslix,<@1422801911060627466>,https://www.roblox.com/users/8436539868/profile,0,TRUE,,,,
,Missing,not found,,WARDUCK312006,<@676797533447520256>,https://www.roblox.com/users/2975978427/profile,0,TRUE,,,,
,Missing,not found,,HECU_WELL,<@1161247109043986433>,https://www.roblox.com/users/6037957032/profile,0,TRUE,,,,
,Missing,not found,,ligao992219,<@1410278400324800633>,,0,TRUE,,,,
,Missing,not found,,Dzaythanonfdet3,<@1140509865219985438>,,0,TRUE,,,,
,Missing,not found,,canmen1812,<@1423875469715050606>,https://www.roblox.com/users/8224962380/profile,0,TRUE,,,,
,Missing,not found,,kola_koce,<@1068735257962094642>,https://www.roblox.com/users/4098007001/profile,0,TRUE,,,,
,Missing,not found,,gaimaranas710,<@1416861948360003654>,https://www.roblox.com/users/1347646201/profile,0,TRUE,,,,
,Missing,not found,,tatadadaa,<@1058541797959270461>,https://www.roblox.com/users/3733859046/profile,0,TRUE,,,,
,Missing,not found,,Gusta_Games129,<@911301965227638784>,https://www.roblox.com/users/2228561491/profile,0,TRUE,,,,
,Missing,not found,,supper_0002,<@1133781581291606086>,https://www.roblox.com/users/5693748755/profile,0,TRUE,,,,
,Missing,not found,,indofaiz2097,<@742320637527457832>,https://www.roblox.com/users/2346394466/profile,9,TRUE,,,,
,Missing,not found,,hadou_78,<@1409410349538480160>,https://www.roblox.com/users/7966330172/profile,0,TRUE,,,,
,Missing,not found,,XDgamerTH555,<@1061998460330577921>,https://www.roblox.com/users/2448764706/profile,2,TRUE,,,,
,Missing,not found,,cenchisfrench,<@1248194245869961270>,https://www.roblox.com/users/5321182390/profile,0,TRUE,,,,
,Missing,not found,,ligao99219,<@1395035558547423252>,https://www.roblox.com/users/7881976363/profile,0,TRUE,,,,
,Missing,not found,,1786af,<@1399011057783275601>,https://www.roblox.com/users/3428142376/profile,0,TRUE,,,,
,Missing,not found,,teasrting,<@755928940429705306>,https://www.roblox.com/users/1652440856/profile,0,TRUE,,,,
,Missing,not found,,lanceokooy,<@1172543777261498451>,https://www.roblox.com/users/4098257047/profile,0,TRUE,,,,
,Missing,not found,,sperry3q,<@1361248363260936253>,https://www.roblox.com/users/4064064633/profile,0,TRUE,,,,
,Missing,not found,,TW_4444,<@891207808039665685>,https://www.roblox.com/users/2783681236/profile,0,TRUE,,,,
,Missing,not found,,JAMESONCHRLESLOOT,<@1170571566086627388>,https://www.roblox.com/users/7464767471/profile,0,TRUE,,,,
,Missing,not found,,mrtaketheirlivestock,<@1193734400911888407>,https://www.roblox.com/users/7533716693/profile,0,TRUE,,,,
,Missing,not found,,Lord_MasonWellesley,<@1172144292156952628>,https://www.roblox.com/users/43738762/profile,0,TRUE,,,,
,Missing,not found,,Djfh106,<@445156619400118282>,https://www.roblox.com/users/5794731753/profile,2,TRUE,,,,
,Missing,not found,,JMgavin9,<@1427648390132404304>,https://www.roblox.com/users/2007984742/profile,1,TRUE,,,,
,Missing,not found,,cubey_749,<@1284071396346957889>,https://www.roblox.com/users/7259525683/profile,0,TRUE,,,,
,Missing,not found,,Mitrokis1,<@1415033589262975067>,https://www.roblox.com/users/1408812634/profile,0,TRUE,,,,
,Missing,not found,,rendowers,<@735543936118161430>,https://www.roblox.com/users/2726859976/profile,1,TRUE,,,,
,Missing,not found,,nuen9,<@1237004561118662776>,https://www.roblox.com/users/370390036/profile,0,TRUE,,,,
,Missing,not found,,noob_robot02,<@691916345293668383>,https://www.roblox.com/users/1521661275/profile,1,TRUE,,,,
,Missing,not found,,CUBP1145,<@1405152379233632277>,https://www.roblox.com/users/7658171624/profile,0,TRUE,,,,
,Missing,not found,,Alexsandr_Ivanov,<@1283109517504151705>,https://www.roblox.com/users/6125179353/profile,0,TRUE,,,,
,Missing,not found,,uncle_sansjoke,<@361913908963049483>,https://www.roblox.com/users/193330833/profile,0,TRUE,,,,
,Missing,not found,,dinothewolf2303,<@1336967323113885728>,https://www.roblox.com/users/3138586797/profile,0,TRUE,,,,
,Missing,not found,,Mcu525alt,<@1429022574628704403>,https://www.roblox.com/users/5555343024/profile,0,TRUE,,,,
,Missing,not found,,Red_East5,<@1030668398448885780>,https://www.roblox.com/users/3226569596/profile,0,TRUE,,,,
,Missing,not found,,ayathu32,<@1382358558661804213>,https://www.roblox.com/users/7818267804/profile,0,TRUE,,,,
,Missing,not found,,TheDayIDieForYou,<@1121085784435458180>,,0,TRUE,,,,
,Missing,not found,,peguro1234,<@1289758244226469912>,https://www.roblox.com/users/399920454/profile,0,TRUE,,,,
,Missing,not found,,weissritte22,<@1308931279961591842>,,0,TRUE,,,,
,Missing,not found,,123lngchenxi,<@1233407067453132820>,https://www.roblox.com/users/3509948927/profile,0,TRUE,,,,
,Missing,not found,,Baron_friend,<@906856877332254740>,https://www.roblox.com/users/1992387260/profile,0,TRUE,,,,
,Missing,not found,,the_evolveded,<@432109345489027083>,https://www.roblox.com/users/546818841/profile,1,TRUE,,,,
,Missing,not found,,Itsdave383,<@1372009038103052320>,https://www.roblox.com/users/3156768354/profile,0,TRUE,,,,
,Missing,not found,,Zhrsh1314,<@1315310408646791179>,https://www.roblox.com/users/4798902424/profile,6,TRUE,,,,
,Missing,not found,,saruul2642,<@1241547612583104616>,https://www.roblox.com/users/1460734923/profile,0,TRUE,,,,
,Missing,not found,,top10dog_eater,<@729952471954358293>,https://www.roblox.com/users/7491642458/profile,0,TRUE,,,,
,Missing,not found,,TheGreatAce554323,<@1126473569044549692>,https://www.roblox.com/users/5699003267/profile,4,TRUE,,,,
,Missing,not found,,ImURMrDoggo,<@786570868917665822>,https://www.roblox.com/users/2504508704/profile,0,TRUE,,,,
,Missing,not found,,hwhevewg,<@1292297942018818059>,https://www.roblox.com/users/3013199888/profile,0,TRUE,,,,
,Missing,not found,,ProDoctorChu,<@1118465154816942081>,https://www.roblox.com/users/1456081073/profile,0,TRUE,,,,
,Missing,not found,,roMKNK1p894,<@1344276322968670228>,https://www.roblox.com/users/8153362765/profile,0,TRUE,,,,
,Missing,not found,,maciejosuuuu67,<@1403468657992007772>,https://www.roblox.com/users/5586975558/profile,0,TRUE,,,,
,Missing,not found,,campfirerunner,<@1365227792844718130>,https://www.roblox.com/users/6109833789/profile,0,TRUE,,,,
,Missing,not found,,GigaGhaisan,<@717170527973671034>,https://www.roblox.com/users/220779513/profile,0,TRUE,,,,
,Missing,not found,,AaruCR777,<@1387772543381012601>,https://www.roblox.com/users/5362356638/profile,0,TRUE,,,,
,Missing,not found,,timwashaky84,<@1355700734024220913>,https://www.roblox.com/users/2062306673/profile,0,TRUE,,,,
,Missing,not found,,jobetheI,<@1208016249439916032>,https://www.roblox.com/users/4882159522/profile,0,TRUE,,,,
,Missing,not found,,gstavzsss,<@1269762942023241909>,https://www.roblox.com/users/683224024/profile,0,TRUE,,,,
,Missing,not found,,earthza_2000,<@1312765986885075007>,https://www.roblox.com/users/4015078183/profile,0,TRUE,,,,
,Missing,not found,,klyton_07,<@1099261721740312697>,https://www.roblox.com/users/3103817081/profile,0,TRUE,,,,
,Missing,not found,,Dogger0938,<@723476483095527475>,https://www.roblox.com/users/1429917574/profile,0,TRUE,,,,
,Missing,not found,,Me_happy23434,<@1170322895545847920>,https://www.roblox.com/users/5264541409/profile,0,TRUE,,,,
,Missing,not found,,roma1n52m,<@1415660838668341349>,https://www.roblox.com/users/5009224681/profile,0,TRUE,,,,
,Missing,not found,,Kaku122110,<@1426989903492943892>,https://www.roblox.com/users/4393260135/profile,0,TRUE,,,,
,Missing,not found,,huangdipuyi1,<@1433465266762678322>,https://www.roblox.com/users/7176872975/profile,0,TRUE,,,,
,Missing,not found,,Swedeus20,<@925243463098835005>,https://www.roblox.com/users/1605320687/profile,0,TRUE,,,,
,Missing,not found,,piper_popya2,<@1119614211912388749>,https://www.roblox.com/users/6189652613/profile,0,TRUE,,,,
,Missing,not found,,Captions_0,<@774197721535348757>,https://www.roblox.com/users/1740400566/profile,0,TRUE,,,,
,Missing,not found,,Crimson89703,<@1187332169241198653>,https://www.roblox.com/users/5294835706/profile,0,TRUE,,,,
,Missing,not found,,JimVanto,<@507171760085401640>,https://www.roblox.com/users/1620864321/profile,0,TRUE,,,,
,Missing,not found,,peanutbutterjelIyjam,<@575296104392818699>,https://www.roblox.com/users/7152569629/profile,0,TRUE,,,,
,Missing,not found,,KwitesLament,<@900932722757894184>,https://www.roblox.com/users/1131604661/profile,0,TRUE,,,,
,Missing,not found,,SBNNM010811,<@1318018265754370155>,https://www.roblox.com/users/3655837891/profile,0,TRUE,,,,
,Missing,not found,,Miltiades490,<@955459246537986058>,https://www.roblox.com/users/3718188520/profile,0,TRUE,,,,
,Missing,not found,,7Forux,<@892457155435823244>,https://www.roblox.com/users/4319191440/profile,0,TRUE,,,,
,Missing,not found,,brookos2,<@1403377158293815360>,https://www.roblox.com/users/7498680597/profile,0,TRUE,,,,
,Missing,not found,,TMez0707sz,<@1390300189071376478>,https://www.roblox.com/users/1694285353/profile,0,TRUE,,,,
,Missing,not found,,oli99m,<@974039708902518885>,https://www.roblox.com/users/461326894/profile,0,TRUE,,,,
,Missing,not found,,max45t0,<@1242655575532372079>,https://www.roblox.com/users/4707364063/profile,0,TRUE,,,,
,Missing,not found,,gustavo7zzx,<@1364773073953493034>,https://www.roblox.com/users/3473716049/profile,0,TRUE,,,,
,Missing,not found,,dohhujbbjiiaajaaj,<@1345033470099062937>,https://www.roblox.com/users/4730345388/profile,0,TRUE,,,,
,Missing,not found,,Lotto9142,<@1297860476251799573>,https://www.roblox.com/users/3113474280/profile,0,TRUE,,,,
,Missing,not found,,GrindTellDie1,<@822275007366430780>,https://www.roblox.com/users/5540861561/profile,0,TRUE,,,,
,Missing,not found,,zakip0y8,<@1306993174824358000>,https://www.roblox.com/users/4294491852/profile,0,TRUE,,,,
,Missing,not found,,Alan230315,<@1059560896126537799>,https://www.roblox.com/users/1391440198/profile,0,TRUE,,,,
,Missing,not found,,Merle9534,<@1357998847569428691>,https://www.roblox.com/users/7279021204/profile,0,TRUE,,,,
,Missing,not found,,Melon_Ben88,<@1290024421125390357>,https://www.roblox.com/users/5092191511/profile,0,TRUE,,,,
,Missing,not found,,ejdhfyf_1,<@1373671799803347014>,https://www.roblox.com/users/5489061298/profile,0,TRUE,,,,
,Missing,not found,,DATS_N,<@279169314743910402>,https://www.roblox.com/users/1255819762/profile,0,TRUE,,,,
,Missing,not found,,imloveroblox7777,<@1157839958313279578>,https://www.roblox.com/users/3608509422/profile,0,TRUE,,,,
,Missing,not found,,isaacwong8463,<@695965859654533190>,https://www.roblox.com/users/2427904232/profile,0,TRUE,,,,
,Missing,not found,,Twixsqqq,<@1440420530439065792>,https://www.roblox.com/users/4792485685/profile,0,TRUE,,,,
,Missing,not found,,monferriz,<@961401646217318471>,https://www.roblox.com/users/128965312/profile,0,TRUE,,,,
,Missing,not found,,oraythakdog,<@1229058185151910030>,https://www.roblox.com/users/1637962191/profile,0,TRUE,,,,
,Missing,not found,,nerdyperson123,<@671169998059995146>,https://www.roblox.com/users/7875804/profile,0,TRUE,,,,
,Missing,not found,,HeavenLiturgy,<@706527234059403437>,https://www.roblox.com/users/6216077604/profile,0,TRUE,,,,
,Missing,not found,,themanripata,<@1441732824876060672>,https://www.roblox.com/users/10021825866/profile,0,TRUE,,,,
,Missing,not found,,Bobowiski5,<@1402244267136647291>,https://www.roblox.com/users/5483143505/profile,0,TRUE,,,,
,Missing,not found,,Snezz_0x,<@1408167506085941342>,https://www.roblox.com/users/8919720622/profile,0,TRUE,,,,
,Missing,not found,,ceatofl,<@1437621090867351605>,https://www.roblox.com/users/280053958/profile,0,TRUE,,,,
,Missing,not found,,Faz23170,<@1375520897556938896>,https://www.roblox.com/users/8525457323/profile,0,TRUE,,,,
,Missing,not found,,rocky00395,<@746684499731021874>,https://www.roblox.com/users/1521203893/profile,0,TRUE,,,,
,Missing,not found,,Samaritano,<@718182162851168349>,https://www.roblox.com/users/55747682/profile,0,TRUE,,,,
,Missing,not found,,RPG256456,<@1221454973293039638>,https://www.roblox.com/users/2937307516/profile,0,TRUE,,,,
,Missing,not found,,captinrex1ppp,<@1159954578972881017>,https://www.roblox.com/users/1681489489/profile,0,TRUE,,,,
,Missing,not found,,Ranz945,<@833558317560234014>,https://www.roblox.com/users/2490124465/profile,0,TRUE,,,,
,Missing,not found,,Seraphim613_z,<@849204329055387678>,https://www.roblox.com/users/3373173162/profile,0,TRUE,,,,
,Missing,not found,,piyawatyu,<@1306137299956011059>,https://www.roblox.com/users/2760053475/profile,0,TRUE,,,,
,Missing,not found,,Jetoza002,<@970580514463436810>,https://www.roblox.com/users/3148236467/profile,0,TRUE,,,,
,Missing,not found,,dhek1127,<@747001598034575431>,https://www.roblox.com/users/2005976906/profile,1,TRUE,,,,
,Missing,not found,,ezrahanif,<@964830606523502622>,https://www.roblox.com/users/2648474968/profile,0,TRUE,,,,
,Missing,not found,,cod2727889,<@1321493017567432757>,,0,TRUE,,,,
,Missing,not found,,BanconGuy2012,<@1082668423189889185>,https://www.roblox.com/users/2642441822/profile,0,TRUE,,,,
,Missing,not found,,yi_Liow,<@1382260329634857053>,https://www.roblox.com/users/9998878188/profile,0,TRUE,,,,
,Missing,not found,,Dominic2014p,<@1378966017723863050>,https://www.roblox.com/users/2404423219/profile,0,TRUE,,,,
,Missing,not found,,tacos_isamazing,<@1260773925525262427>,https://www.roblox.com/users/1237109372/profile,0,TRUE,,,,
,Missing,not found,,juansito_progamerx,<@1361450799582019835>,,0,TRUE,,,,
,Missing,not found,,AGKSCXZ,<@1409885109716516904>,https://www.roblox.com/users/7664676808/profile,0,TRUE,,,,
,Missing,not found,,SamGaming068,<@1391585915868024902>,https://www.roblox.com/users/2558813121/profile,0,TRUE,,,,
,Missing,not found,,ero5308,<@1332912429776113686>,https://www.roblox.com/users/7529902568/profile,0,TRUE,,,,
,Missing,not found,,Saxonicus,<@1167859442520424555>,https://www.roblox.com/users/4525822676/profile,0,TRUE,,,,
,Missing,not found,,Secondcomingsunder1,<@1381511327381454928>,https://www.roblox.com/users/8289224369/profile,0,TRUE,,,,
,Missing,not found,,WhereIsMyMind143,<@886601501949177947>,https://www.roblox.com/users/7984484169/profile,0,TRUE,,,,
,Missing,not found,,jaredou_122,<@733857866485858425>,https://www.roblox.com/users/3547697030/profile,0,TRUE,,,,
,Missing,not found,,migz11130,<@1045316550472773704>,https://www.roblox.com/users/1910918294/profile,0,TRUE,,,,
,Missing,not found,,Alviero_HT,<@1208474277133811796>,https://www.roblox.com/users/1783994838/profile,1,TRUE,,,,
,Missing,not found,,banana_alloy12,<@1340980433713627159>,https://www.roblox.com/users/8032076727/profile,0,TRUE,,,,
,Missing,not found,,Fredevx54,<@1384230451459391619>,https://www.roblox.com/users/3509059768/profile,0,TRUE,,,,
,Missing,not found,,KecebongRebus,<@1256245664501858324>,https://www.roblox.com/users/1321061170/profile,1,TRUE,,,,
,Missing,not found,,TheDumbHans,<@817063756721946694>,https://www.roblox.com/users/4187908970/profile,0,TRUE,,,,
,Missing,not found,,hunter_fayer,<@655433718743302151>,https://www.roblox.com/users/281767169/profile,1,TRUE,,,,
,Missing,not found,,Irreal_roller,<@1242526885699649616>,https://www.roblox.com/users/4175081660/profile,0,TRUE,,,,
,Missing,not found,,2wentyseven6,<@1383365425479553097>,https://www.roblox.com/users/8037396157/profile,0,TRUE,,,,
,Missing,not found,,Nebula_speedster,<@1376113747831029841>,https://www.roblox.com/users/7849656408/profile,0,TRUE,,,,
,Missing,not found,,kaylelapenda,<@1200461070398136484>,https://www.roblox.com/users/755082668/profile,0,TRUE,,,,
,Missing,not found,,xaleksoo2,<@1373623303322865725>,https://www.roblox.com/users/7867519711/profile,0,TRUE,,,,
,Missing,not found,,the_rock1297,<@1272035839769313302>,https://www.roblox.com/users/3895901431/profile,0,TRUE,,,,
,Missing,not found,,kjkjkjkjkjkj820,<@1387742156315426850>,https://www.roblox.com/users/8370739722/profile,0,TRUE,,,,
,Missing,not found,,lochaguila,<@954211444902215700>,https://www.roblox.com/users/2638387833/profile,0,TRUE,,,,
,Missing,not found,,jackser44,<@1446283425433780264>,https://www.roblox.com/users/1986185926/profile,0,TRUE,,,,
,Missing,not found,,GiantLobster485,<@1323575521216565329>,https://www.roblox.com/users/4611831619/profile,0,TRUE,,,,
,Missing,not found,,nhokminh2019,<@680332886582231053>,https://www.roblox.com/users/954161861/profile,0,TRUE,,,,
,Missing,not found,,agentandrew453682,<@1303258226040766520>,https://www.roblox.com/users/2577386779/profile,0,TRUE,,,,
,Missing,not found,,dekyan2012,<@1297154975041851488>,https://www.roblox.com/users/2025770330/profile,0,TRUE,,,,
,Missing,not found,,Phoenixmploo,<@1180197762428567592>,,0,TRUE,,,,
,Missing,not found,,bilibilihenry2,<@1143841161983828048>,https://www.roblox.com/users/6212659730/profile,0,TRUE,,,,
,Missing,not found,,earicus,<@1056873263088812103>,https://www.roblox.com/users/7602101015/profile,0,TRUE,,,,
,Missing,not found,,winmen23,<@1162683147184509008>,https://www.roblox.com/users/1487199309/profile,0,TRUE,,,,
,Missing,not found,,ufinkhalish,<@1444308413575204988>,https://www.roblox.com/users/9500664088/profile,0,TRUE,,,,
,Missing,not found,,philipsmamairl,<@1324001632169754695>,https://www.roblox.com/users/10171010500/profile,0,TRUE,,,,
,Missing,not found,,agha3775,<@1350110336153292820>,https://www.roblox.com/users/4595247000/profile,0,TRUE,,,,
,Missing,not found,,Wilbertep91,<@1228302767911866450>,https://www.roblox.com/users/5125303471/profile,0,TRUE,,,,
,Missing,not found,,batumbatum2015,<@1282701640150810716>,,0,TRUE,,,,
,Missing,not found,,Zero_14T,<@1225882582340599890>,https://www.roblox.com/users/6011639658/profile,0,TRUE,,,,
,Missing,not found,,Azakiah_5,<@1346042844259029033>,https://www.roblox.com/users/7651117467/profile,0,TRUE,,,,
,Missing,not found,,leonkennedy,<@1106944250601545768>,https://www.roblox.com/users/53916/profile,0,TRUE,,,,
,Missing,not found,,RinduGuluSekolah_W1,<@1416327075035349116>,,0,TRUE,,,,
,Missing,not found,,mintyumyum_89,<@1182940552673624106>,https://www.roblox.com/users/3159514976/profile,0,TRUE,,,,
,Missing,not found,,Darkbeast1242,<@1108349991128404053>,https://www.roblox.com/users/4460974620/profile,0,TRUE,,,,
,Missing,not found,,coff547,<@1146054491397955665>,https://www.roblox.com/users/1893605190/profile,0,TRUE,,,,
,Missing,not found,,iropogigador28,<@1453237099330535618>,,0,TRUE,,,,
,Missing,not found,,Bacontzy234,<@1197752515152859156>,https://www.roblox.com/users/2383671502/profile,0,TRUE,,,,
,Missing,not found,,poularwtwin,<@894151041124294656>,https://www.roblox.com/users/1354219057/profile,0,TRUE,,,,
,Missing,not found,,vilciukas213,<@1125109710429892689>,https://www.roblox.com/users/338301918/profile,0,TRUE,,,,
,Missing,not found,,Galaxy2034786,<@1454491786264445030>,https://www.roblox.com/users/10227925655/profile,0,TRUE,,,,
,Missing,not found,,Brucezwe,<@1163490514948079707>,https://www.roblox.com/users/929687252/profile,0,TRUE,,,,
,Missing,not found,,roblox_user_9655592937,<@1424452509514334218>,https://www.roblox.com/users/9655592937/profile,0,TRUE,,,,
,Missing,not found,,dominuskinggame,<@736776152030380104>,https://www.roblox.com/users/477882763/profile,0,TRUE,,,,
,Missing,not found,,ArmorAaraon575,<@1393534574306263170>,https://www.roblox.com/users/5724858674/profile,0,TRUE,,,,
,Missing,not found,,Fuseliers,<@376307504587472896>,https://www.roblox.com/users/517896204/profile,0,TRUE,,,,
,Missing,not found,,iydga,<@1291264488565375028>,https://www.roblox.com/users/3190949032/profile,0,TRUE,,,,
,Missing,not found,,faz_ash78,<@844101463735140353>,https://www.roblox.com/users/276997250/profile,0,TRUE,,,,
,Missing,not found,,OtherPizarkk,<@1224037496346771511>,https://www.roblox.com/users/1366656449/profile,0,TRUE,,,,
,Missing,not found,,321qwertyuiii,<@1276172981189738598>,https://www.roblox.com/users/4080083577/profile,0,TRUE,,,,
,Missing,not found,,sjiacome,<@1407020739608969449>,,0,TRUE,,,,
,Missing,not found,,WOFFRAHH,<@1307360684194922598>,https://www.roblox.com/users/3432208052/profile,0,TRUE,,,,
,Missing,not found,,veneasternest,<@1423952546216673344>,https://www.roblox.com/users/3602054227/profile,0,TRUE,,,,
,Missing,not found,,Wondering_Soldier,<@705790632286748712>,https://www.roblox.com/users/1573196401/profile,0,TRUE,,,,
,Missing,not found,,no_mercykillus14,<@668048159984975893>,https://www.roblox.com/users/2001160956/profile,0,TRUE,,,,
,Missing,not found,,dcceejkgo90,<@1220894708960591995>,https://www.roblox.com/users/4669120188/profile,0,TRUE,,,,
,Missing,not found,,iamthebestman13,<@913009499835629588>,https://www.roblox.com/users/2289322761/profile,0,TRUE,,,,
,Missing,not found,,TAOLACCNE,<@1349956470078181498>,https://www.roblox.com/users/353475809/profile,0,TRUE,,,,
,Missing,not found,,TracieLevine18,<@1405739432744714331>,https://www.roblox.com/users/9680201662/profile,0,TRUE,,,,
,Missing,not found,,mianne012,<@1196816283199615017>,https://www.roblox.com/users/166905667/profile,0,TRUE,,,,
,Missing,not found,,Tustodo6,<@1009100415322828840>,https://www.roblox.com/users/5334309066/profile,1,TRUE,,,,
,Missing,not found,,phibbberzbbz,<@1287307922904186982>,https://www.roblox.com/users/8858972559/profile,0,TRUE,,,,
,Missing,not found,,Marcus_Robloxians,<@1358314903974318152>,https://www.roblox.com/users/4588993872/profile,0,TRUE,,,,
,Missing,not found,,Ariz_g121,<@1324743152728281119>,https://www.roblox.com/users/7806194905/profile,0,TRUE,,,,
,Missing,not found,,kent0t4n,<@1375169384611315783>,https://www.roblox.com/users/8556764927/profile,0,TRUE,,,,
,Missing,not found,,anime_rp02,<@1123097414434312253>,https://www.roblox.com/users/2742334770/profile,0,TRUE,,,,
,Missing,not found,,Thejackterfamily12,<@1165690734721122390>,https://www.roblox.com/users/2223120545/profile,0,TRUE,,,,
,Missing,not found,,AricTheDragon2011,<@1223179117688655945>,https://www.roblox.com/users/3202661396/profile,5,TRUE,,,,
,Missing,not found,,Norps_Premier,<@1335844668856074372>,https://www.roblox.com/users/3905470040/profile,16,TRUE,,,,
,Missing,not found,Missing,Joseph_Halo2,<@1458435664293924947>,https://www.roblox.com/users/969528947/profile,3,TRUE,,,,
,Missing,not found,Missing,Sayyidul_Imtiyaz,<@821250891062706216>,https://www.roblox.com/users/2575126299/profile,2,TRUE,,,,
,Missing,not found,Missing,gamerplayer977,<@773090652074147840>,https://www.roblox.com/users/1455094483/profile,5,TRUE,,,,
,Missing,not found,Missing,DaBestIsBloxFruitz,<@1446440057375555686>,https://www.roblox.com/users/4573119055/profile,0,TRUE,,,,
,Missing,not found,Missing,bon100099,<@1230324464835756092>,https://www.roblox.com/users/3269803621/profile,2,TRUE,,,,
,Missing,not found,Missing,spiltn,<@1054888063299498005>,https://www.roblox.com/users/6216250770/profile,7,TRUE,,,,
,Missing,not found,Missing,Notrealpump,<@1231978592469123144>,https://www.roblox.com/users/3460824747/profile,76,TRUE,,,,
,Missing,not found,Missing,MUTANTCREEPS,<@1369556948197965844>,https://www.roblox.com/users/1371186285/profile,21,TRUE,,,,
,Missing,not found,Missing,Brad_bruhh,<@1238850540125814877>,https://www.roblox.com/users/3210315108/profile,21,TRUE,,,,
,Missing,not found,Missing,BRUHWHATPRIVATE,<@953156106102931486>,https://www.roblox.com/users/3302752161/profile,13,TRUE,,,,
,Missing,not found,Missing,slowmonk12,<@719163584969441322>,,7,TRUE,,,,
,Missing,not found,Missing,Haydendragon2345g,<@764141880177983518>,https://www.roblox.com/users/1865875832/profile,9,TRUE,,,,
,Missing,not found,Missing,giacuong109,"<@795592536453283840>
",https://www.roblox.com/users/571383121/profile,10,TRUE,,,,
,Missing,not found,Missing,gamer12op7,<@1372510270445981736>,https://www.roblox.com/users/4551080143/profile,10,TRUE,,,,
,Missing,not found,Missing,tuskmasko2,<@1405802230501871647>,https://www.roblox.com/users/8002386117/profile,10,TRUE,,,,
,Missing,not found,Missing,dodofsaf,<@1287803389316694098>,https://www.roblox.com/users/1459419912/profile,3,TRUE,,,,
,Missing,not found,Missing,Raizenpapas,<@1267072807146356829>,https://www.roblox.com/users/7128312159/profile,7,TRUE,,,,
,Missing,not found,Missing,Kingvon7640,<@1057861177994133584>,https://www.roblox.com/users/4881563295/profile,8,TRUE,,,,
,Missing,not found,Missing,Solti_CorsoRElCH,<@1163631584361058375>,https://www.roblox.com/users/30841533/profile,9,TRUE,,,,
,Missing,not found,Missing,kim_seokjin998,<@1465553879591817258>,https://www.roblox.com/users/3686068679/profile,2,TRUE,,,,
,Missing,not found,Missing,keremnoh2,<@751151970902999091>,https://www.roblox.com/users/1631491021/profile,1,TRUE,,,,
,Missing,not found,Missing,Memers4960,<@1487385534866395157>,https://www.roblox.com/users/8039836420/profile,0,TRUE,,,,
,Missing,not found,Missing,ecyoror,<@1439472783062073465>,https://www.roblox.com/users/655254503/profile,0,TRUE,,,,
,Missing,not found,Missing,Arkhistos,<@1488783458904969226>,https://www.roblox.com/users/2220162994/profile,0,TRUE,,,,
,Missing,not found,Missing,rukaminop,<@1489626003297796220>,https://www.roblox.com/users/5631597969/profile,2,TRUE,,,,
,Missing,not found,Missing,HonourableDarylle,<@1340955750213750835>,https://www.roblox.com/users/8718632748/profile,0,TRUE,,,,
,Missing,not found,Missing,NOAH_Cyb3r2007,<@894787977941770290>,https://www.roblox.com/users/9373705973/profile,0,TRUE,,,,
,Missing,not found,Missing,onneyuenn,<@1239474479000715354>,https://www.roblox.com/users/2645863177/profile,0,TRUE,,,,
,Missing,not found,Missing,littlePANZER4,<@1485184104025686097>,https://www.roblox.com/users/8567843937/profile,0,TRUE,,,,
,Missing,not found,Missing,Rachel_maureen,<@945678146802417725>,https://www.roblox.com/users/1002640808/profile,0,TRUE,,,,
,Missing,not found,Missing,liltuffster,<@1494946029588578328>,https://www.roblox.com/users/10835449664/profile,0,TRUE,,,,
,Missing,not found,Missing,sororo2003,<@1494993410610823218>,https://www.roblox.com/users/2697744505/profile,0,TRUE,,,,
,Missing,not found,Missing,momaezai,<@792559863733157918>,https://www.roblox.com/users/1195233007/profile,0,TRUE,,,,
,Missing,not found,Missing,Bestkung_Esort,<@1495023133730537594>,https://www.roblox.com/users/3547892058/profile,0,TRUE,,,,
,Missing,not found,Missing,kepakrieg,<@973560394465542194>,https://www.roblox.com/users/1736064509/profile,0,TRUE,,,,
,A5. Caporal Fourrier,Mercs,Merc,hieue53,<@1083054148490113035>,https://www.roblox.com/users/1899434804/profile,0,FALSE,,,,
,A0. Conscrit,"4eme Fusiliers ""Borodino""",Trial Ranker,PrsidentMeTheGuy,<@1221928689713811486>,https://www.roblox.com/users/5691448208/profile,0,FALSE,,,,
,A0. Conscrit,"4eme Fusiliers ""Borodino""",Trial Ranker,10JohnlvanGaming01,<@903629897128370247>,https://www.roblox.com/users/2821270359/profile,0,FALSE,,,,
,A0. Conscrit,"4eme Fusiliers ""Borodino""",Trial Ranker,JiaQuan234,<@1134822216966619248>,https://www.roblox.com/users/2293447118/profile,0,FALSE,,,,
,A0. Conscrit,"4eme Fusiliers ""Borodino""",Trial Ranker,DeliverFlag,<@1079251927143043112>,https://www.roblox.com/users/3930975652/profile,0,FALSE,,,,
,A0. Conscrit,"4eme Fusiliers ""Borodino""",Trial Ranker,rusjfjskdmdkk,<@1435260581090431031>,https://www.roblox.com/users/4082151517/profile,0,FALSE,,,,
,A1. Soldat,"3eme Fusiliers ""Rivoli""",Full Ranker,jasxcertygj5,<@1505548680831307826>,https://www.roblox.com/users/10811223508/profile,1,FALSE,,,,
,A0. Conscrit,"3eme Fusiliers ""Rivoli""",Trial Ranker,Marok202020,<@1376422081499234314>,https://www.roblox.com/users/3758919515/profile,0,FALSE,,,,
,,,,,,,0,TRUE,,,,
,A5. Caporal Fourrier,"3eme Fusiliers ""Rivoli""",Full Ranker,NATO_123493,<@1449546426710495352>,https://www.roblox.com/users/8638446363/profile,3,FALSE,,,,
,A1. Soldat,"4eme Fusiliers ""Borodino""",Full Ranker,NocturnalWilds,<@1435260581090431031>,https://www.roblox.com/users/7958712402/profile,1,FALSE,,,,
,C1. Sous-Lieutenant ,Mercs,Merc,Randouso21,<@1228907312861675661>,https://www.roblox.com/users/2329203080/profile,0,FALSE,,,,
,A1. Soldat,"3eme Fusiliers ""Rivoli""",Full Ranker,lobotomized_person,<@1184360123158773822>,https://www.roblox.com/users/6087221966/profile,4,FALSE,,,,
,A1. Soldat,not found,Full Ranker,C0opb0,<@1028499124733100092>,https://www.roblox.com/users/2642443110/profile,0,TRUE,,,,
,A1. Soldat,"4eme Fusiliers ""Borodino""",Full Ranker,EXEsansto,<@1389893136159084564>,https://www.roblox.com/users/2650465491/profile,5,FALSE,,,,
,A0. Conscrit,"3eme Fusiliers ""Rivoli""",Trial Ranker,Mu_yle,<@707778958179041372>,https://www.roblox.com/users/1470640166/profile,0,FALSE,,,,
,A0. Conscrit,"4eme Fusiliers ""Borodino""",Trial Ranker,Akultisthewarrior,<@995903753284755537>,https://www.roblox.com/users/3680416617/profile,0,FALSE,,,,
,A1. Soldat,"4eme Fusiliers ""Borodino""",Full Ranker,nuen999,<@1408046346291642489>,https://www.roblox.com/users/1218212522/profile,2,FALSE,,,,
,A1. Soldat,"3eme Fusiliers ""Rivoli""",Full Ranker,NeotheHero26,<@1309896332994936872>,https://www.roblox.com/users/543586360/profile,0,FALSE,,,,
,A3. Caporal,Mercs,Merc,aceofspades_057,<@1076281760901513317>,https://www.roblox.com/users/8728649895/profile,0,FALSE,,,,
,A0. Conscrit,"4eme Fusiliers ""Borodino""",Trial Ranker,joshezra1,<@1420633760369741936>,https://www.roblox.com/users/2943780234/profile,0,FALSE,,,,
,A0. Conscrit,"4eme Fusiliers ""Borodino""",Trial Ranker,GODOKOY,<@1301018535492849744>,https://www.roblox.com/users/2422612326/profile,0,FALSE,,,,
,B1. Sergent,Mercs,Merc,tusemuse,<@719921450349232158>,https://www.roblox.com/users/1191181896/profile,0,FALSE,,,,
,A0. Conscrit,"3eme Fusiliers ""Rivoli""",Trial Ranker,thepersoniskind4you,<@1377199741749690418>,https://www.roblox.com/users/11342559379/profile,0,FALSE,,,,
,A1. Soldat,"4eme Fusiliers ""Borodino""",Full Ranker,quaZavr0,<@1188860940066758749>,https://www.roblox.com/users/9032589529/profile,2,FALSE,,,,
,A0. Conscrit,Mercs,Merc,Kkxrte,<@1491289689297256448>,https://www.roblox.com/users/4008470952/profile,0,FALSE,,,,
,A0. Conscrit,Mercs,Merc,lingkong1145141,<@1482602284931223632>,https://www.roblox.com/users/5797962568/profile,0,FALSE,,,,
,A0. Conscrit,"3eme Fusiliers ""Rivoli""",Trial Ranker,princeabdul143,<@1299979258344509450>,https://www.roblox.com/users/1494242049/profile,0,FALSE,,,,
,A0. Conscrit,"4eme Fusiliers ""Borodino""",Trial Ranker,werter3306,<@1534166714348998749>,https://www.roblox.com/users/6159866936/profile,0,FALSE,,,,
,A0. Conscrit,"4eme Fusiliers ""Borodino""",Trial Ranker,Stelioz1n,<@1351029390401863702>,https://www.roblox.com/users/7284474907/profile,0,FALSE,,,,
,A0. Conscrit,Depot de Montbéliard,Trial Ranker,zjdujb,<@1393995595370467529>,,0,FALSE,,,,
,A1. Soldat,"1er Voltigeurs ""Austerlitz""",Full Ranker,MorganTudor,<@732192574521212938>,https://www.roblox.com/users/1944950928/profile,6,FALSE,,,,
,A1. Soldat,"4eme Fusiliers ""Borodino""",Full Ranker,IbukiIsHereyayy,<@830956140334022686>,https://www.roblox.com/users/7128182068/profile,3,FALSE,,,,
,A0. Conscrit,"4eme Fusiliers ""Borodino""",Trial Ranker,Nothans45,<@1530211306110451724>,https://www.roblox.com/users/11209011099/profile,0,FALSE,,,,
,A1. Soldat,"4eme Fusiliers ""Borodino""",Full Ranker,toto132aa,<@977967620970139658>,https://www.roblox.com/users/1073549657/profile,4,FALSE,,,,
,A0. Conscrit,"4eme Fusiliers ""Borodino""",Trial Ranker,RobloxNooby1654,<@855500469164965889>,https://www.roblox.com/users/2013738163/profile,0,FALSE,,,,
,A1. Soldat,"4eme Fusiliers ""Borodino""",Full Ranker,hauntedbys3n,<@1528257668211413113>,https://www.roblox.com/users/1760074057/profile,4,FALSE,,,,
,A0. Conscrit,"3eme Fusiliers ""Rivoli""",Trial Ranker,smdulac01,<@1097574814060925051>,https://www.roblox.com/users/2273849244/profile,0,FALSE,,,,
,A1. Soldat,"4eme Fusiliers ""Borodino""",Full Ranker,YYFYYYYTYTY,<@366489015920361474>,https://www.roblox.com/users/1031684996/profile,1,FALSE,,,,
,B3. Adjutant,Mercs,Merc,M4rkAltair,<@327226926315864074>,https://www.roblox.com/users/2750391476/profile,1,FALSE,,,,
,B1. Sergent,Mercs,Merc,cxt041711,<@1032420954506268784>,https://www.roblox.com/users/1540896477/profile,1,FALSE,,,,
,A3. Caporal,Mercs,Merc,senbenibilemedinf,<@943155848321069137>,https://www.roblox.com/users/3695205753/profile,3,FALSE,,,,
,A5. Caporal Fourrier,Mercs,Merc,podark334,<@976324666480271370>,https://www.roblox.com/users/1493941413/profile,1,FALSE,,,,
,A1. Soldat,Mercs,Merc,ger5gert,<@1482375389174173727>,https://www.roblox.com/users/3720610321/profile,2,FALSE,,,,
,A1. Soldat,Mercs,Merc,Firemansambest,<@826268427102191657>,https://www.roblox.com/users/2461880586/profile,1,FALSE,,,,
,A1. Soldat,"3eme Fusiliers ""Rivoli""",Full Ranker,13pkimous,<@1536672054001147978>,https://www.roblox.com/users/10504096639/profile,5,FALSE,,,,
,A0. Conscrit,"3eme Fusiliers ""Rivoli""",Trial Ranker,phawat5556,<@1087681243845496914>,https://www.roblox.com/users/1086251415/profile,0,FALSE,,,,
,A0. Conscrit,"3eme Fusiliers ""Rivoli""",Trial Ranker,cxefsczefc,<@1409905381492265084>,https://www.roblox.com/users/4315913867/profile,0,FALSE,,,,
,A1. Soldat,"3eme Fusiliers ""Rivoli""",Full Ranker,Verdun191650,<@1292836931046215832>,https://www.roblox.com/users/5847684753/profile,1,FALSE,,,,
,A0. Conscrit,"3eme Fusiliers ""Rivoli""",Trial Ranker,kpofl,<@1454308625593008152>,https://www.roblox.com/users/3826670523/profile,0,FALSE,,,,
,A1. Soldat,"3eme Fusiliers ""Rivoli""",Full Ranker,StockholmFidger,<@338109530749796353>,https://www.roblox.com/users/846832412/profile,1,FALSE,,,,
,A1. Soldat,"4eme Fusiliers ""Borodino""",Full Ranker,Mikaelcatboy,<@1162651699262017657>,https://www.roblox.com/users/1299728614/profile,2,FALSE,,,,
,A1. Soldat,"4eme Fusiliers ""Borodino""",Full Ranker,masterkakashi_2012,<@1440002178080313374>,https://www.roblox.com/users/3409143363/profile,0,FALSE,,,,
,A1. Soldat,"3eme Fusiliers ""Rivoli""",Full Ranker,Semiautobiografhical,<@1421715424894124144>,https://www.roblox.com/users/10232682238/profile,5,FALSE,,,,
,A0. Conscrit,"3eme Fusiliers ""Rivoli""",Trial Ranker,Grandmaster_02Reborn,<@1537362008515543061>,https://www.roblox.com/users/11488543988/profile,0,FALSE,,,,
,B3. Adjutant,Mercs,Merc,hry1u,<@709387333631344670>,https://www.roblox.com/users/674253959/profile,0,FALSE,,,,
,A0. Conscrit,"3eme Fusiliers ""Rivoli""",Trial Ranker,iujkvbA,<@1537721344396099634>,https://www.roblox.com/users/4257171516/profile,0,FALSE,,,,
,A1. Soldat,"3eme Fusiliers ""Rivoli""",Full Ranker,ciaoamici12343,<@1349074238367203369>,https://www.roblox.com/users/7736391237/profile,0,FALSE,,,,
,,,,,,https://www.roblox.com/users/3133969139/profile,0,TRUE,,,,
,A0. Conscrit,"3eme Fusiliers ""Rivoli""",Trial Ranker,victoryethereal,<@1538099880948400150>,https://www.roblox.com/users/11300933260/profile,0,FALSE,,,,
,A0. Conscrit,"3eme Fusiliers ""Rivoli""",Trial Ranker,Xsegon,<@1125264447355756584>,https://www.roblox.com/users/2469785762/profile,0,FALSE,,,,
,A0. Conscrit,Depot de Montbéliard,Trial Ranker,Rohard269,<@1481928047874674710>,https://www.roblox.com/users/5365445331/profile,0,FALSE,,,,
,A0. Conscrit,Depot de Montbéliard,Trial Ranker,prw1111,<@753147394404647013>,https://www.roblox.com/users/317491025/profile,0,FALSE,,,,
,A1. Soldat,"3eme Fusiliers ""Rivoli""",Full Ranker,Xxarafl134xx,<@692299172426285106>,https://www.roblox.com/users/2451335990/profile?friendshipSourceType=PlayerSearch,0,FALSE,,,,
,A1. Soldat,"3eme Fusiliers ""Rivoli""",Full Ranker,IcyNeptune,<@1063650744059830332>,https://www.roblox.com/users/49662160/profile,0,FALSE,,,,
,A1. Soldat,"3eme Fusiliers ""Rivoli""",Full Ranker,egoralesin423,<@717013299136561272>,https://www.roblox.com/users/1573216222/profile,1,FALSE,,,,
,A1. Soldat,"3eme Fusiliers ""Rivoli""",Full Ranker,holomnh,<@1234060160956104754>,https://www.roblox.com/users/1183135346/profile,1,FALSE,,,,
,B3. Adjutant,Depot de Montbéliard,XO de Compagnie,nexxustheirinco  ,,https://www.roblox.com/users/5851125930/profile,0,TRUE,,,,
,C1. Sous-Lieutenant ,Depot de Montbéliard,CO de Compagnie,Puppywad2 ,,https://www.roblox.com/users/2337225314/profile,0,FALSE,,,,
,B3. Adjutant,Depot de Montbéliard,Etat Major,1Tanyaaaaa ,,https://www.roblox.com/users/1192052175/profile,0,FALSE,,,,
,A6. Honorary Sergent,Depot de Montbéliard,Etat Major,2Sajeedur ,,https://www.roblox.com/users/3001821576/profile,0,FALSE,,,,
,A5. Caporal Fourrier,Depot de Montbéliard,Etat Major,Neospearton2 ,,https://www.roblox.com/users/482767828/profile,0,FALSE,,,,
,,,,,,,0,TRUE,,,,
,,,,,,,0,TRUE,,,,
,,,,,,,0,TRUE,,,,
,,,,,,,0,TRUE,,,,
,,,,,,,0,TRUE,,,,
,,,,,,,0,TRUE,,,,
,,,,,,,0,TRUE,,,,
,,,,,,,0,TRUE,,,,
,,,,,,,0,TRUE,,,,
,,,,,,,0,TRUE,,,,
,,,,,,,0,TRUE,,,,
,,,,,,,0,TRUE,,,,
,,,,,,,0,TRUE,,,,
,,,,,,,0,TRUE,,,,
,,,,,,,0,TRUE,,,,
,,,,,,,0,TRUE,,,,
,,,,,,,0,TRUE,,,,
,,,,,,,0,TRUE,,,,
,,,,,,,0,TRUE,,,,
,,,,,,,0,TRUE,,,,
,,,,,,,0,TRUE,,,,
,,,,,,,0,TRUE,,,,
,,,,,,,0,TRUE,,,,
,,,,,,,0,TRUE,,,,
,,,,,,,0,TRUE,,,,
,,,,,,,0,TRUE,,,,
,,,,,,,0,TRUE,,,,
,,,,,,,0,TRUE,,,,
,,,,,,,0,TRUE,,,,
,,,,,,,0,TRUE,,,,
,,,,,,,0,TRUE,,,,
,,,,,,,0,TRUE,,,,
,,,,,,,0,TRUE,,,,
,,,,,,,0,TRUE,,,,
,,,,,,,0,TRUE,,,,
,,,,,,,0,TRUE,,,,
,,,,,,,0,TRUE,,,,
,,,,,,,0,TRUE,,,,
,,,,,,,0,TRUE,,,,
,,,,,,,0,TRUE,,,,
,,,,,,,0,TRUE,,,,
,,,,,,,0,TRUE,,,,
,,,,,,,0,TRUE,,,,
,,,,,,,0,TRUE,,,,
,,,,,,,0,TRUE,,,,
,,,,,,,0,TRUE,,,,
,,,,,,,0,TRUE,,,,
,,,,,,,0,TRUE,,,,
,,,,,,,0,TRUE,,,,
,,,,,,,0,TRUE,,,,
,,,,,,,0,TRUE,,,,
,,,,,,,0,TRUE,,,,
,,,,,,,0,TRUE,,,,
,,,,,,,0,TRUE,,,,
,,,,,,,0,TRUE,,,,
,,,,,,,0,TRUE,,,,
,,,,,,,0,TRUE,,,,
,,,,,,,0,TRUE,,,,
,,,,,,,0,TRUE,,,,
,,,,,,,0,TRUE,,,,
,,,,,,,0,TRUE,,,,
,,,,,,,0,TRUE,,,,
,,,,,,,0,TRUE,,,,
,,,,,,,0,TRUE,,,,
,,,,,,,0,TRUE,,,,
,,,,,,,0,TRUE,,,,
,,,,,,,0,TRUE,,,,
,,,,,,,0,TRUE,,,,
,,,,,,,0,TRUE,,,,
,,,,,,,0,TRUE,,,,
,,,,,,,0,TRUE,,,,
,,,,,,,0,TRUE,,,,
,,,,,,,0,TRUE,,,,
,,,,,,,0,TRUE,,,,
,,,,,,,0,TRUE,,,,
,,,,,,,0,TRUE,,,,
,,,,,,,0,TRUE,,,,
,,,,,,,0,TRUE,,,,
,,,,,,,0,TRUE,,,,
,,,,,,,0,TRUE,,,,
,,,,,,,0,TRUE,,,,
,,,,,,,0,TRUE,,,,
,,,,,,,0,TRUE,,,,
,,,,,,,0,TRUE,,,,
,,,,,,,0,TRUE,,,,
,,,,,,,0,TRUE,,,,
,,,,,,,0,TRUE,,,,
,,,,,,,0,TRUE,,,,
,,,,,,,0,TRUE,,,,
,,,,,,,0,TRUE,,,,
,,,,,,,0,TRUE,,,,
,,,,,,,0,TRUE,,,,
,,,,,,,0,TRUE,,,,
,,,,,,,0,TRUE,,,,
,,,,,,,0,TRUE,,,,
,,,,,,,0,TRUE,,,,
,,,,,,,0,TRUE,,,,
,,,,,,,0,TRUE,,,,
,,,,,,,0,TRUE,,,,
,,,,,,,0,TRUE,,,,
,,,,,,,0,TRUE,,,,
,,,,,,,0,TRUE,,,,
,,,,,,,0,TRUE,,,,
,,,,,,,0,TRUE,,,,
,,,,,,,0,TRUE,,,,
,,,,,,,0,TRUE,,,,
,,,,,,,0,TRUE,,,,
,,,,,,,0,TRUE,,,,
,,,,,,,0,TRUE,,,,
,,,,,,,0,TRUE,,,,
,,,,,,,0,TRUE,,,,
,,,,,,,0,TRUE,,,,
,,,,,,,0,TRUE,,,,
,,,,,,,0,TRUE,,,,
,,,,,,,0,TRUE,,,,
,,,,,,,0,TRUE,,,,
,,,,,,,0,TRUE,,,,
,,,,,,,0,TRUE,,,,
,,,,,,,0,TRUE,,,,
,,,,,,,0,TRUE,,,,
,,,,,,,0,TRUE,,,,
,,,,,,,0,TRUE,,,,
,,,,,,,0,TRUE,,,,
,,,,,,,0,TRUE,,,,
,,,,,,,0,TRUE,,,,
,,,,,,,0,TRUE,,,,
,,,,,,,0,TRUE,,,,
,,,,,,,0,TRUE,,,,
,,,,,,,0,TRUE,,,,
,,,,,,,0,TRUE,,,,
,,,,,,,0,TRUE,,,,
,,,,,,,0,TRUE,,,,
,,,,,,,0,TRUE,,,,
,,,,,,,0,TRUE,,,,
,,,,,,,0,TRUE,,,,
,,,,,,,0,TRUE,,,,
,,,,,,,0,TRUE,,,,
,,,,,,,0,TRUE,,,,
,,,,,,,0,TRUE,,,,
,,,,,,,0,TRUE,,,,
,,,,,,,0,TRUE,,,,
,,,,,,,0,TRUE,,,,
,,,,,,,0,TRUE,,,,
,,,,,,,0,TRUE,,,,
,,,,,,,0,TRUE,,,,
,,,,,,,0,TRUE,,,,
,,,,,,,0,TRUE,,,,
,,,,,,,0,TRUE,,,,
,,,,,,,0,TRUE,,,,
,,,,,,,0,TRUE,,,,
,,,,,,,0,TRUE,,,,
,,,,,,,0,TRUE,,,,
,,,,,,,0,TRUE,,,,
,,,,,,,0,TRUE,,,,
,,,,,,,0,TRUE,,,,
,,,,,,,0,TRUE,,,,
,,,,,,,0,TRUE,,,,
,,,,,,,0,TRUE,,,,
,,,,,,,0,TRUE,,,,
,,,,,,,0,TRUE,,,,
,,,,,,,0,TRUE,,,,
,,,,,,,0,TRUE,,,,
,,,,,,,0,TRUE,,,,
,,,,,,,0,TRUE,,,,
,,,,,,,0,TRUE,,,,
,,,,,,,0,TRUE,,,,
,,,,,,,0,TRUE,,,,
,,,,,,,0,TRUE,,,,
,,,,,,,0,TRUE,,,,
,,,,,,,0,TRUE,,,,
,,,,,,,0,TRUE,,,,
,,,,,,,0,TRUE,,,,
,,,,,,,0,TRUE,,,,
,,,,,,,0,TRUE,,,,
,,,,,,,0,TRUE,,,,
,,,,,,,0,TRUE,,,,
,,,,,,,0,TRUE,,,,
,,,,,,,0,TRUE,,,,
,,,,,,,0,TRUE,,,,
,,,,,,,0,TRUE,,,,
,,,,,,,0,TRUE,,,,
,,,,,,,0,TRUE,,,,
,,,,,,,0,TRUE,,,,
,,,,,,,0,TRUE,,,,
,,,,,,,0,TRUE,,,,
,,,,,,,0,TRUE,,,,
,,,,,,,0,TRUE,,,,
,,,,,,,0,TRUE,,,,
,,,,,,,0,TRUE,,,,
,,,,,,,0,TRUE,,,,
,,,,,,,0,TRUE,,,,
,,,,,,,0,TRUE,,,,
,,,,,,,0,TRUE,,,,
,,,,,,,0,TRUE,,,,
,,,,,,,0,TRUE,,,,
,,,,,,,0,TRUE,,,,
,,,,,,,0,TRUE,,,,
,,,,,,,0,TRUE,,,,
,,,,,,,0,TRUE,,,,
,,,,,,,0,TRUE,,,,
,,,,,,,0,TRUE,,,,
,,,,,,,0,TRUE,,,,
,,,,,,,0,TRUE,,,,
,,,,,,,0,TRUE,,,,
,,,,,,,0,TRUE,,,,
,,,,,,,0,TRUE,,,,
,,,,,,,0,TRUE,,,,
,,,,,,,0,TRUE,,,,
,,,,,,,0,TRUE,,,,
,,,,,,,0,TRUE,,,,
,,,,,,,0,TRUE,,,,
,,,,,,,0,TRUE,,,,
,,,,,,,0,TRUE,,,,
,,,,,,,0,TRUE,,,,
,,,,,,,0,TRUE,,,,
,,,,,,,0,TRUE,,,,
,,,,,,,0,TRUE,,,,
,,,,,,,0,TRUE,,,,
,,,,,,,0,TRUE,,,,
,,,,,,,0,TRUE,,,,
,,,,,,,0,TRUE,,,,
,,,,,,,0,TRUE,,,,
,,,,,,,0,TRUE,,,,
,,,,,,,0,TRUE,,,,
,,,,,,,0,TRUE,,,,
,,,,,,,0,TRUE,,,,
,,,,,,,0,TRUE,,,,
,,,,,,,0,TRUE,,,,
,,,,,,,0,TRUE,,,,